filename,1,2,3,4,5,6,7,8,9,10,11,12,13,14,15,16,17,18,19,20,21,22,23,24,25,26,27,28,29,30,31,32,33,34,35,36,37,38,39,40,41,42,43,44,45,46,47,48,49,50,51,52,53,54,55,56,57,58,59,60,61,62,63,64,65,66,67,68,69,70,71,72,73,74,75,76,77,78,79,80,81,82,83,84,85,86,87,88,89,90,91,92,93,94,95,96,97,98,99,100,101,102,103,104,105,106,107,108,109,110,111,112,113,114,115,116,117,118,119,120,121,122,123,124,125,126,127,128,129,130,131,132,133,134,135,136,137,138,139,140,141,142,143,144,145,146,147,148,149,150,151,152,153,154,155,156,157,158,159,160,161,162,163,164,165,166,167,168,169,170,171,172,173,174,175,176,177,178,179,180,181,182,183,184,185,186,187,188,189,190,Label
Cold (1),-604.8192,31.754097,17.444843,1.6546867,-0.36402515,-14.876844,-11.842096,-27.749825,-1.6393025,-7.6876087,-24.817396,1.4732733,-26.143658,-0.53195685,0.17316478,-0.044005208,-0.095411874,0.06761264,0.08162336,0.26905134,0.11252306,-0.073379554,0.007987105,0.080119185,-0.05271166,-0.062158085,-0.6081321,-0.07924636,0.06738896,0.111930184,-0.0016811076,0.15067965,0.029110447,0.04994778,0.09840566,-0.0029167067,0.03994964,-0.044703215,-0.05080586,1.2863374e-07,2.6075892e-07,2.6069933e-05,1.3388768e-05,0.00019848594,5.7008234e-05,0.00011658651,6.182469e-05,3.3038796e-05,0.00048622838,0.00020764428,0.00043746392,0.00062185206,0.00034562498,0.00312845,0.000896728,0.0018599153,0.0008032889,0.00046414792,0.0013893972,0.0004282729,0.0009022392,0.0006040814,0.00036272156,0.0004963856,9.225793e-05,0.00017256927,0.00022605697,0.00014100365,0.00030607896,8.7081324e-05,0.00018228129,9.840388e-05,6.374036e-05,0.0002531287,0.00012513544,0.00029612108,0.0001566009,0.0001013242,5.769753e-05,1.9270383e-05,2.1535623e-05,4.4315148e-05,4.3226803e-05,5.369944e-05,8.742482e-05,4.9599785e-05,2.0487827e-05,2.878347e-05,4.97026e-05,7.616996e-05,3.8035174e-05,1.9509087e-05,2.6000927e-05,2.5283927e-05,3.0914776e-05,4.4092692e-05,9.978381e-05,0.00017578952,0.000109318986,9.012702e-05,0.00016763565,0.00013723857,0.00022064667,0.0002074504,6.80664e-05,3.4486966e-05,9.819532e-06,2.7811206e-05,2.3168557e-05,2.2118329e-05,2.0108651e-05,1.8186667e-05,1.6301208e-05,1.3965936e-05,1.171324e-05,9.692402e-06,1.0033124e-05,9.714425e-06,8.085779e-06,2.946561e-06,2.1231237e-06,4.934606e-06,6.2958356e-06,4.909522e-06,7.237639e-06,1.4452565e-05,1.4542173e-05,2.5767478e-05,3.8877042e-05,5.2586263e-05,4.6094152e-05,2.1480773e-05,6.143084e-05,0.00015803422,0.00018360208,0.00024549747,0.00045111266,0.0002775619,7.1301074e-05,7.898408e-05,0.00014106598,5.1432493e-05,1.0167206e-05,6.622187e-06,8.355087e-06,1.3766046e-05,7.813005e-06,5.0478834e-06,1.4313832e-05,9.676703e-05,0.00011546432,4.99394e-05,4.10676e-05,6.7500805e-05,0.00013601268,0.00024137243,0.00012963745,0.0001016065,0.00028035507,0.000340487,0.00020266324,9.242649e-05,4.0747003e-05,0.00011941309,0.000117948606,6.109314e-05,7.829501e-06,0.47893998,0.4749384,0.4738069,0.43889937,0.34158063,0.28696486,0.32321146,0.4212435,0.48106006,0.55595624,0.52987117,0.5717593,20.468249280968042,8.04024600732459,12.036896494220974,12.927393919032555,16.505303544785974,19.4536700510272,42.19634506220557,4267.7254904535375,3015.558095325713,0.06471424,8046.162215523098,ABNORMAL
Cold (10),-592.81995,72.59535,17.908138,17.677048,2.5528984,-17.905182,-26.166885,-14.087086,-19.256454,-6.8194704,-21.49704,-6.45661,-18.31034,-0.52906084,0.078026816,0.018839873,0.03236448,-0.05166127,-0.031911112,0.025040437,0.022644322,0.16835149,0.03360805,0.017370101,0.0072445087,0.08570341,-0.22262515,-0.1119207,-0.13048424,0.00252637,0.096120894,0.04139191,0.07298408,-0.009910322,0.021706566,-0.008941106,0.05560314,0.07092043,0.071735755,2.0479988e-06,4.151585e-06,7.0618057e-06,3.6267397e-06,3.199588e-05,0.00050785026,0.0010717649,0.021322599,0.011394685,0.07186229,0.017622516,0.035897385,0.009495833,0.0052777776,0.00325471,0.0008785398,0.001810153,0.0044147368,0.002550877,0.010128688,0.003144473,0.006630904,0.0030497983,0.0018312557,0.0014528211,0.00029449977,0.00056633446,0.001103735,0.0006884576,0.0028518126,0.0006496415,0.0012753045,0.000540195,0.00034990718,0.00020535034,3.984474e-05,7.142149e-05,4.0037725e-05,2.5905283e-05,3.8709743e-05,1.4240066e-05,1.5964657e-05,3.3106666e-05,1.8470266e-05,1.8920373e-05,2.2094135e-05,2.410308e-05,3.5782963e-05,3.7289705e-05,3.5072964e-05,3.678447e-05,7.004781e-05,4.3332908e-05,2.7984286e-05,3.931055e-05,3.400643e-05,3.529999e-05,0.00011006739,0.0001455103,0.000110487286,0.00012927887,0.00013155339,0.00012204669,0.00012608488,0.000117042924,0.0001382274,0.00015643638,0.00010891302,8.6158514e-05,9.102202e-05,0.00015047363,0.00014908166,8.102743e-05,6.766535e-05,6.0925082e-05,4.3055665e-05,3.4476758e-05,2.2405213e-05,1.0835125e-05,5.0742615e-06,5.6944864e-06,9.104438e-06,1.0160739e-05,1.68084e-05,3.9380106e-05,4.2584597e-05,5.2611882e-05,6.3734784e-05,6.56235e-05,6.514694e-05,3.352824e-05,1.3899424e-05,7.348587e-06,6.2155195e-06,4.8986035e-06,5.864934e-06,6.9872476e-06,9.84218e-06,1.0534374e-05,1.3150394e-05,1.1056371e-05,1.0058862e-05,9.118156e-06,9.11978e-06,1.5688609e-05,1.5894795e-05,1.5012746e-05,1.2839755e-05,8.06045e-06,1.4515059e-05,2.0786372e-05,1.9128454e-05,2.3453425e-05,3.0272775e-05,3.7572216e-05,3.6085305e-05,4.007307e-05,2.8423785e-05,4.410279e-05,3.7679256e-05,1.7920998e-05,6.7724327e-06,6.7276424e-06,3.0738865e-06,2.3993414e-05,8.146735e-05,4.5330147e-05,7.0532956e-06,0.6869527,0.6103484,0.5293415,0.49630004,0.38383588,0.26045176,0.25524884,0.30017978,0.36889398,0.4320554,0.5098297,0.62739843,9.16231252921735,12.14551050923813,12.1885626309661,13.367755868124028,15.885189036996415,16.801876539883065,38.51199204860664,2623.230026135084,2396.8408320374047,0.03455199,4748.0234375,ABNORMAL
Cold (100),-518.89435,49.23938,-2.2801318,11.278651,-9.2225485,-12.085928,-1.3853102,-13.330798,-10.882667,-6.503682,-8.012986,-6.710624,-12.287663,-0.37443313,0.23511982,0.11641994,-0.15271258,0.23365028,0.048907053,-0.054097954,0.106400676,-0.0109707415,-0.048825298,0.071034536,0.035316624,-0.013621925,-0.08538052,-0.018952178,-0.053559415,-0.0009619752,-0.024539853,0.050862264,-0.0049680592,0.07601308,0.02066365,0.0066990545,-0.001552847,-0.04589841,0.016585218,9.0970774e-05,0.00018441073,0.00019161546,9.840819e-05,0.00014343183,0.0002642449,0.00055523904,0.0052506886,0.0028059408,0.015744748,0.0035008776,0.007072327,0.0058481367,0.003250391,0.015046535,0.0020508887,0.0037530328,0.006949806,0.0040156636,0.02467652,0.008059131,0.017109012,0.0075659654,0.0045429952,0.002737099,0.0015803543,0.0036333005,0.0062437155,0.0038945347,0.0127032865,0.0034306624,0.0070852367,0.0030315104,0.0019636378,0.0063431426,0.0024188368,0.0054581156,0.0034254952,0.0022163703,0.0029720305,0.0015006871,0.0016967221,0.0023933703,0.0012826814,0.0012912266,0.0014490881,0.00154685,0.0013339735,0.0015623326,0.0018287305,0.0019937963,0.0013867285,0.0010930976,0.0009210061,0.0006410341,0.0012700227,0.0028234322,0.0023628566,0.0010588483,0.00042875568,0.0003926655,0.00043310766,0.0005254702,0.00053108047,0.000812428,0.0010990994,0.00072197564,0.00048213816,0.0003470621,0.0002408042,0.00025307163,0.00027005433,0.00034478688,0.0007283462,0.00038344084,0.00021781238,0.0003166431,0.0005017414,0.000408526,0.0004322857,0.00079421117,0.0013487756,0.0014153653,0.0010584303,0.00044524507,0.00028472696,0.0001902359,0.00016313563,0.00029130417,0.0005659842,0.00029483723,0.00019899059,0.0002496056,0.0002464803,0.00013626777,7.697778e-05,5.3154807e-05,0.0001033213,0.0002068501,0.00038173597,0.00051657803,0.0006378044,0.001287979,0.0009659391,0.00024860242,0.00013553412,0.00014167528,0.00029791298,0.00041678385,0.00045960088,0.0004328351,0.00010024144,0.000111689034,0.00049972563,0.0006841305,0.00023797073,0.00019043493,0.00010578472,0.00010358388,0.00013081715,0.00016466514,0.00012665345,6.601171e-05,4.66042e-05,0.00019622037,0.0006505096,0.00048874156,2.3092283e-05,0.4913564,0.44634926,0.36362493,0.3166944,0.336943,0.29820397,0.28208682,0.32493222,0.41287124,0.40395808,0.41836512,0.45061317,7.230938030114906,12.935178702694195,15.063281074454892,15.272276983814242,17.283273768610467,19.976476780411748,37.623587452171904,3141.109003387246,2550.0989371783494,0.03420903,5755.517578125,ABNORMAL
Cold (101),-507.10715,18.43973,22.06388,14.780544,-16.980856,-17.242289,-4.3450236,-12.741246,-11.301187,-6.463917,-4.8883166,-10.18856,-10.4388895,-0.2779103,0.2230615,0.28347158,0.13700432,-0.076263644,0.030902507,-0.013649211,-0.10192218,-0.14631501,0.063624695,-0.044258103,0.0061103543,-0.040739752,-0.032924443,0.0207658,-0.012594824,-0.0073204176,-0.020040797,-0.016684772,-9.9604695e-05,-0.0050515416,0.010114272,0.04857294,0.009157665,0.00070324226,0.0246092,4.949992e-05,0.00010034337,0.00020297754,0.00010424342,0.00021536349,0.00019728433,0.00041247098,0.0050848993,0.0027173439,0.024480607,0.008338204,0.017367732,0.003816486,0.0021212003,0.00029473184,0.0004900166,0.0011061239,0.0039661196,0.0022916617,0.01534627,0.007681679,0.017036248,0.00832934,0.0050013647,0.005061562,0.004833518,0.011501223,0.011019853,0.006873663,0.011306402,0.0020669608,0.0037255238,0.0029604228,0.001917591,0.009808604,0.0022326652,0.004313295,0.0009003135,0.00058252254,0.0005196126,0.00015237907,0.00016947354,0.0005329456,0.00045160562,0.00045751367,0.00050295616,0.00093148043,0.0015163291,0.0015061783,0.0012243555,0.00094213954,0.0007291053,0.0005994866,0.0003682528,0.00039229743,0.0007306788,0.00049306697,0.00018778346,9.282468e-05,6.652101e-05,9.250497e-05,0.00018075391,0.00016454427,0.00014699773,0.00013168865,0.00014278702,0.00011805378,0.00011958053,0.00018015073,0.0004906599,0.0015462823,0.0011092516,0.0008455588,0.0009580451,0.0013757603,0.0006157365,0.00031869445,0.0007266192,0.000962976,0.0012249482,0.0041647735,0.011378648,0.009414891,0.0024179807,0.0017430077,0.0025038482,0.0021135358,0.0028963175,0.0049364027,0.0030602615,0.0009080809,0.000674941,0.0005093733,0.0003235,0.00037669338,0.000713135,0.0010366244,0.0011721841,0.0013713058,0.0013522217,0.0032113984,0.004367722,0.0014906249,0.00082665705,0.0008218695,0.0011068744,0.0009696181,0.0013177248,0.0011306835,0.0007263082,0.00025133762,0.00038085788,0.00095723773,0.001732815,0.0009169116,0.00042418588,0.00036942723,0.0004848619,0.00037260228,0.0002567685,0.00018316499,0.00013141698,0.00016601676,0.00031664709,0.00096455694,0.0014367162,0.0009612693,0.00012885056,0.4422554,0.43711886,0.4290969,0.4090687,0.38114032,0.31471866,0.26640862,0.3060361,0.31474307,0.3619448,0.48051503,0.44391713,7.8514604920345095,13.475676295913658,15.562586748482628,15.90756359510808,17.66104284795522,19.3745356593797,37.2444661875091,3892.74714155141,2864.636793522114,0.042607255,7329.692263719512,ABNORMAL
Cold (102),-526.89716,52.975693,3.0939531,13.488316,-4.7874713,-26.222063,-2.5981836,-12.276523,-7.144765,-8.054539,-12.862857,-5.09246,-11.768094,-0.45802158,-0.06665739,-0.119681306,0.009307945,0.16031009,0.06696727,0.052547272,0.003759426,-0.009564206,0.0047570756,0.03720037,0.049457014,0.05300168,0.069537126,0.039847042,0.0061509674,0.02216677,0.030678904,-0.018610984,0.019323362,0.0038380139,0.029329197,-0.028969249,-0.0068226345,0.01540118,0.0329173,7.869149e-06,1.5951886e-05,1.6926737e-05,8.693085e-06,3.0140185e-05,0.00039622773,0.0008360983,0.0073279343,0.00391601,0.021495016,0.00405121,0.00805246,0.0017585007,0.0009773736,0.0005881593,0.00053993927,0.0012021018,0.0048922226,0.0028267729,0.02192196,0.005306376,0.010759387,0.0040984973,0.0024609484,0.0074321902,0.0025087656,0.0054051555,0.005137236,0.0032043646,0.013969133,0.003140112,0.006136865,0.0010228087,0.0006625165,0.0006739401,0.0005929901,0.001499596,0.00254829,0.0016487993,0.0020651282,0.00024458015,0.00025613228,0.00012102859,5.6858364e-05,9.3638126e-05,0.00021097588,0.00021963559,0.00017296313,0.00021977154,0.0002574103,0.00020950074,0.00025427004,0.00043199834,0.0003825493,0.00027812552,0.00024019562,0.00017578989,0.00030927945,0.0005427128,0.0005133295,0.0005559502,0.0006095318,0.00089147687,0.0015629492,0.0012945157,0.0012484919,0.00085911155,0.00078518817,0.0012186283,0.001141135,0.000808006,0.00049847644,0.0004081996,0.00041151006,0.0006651288,0.000968,0.0017146694,0.0020627175,0.0015448276,0.0007788917,0.0007037891,0.0010673677,0.0011719558,0.0004661782,0.00047503467,0.0009050477,0.00079811056,0.0005203167,0.0007702666,0.0006385965,0.00028435967,0.00024251029,0.00023011715,0.00013635145,0.000112430775,5.4531603e-05,5.480746e-05,7.700186e-05,7.3906755e-05,7.273851e-05,4.1356117e-05,4.186752e-05,4.720053e-05,3.6886722e-05,2.5053134e-05,1.160091e-05,2.9667579e-05,3.4220502e-05,4.9464375e-05,4.954668e-05,5.5135988e-05,2.8137356e-05,3.853181e-05,6.4838954e-05,6.781751e-05,5.0657414e-05,6.1023176e-05,4.8695692e-05,5.2932814e-05,6.411996e-05,4.8188253e-05,2.8635734e-05,2.147651e-05,1.9793377e-05,3.7979662e-05,0.0001407325,0.00024149628,1.7526681e-05,0.61592084,0.47608256,0.3429174,0.28653687,0.27362245,0.25573456,0.25274417,0.3271594,0.39997226,0.44651386,0.5112145,0.6106039,7.148777756244718,14.514183751268485,16.343484335506936,16.641451012963092,17.67636060383903,21.489393267831897,38.43045392275002,3057.400445029498,2956.2264288177703,0.02425692,6577.084103146115,ABNORMAL
Cold (103),-523.6251,53.068058,-12.647937,10.577199,-3.109469,-21.162952,-13.121539,-8.92408,-5.6252117,-9.221647,-10.480742,-1.328584,-12.629905,-0.22963671,-0.013852361,-0.16915408,-0.0005049645,0.03579962,0.10315724,-0.017631536,0.016544113,0.09516944,0.040818207,-0.08725366,0.04284079,0.08459848,-0.1693663,0.064764336,-0.056310516,0.010660908,0.03193981,0.0497158,0.051579162,0.0011098626,0.0073645087,-0.0008553176,0.050856482,-0.008873013,-0.0049605416,3.9314973e-06,7.969704e-06,1.1751722e-05,6.035346e-06,3.436555e-05,0.00033883605,0.0007148292,0.004686408,0.002504392,0.017105358,0.0059604333,0.01243089,0.00957913,0.005324074,0.0029634372,0.0009479851,0.0019880454,0.00604022,0.0034900971,0.013861365,0.0032632253,0.0065827444,0.0047270777,0.0028383804,0.009729603,0.006327774,0.014692266,0.015462201,0.009644589,0.011473415,0.002113492,0.0038224088,0.0038970558,0.0025242881,0.0090986,0.005600797,0.013662688,0.0082289,0.0053242785,0.003859172,0.00063656777,0.0006861929,0.0014203659,0.0018291707,0.002437599,0.0043338686,0.0033281962,0.0011558796,0.0010706,0.0016475058,0.0028638695,0.003304769,0.0020213735,0.0011548066,0.0008220601,0.0011381656,0.0010737497,0.00079780136,0.0005302066,0.00031982095,0.00070160546,0.0013284747,0.001651785,0.0015723093,0.0015217109,0.017442638,0.04096898,0.012390635,0.006377485,0.0046092295,0.0028014386,0.0014227681,0.0012419852,0.0011136499,0.00062315376,0.00027315607,0.0002488011,0.00030304142,0.0004129413,0.00047971884,0.0007528844,0.0008278772,0.00051556726,0.00045409144,0.00038333784,0.0004920983,0.00035841353,0.00014005156,0.0001097703,0.0001252403,0.00012816943,0.00015350702,0.00019509297,0.00020595835,0.00019570028,0.00013038464,0.00010647674,8.5653024e-05,7.809266e-05,8.312057e-05,0.000102427104,0.00014157358,0.00018630351,0.00016080082,0.00015741173,0.00022131357,0.00014286482,0.00023456017,0.00040676637,0.00045130015,0.0009430411,0.0012569911,0.0009134827,0.00083652383,0.00056682236,0.00029957114,0.00017883806,0.00010101258,0.0002208594,0.00025390834,0.00029563016,0.00038434003,0.00031403272,0.0004918346,0.00051814754,0.00020248056,0.00021770973,2.9110844e-05,0.5459119,0.42988914,0.37660262,0.31617054,0.2765914,0.2718185,0.24757288,0.2542011,0.31201768,0.358465,0.3619733,0.39330938,8.710084245782873,13.5457851520132,15.625099800143474,16.0577070966228,20.994403266059553,20.03436131248496,37.41480354897104,2873.8779720837124,2393.4843480724367,0.020700889,5147.798407832279,ABNORMAL
Cold (104),-470.3418,46.749065,-27.298592,-8.010821,-9.170153,-20.15704,-6.6902266,-16.62612,-1.1799586,-4.139494,-13.798428,2.273594,-15.907277,-0.47868693,0.12256165,0.08944955,-0.029163409,0.08867813,0.15867576,0.039875977,0.0064961324,-0.07113062,0.12749362,-0.049072284,-0.030284023,-0.004572054,-0.09487266,-0.10364049,0.0870511,0.05126235,0.007888449,0.10803676,0.068043076,0.008330561,-0.026292883,-0.024894627,0.044608463,-0.020459201,0.026355237,3.3651e-05,6.821536e-05,0.00022528302,0.00011569889,0.00025421684,0.00032023416,0.00067134935,0.005273486,0.0028181237,0.013095164,0.0061081727,0.012917217,0.0058831526,0.003269853,0.0016105693,0.0011232055,0.0024761052,0.0066627944,0.0038498265,0.014431095,0.0043923296,0.009237107,0.023051228,0.013841142,0.04449636,0.019863265,0.044480864,0.022585064,0.0140874935,0.032679338,0.00822655,0.016660193,0.016624946,0.010768682,0.034785207,0.009345561,0.019204399,0.0136704445,0.008845077,0.0116217425,0.0035899752,0.004000713,0.018849105,0.010401537,0.01035352,0.011246941,0.015349768,0.008209974,0.008205203,0.009177369,0.009610647,0.012640866,0.012575541,0.021149471,0.032231428,0.021226585,0.010496017,0.0091505945,0.013894428,0.020374358,0.020083746,0.011542159,0.008030845,0.0115351,0.01737884,0.023795256,0.011353008,0.005280028,0.009011092,0.009396894,0.005741263,0.0035757092,0.0031303484,0.002541972,0.002177693,0.0015483468,0.0012283678,0.0015808218,0.0018227859,0.0014873649,0.0013840388,0.002195486,0.0021700128,0.0020623195,0.0023867176,0.004912669,0.0054449565,0.0034945433,0.003933383,0.0042339317,0.0030147086,0.0031085608,0.003415592,0.0036654077,0.0040775524,0.0057383087,0.003892259,0.002614587,0.0014341034,0.0008123953,0.0013144834,0.00083398004,0.00050525833,0.00025795956,0.00013567045,0.00014285596,0.00024734082,0.0003601916,0.0003647081,0.00042040803,0.00069978053,0.0010922089,0.00076414546,0.0005360836,0.00041555348,0.00037824092,0.000600063,0.00037114145,0.00025921807,0.00054137444,0.00059983006,0.0005466117,0.0006025159,0.00046362067,0.0007278266,0.0006529937,0.00052515394,4.7491052e-05,0.37307498,0.38652316,0.42868307,0.39861754,0.3686886,0.33510715,0.28196314,0.31571668,0.33560145,0.43192384,0.4620108,0.40469712,8.411342184411481,13.584994592488354,15.97239492328276,16.48657906541803,20.378625822018666,21.514173074031195,39.5123770139012,2970.1551583583087,2465.6558188573363,0.025798628,5472.415114182692,ABNORMAL
Cold (105),-526.26874,50.010796,-6.0654364,13.048797,-0.83550465,-15.070166,1.3941628,-14.292078,-5.434994,-8.50396,-7.901736,-3.5271564,-12.302124,-0.0526962,0.037650198,0.23739201,0.018578032,0.08587321,0.012552497,0.03567997,0.052482545,-0.119567454,-0.053394455,-0.005512441,-0.038711708,-0.049006686,0.015341398,-0.12856558,-0.08515835,0.043266535,-0.08377078,-0.029735787,0.024562512,0.012123003,0.040601596,0.052706152,0.01824732,0.04167457,0.004574196,2.7049204e-05,5.4832584e-05,6.114715e-05,3.1403415e-05,5.9828293e-05,0.00019884364,0.00041873503,0.0043104487,0.002303481,0.016930241,0.005651154,0.011757235,0.003194137,0.0017752994,0.0036025539,0.0012238102,0.0025806443,0.004156548,0.0024016926,0.02306819,0.006799771,0.014235145,0.004133865,0.002482185,0.0034684876,0.0008996405,0.001843929,0.006602723,0.0041184667,0.019832253,0.0051759672,0.010590647,0.005817793,0.0037684306,0.009451259,0.002104678,0.0040284703,0.00077878084,0.00050388824,0.0010338837,0.00053222524,0.00060201006,0.0026470837,0.0014080222,0.0013749368,0.0014217695,0.0007625342,0.00049075583,0.00053305447,0.0007052148,0.0011016704,0.0023999414,0.0039363606,0.0069394493,0.006848687,0.0064719855,0.0049950704,0.0022420373,0.00080255157,0.000714259,0.0009763883,0.0020359224,0.0033506884,0.0022403053,0.0021144378,0.0022035171,0.0015255322,0.0018434977,0.0020654597,0.0010176073,0.00072993565,0.00048548888,0.00039192956,0.0004087863,0.00046435386,0.00037455466,0.00049473165,0.00052412524,0.00057204266,0.0008827679,0.0011312077,0.0012876036,0.002574851,0.0021020456,0.00088364165,0.00079302344,0.0006384906,0.00053314964,0.0005706203,0.00050326757,0.00029650374,0.00026322223,0.00031217845,0.0004321619,0.00040164692,0.00046316997,0.00034920807,0.0003794523,0.0002795621,0.00011052162,8.309553e-05,0.00017820581,0.00020730692,0.00012272158,6.1071456e-05,2.684833e-05,2.6118358e-05,3.7364734e-05,6.229198e-05,0.00018540911,0.00032084054,0.0003562637,0.00046246126,0.0003505494,0.00024048625,0.0002349206,0.00010299848,6.132829e-05,4.2764867e-05,6.522203e-05,0.00012017297,9.602754e-05,0.000112495516,0.00010032822,0.00017023334,0.00033513427,0.00022302884,1.7227985e-05,0.5495571,0.52654904,0.45319209,0.3595683,0.27331644,0.21591842,0.24146314,0.31989345,0.41600555,0.4470075,0.47590715,0.52083516,6.711079996730882,13.408352313667496,14.203140067424574,14.920702365246711,18.047420441389747,19.372738470382668,37.06150077227677,3059.797528552629,2755.2979813836037,0.034316815,6207.207909058989,ABNORMAL
Cold (106),-520.16406,40.135784,1.6446227,8.431052,-15.2614,-12.619063,-9.5662985,-17.510906,-0.8844661,-12.1705475,-5.3626423,-3.1981776,-5.3164473,0.01355434,-0.23335512,0.007506781,-0.09488345,-0.040579446,0.018106395,0.011986795,0.03519538,-0.0042321733,-0.0047654486,0.020197874,0.0019248809,-0.030370524,-0.36343014,-0.001973598,-0.045647647,-0.0071812673,-0.013150233,0.022805324,0.03929354,0.017621476,-0.008424533,-0.0028101786,0.00051987206,0.017696049,-0.026228568,6.0617726e-06,1.2288075e-05,2.4261939e-05,1.2460234e-05,6.936286e-05,0.00019441958,0.00040921097,0.003455323,0.0018465067,0.008970395,0.0030739899,0.0064050434,0.0019908014,0.0011064862,0.0002735543,0.00048259832,0.0010904393,0.006487495,0.003748536,0.023577139,0.0076820985,0.01630369,0.009579,0.005751725,0.01208206,0.008311329,0.019379742,0.008670115,0.005408007,0.0029535613,0.0012397816,0.0028039943,0.00567896,0.0036785027,0.017120669,0.0057786717,0.012679091,0.003026025,0.001957904,0.0004652794,0.00011001847,0.000121197925,0.0015720166,0.0015831167,0.0016382997,0.0018831977,0.0016806968,0.00082389865,0.0010669185,0.0019007897,0.0035835928,0.0055441773,0.003595075,0.0012724497,0.0006000489,0.000778731,0.00076510885,0.00049312203,0.00035436344,0.00028166347,0.0005988855,0.0007408059,0.00051004515,0.00048215443,0.0006538234,0.00117106,0.0019206244,0.0033671176,0.0048586903,0.004734429,0.005050305,0.0037784337,0.0024107983,0.0012372574,0.0006432841,0.0003339434,0.00023878714,0.00021450613,9.7066004e-05,0.00013908013,0.0001762073,0.00023050256,0.00033131885,0.0006200403,0.000519786,0.00053001114,0.00055007316,0.0004382862,0.0001967249,8.907439e-05,0.00018591492,0.0005635936,0.0008764401,0.0007819981,0.00037017316,0.00021744116,0.00023280935,0.00026605127,0.000331352,0.00039632255,0.0005310138,0.0004323739,0.0006306934,0.0005189891,0.00045769478,0.0004750423,0.0004201254,0.00029117154,0.00042423434,0.00030196985,0.00020216347,0.0003442613,0.0003134219,0.000240591,0.0001445081,4.0687184e-05,3.5445086e-05,6.121034e-05,4.506748e-05,3.0224875e-05,4.2645137e-05,0.00010616466,0.0001599908,0.00015478641,0.00017613302,0.00051919505,0.00042511625,3.9059767e-05,0.44378695,0.4509504,0.4363648,0.44456416,0.39540717,0.32751817,0.23572503,0.19475329,0.24233237,0.32197303,0.38871565,0.3591612,8.282329005488826,12.789939723468322,15.851345251220256,15.935390171492356,18.430244029019686,19.476538665658325,36.6064290469519,3289.716383196098,2648.309899351536,0.03289197,5992.7637625774,ABNORMAL
Cold (107),-496.42157,42.813313,-12.305569,-0.20949003,-8.485699,-20.322134,-11.316142,-14.938992,-0.59787136,-3.0942092,-5.9740415,-1.6741188,-13.326445,0.12709294,0.16736662,-0.17609525,-0.19152004,-0.08742808,0.07407937,-0.017086549,-0.07951223,0.109162785,0.08415209,0.118919596,0.06718991,-0.014098865,-0.33092862,0.051692504,0.09698421,0.03774147,0.038384806,-0.04324056,0.037637267,-0.008544899,0.004016011,-0.029702567,0.015760051,-0.012635905,0.027731635,5.592009e-06,1.1335799e-05,1.6886366e-05,8.672353e-06,3.4919733e-05,0.00028293458,0.0005967772,0.003643627,0.0019471352,0.0075964336,0.0023741194,0.004919914,0.0019829688,0.0011021327,0.0005406309,0.0006378547,0.0014298807,0.004331311,0.0025026728,0.014254298,0.009060319,0.020436553,0.015277683,0.009173507,0.011132155,0.0064096265,0.01473236,0.01642012,0.010242094,0.022159642,0.0071791704,0.015484912,0.014292556,0.009257893,0.01626313,0.004179217,0.008458256,0.0042898213,0.0027756086,0.0035601098,0.0012734454,0.0014264006,0.00225316,0.0020056632,0.0019355102,0.0018406247,0.0013074105,0.0014205395,0.001446497,0.0016830177,0.0028926316,0.0073581585,0.00724245,0.0056685596,0.0043146904,0.0030117224,0.0023794959,0.0025551901,0.0021829542,0.0018886523,0.002407835,0.0015512203,0.0014091515,0.0017049552,0.0014122763,0.0019045161,0.0039353436,0.005125795,0.0070805675,0.002630827,0.0028717467,0.0025873717,0.0014494454,0.0006950016,0.001100913,0.0009189592,0.00070628827,0.0011131744,0.0026709551,0.0019985,0.0009827932,0.00074931636,0.0008030946,0.0006365453,0.00034788196,0.00042362063,0.001491167,0.0008738536,0.00024920923,0.00026856104,9.342126e-05,7.2039904e-05,0.00017053909,0.00015782735,0.00011964573,0.00020287736,0.00021397174,0.0002761868,0.00024203722,0.00021924412,0.00021451987,0.00020206565,0.00036602918,0.0006025727,0.0005857032,0.0004641203,0.0003023961,0.0002885669,0.0003467666,0.00046386334,0.0008168517,0.000996821,0.0013101292,0.0013238031,0.0020434223,0.0009244813,0.00046737987,0.0006002179,0.0004882303,0.00030787976,0.0002161772,0.0007124166,0.0009242127,0.0011759801,0.001940245,0.0016846121,0.000844084,6.5509186e-05,0.3840034,0.38073722,0.40763444,0.39517447,0.33138087,0.34308133,0.3628992,0.31881464,0.32485044,0.36088854,0.40267465,0.34144306,8.196350108590646,11.732674216282378,14.151792652828346,15.362331215084424,19.163371692058043,19.038147465475138,37.93679982564535,3413.292775098995,2530.6257701893837,0.03634394,5866.834984756098,ABNORMAL
Cold (108),-495.6464,44.590054,-1.5635121,15.900497,-3.5982215,-26.723785,-10.748631,-18.178423,-2.4929233,-3.3039606,-5.1567173,-0.54723096,-13.969626,-1.5009556,0.3352642,0.112365186,0.013556862,0.13750176,0.23295282,0.1039342,0.11612392,-0.06273986,0.031356446,-0.09845091,-0.067539796,-0.09186736,-0.02522049,0.13578206,0.019592823,-0.1257131,0.02867719,0.08703291,-0.04785059,0.042604066,0.025785036,0.03214675,-0.0024061052,-0.0096294535,0.017942397,1.4607012e-05,2.9610494e-05,4.2098643e-05,2.162065e-05,6.620103e-05,0.000428427,0.00090340135,0.0069396403,0.0037085079,0.01178722,0.0012117142,0.002193151,0.00026201407,0.00014562726,0.0011997453,0.0034774526,0.007906312,0.019515418,0.011276195,0.025322268,0.007855191,0.016562857,0.008420479,0.005056089,0.024889756,0.019937428,0.04696936,0.02703565,0.016863557,0.01148051,0.0012522946,0.0015684364,0.019483637,0.0126203755,0.057032242,0.0066180998,0.007660829,0.0011335916,0.0007334586,0.00066172256,0.00023827267,0.0002669487,0.00045753035,0.001717655,0.0021161616,0.0033239143,0.0006574073,0.00026621242,0.0004784655,0.0008114804,0.0009567827,0.0010391601,0.0031730684,0.0036453707,0.0017849504,0.001209136,0.001267218,0.0006738825,0.0012894896,0.014521567,0.014696785,0.00214102,0.0011107068,0.0016392375,0.0020236503,0.004625212,0.0031136684,0.0012344047,0.0025266062,0.001267887,0.0013536114,0.0023077596,0.0021739693,0.0009533267,0.0009228971,0.0012997537,0.0015535923,0.0012782724,0.00074681273,0.0006592593,0.0005112941,0.0011026955,0.0017205203,0.0013643322,0.0009460013,0.00060125533,0.00040571392,0.0002791069,0.0001478925,0.00010624828,0.000101615995,0.00012281003,0.00016824831,0.00016220455,0.00037327877,0.00034766487,0.00032589972,0.00018084432,0.00010093384,8.776836e-05,0.00011035385,0.00017949624,9.85315e-05,3.5449353e-05,4.2200798e-05,8.316578e-05,0.00018280032,0.00039086468,0.00035419414,0.00031860385,0.00044578352,0.0004821795,0.00049988076,0.0003822381,0.00024786784,0.00026368033,0.00036951643,0.00024236369,0.0001687296,0.00019039723,0.0001601071,0.00018451085,0.0003835997,0.00028668594,0.00035587556,0.00057399535,0.000357637,4.6395602e-05,0.3788049,0.28526327,0.26287588,0.33159828,0.38667282,0.32749832,0.2515769,0.28011572,0.39989984,0.48798802,0.4886182,0.46393478,7.866728248809278,13.359831829572693,16.772605163088947,16.783809460942177,19.628118286550507,21.237081991716593,37.19868271212116,3201.555314405581,2738.421369754147,0.028124364,6307.270951704545,ABNORMAL
Cold (109),-501.24734,43.05853,4.3078327,4.86969,-3.1130688,-12.582499,-4.6827397,-26.363178,-4.2799654,-9.328216,-6.6827874,2.6540985,-13.178966,-0.32734066,0.44051617,0.13804239,-0.120421596,0.22944045,0.0009211247,-0.05434765,-0.0058649825,-0.062265895,-0.09729219,-0.032923885,-0.022683462,-0.09163246,0.012013125,-0.029321058,-0.049294796,0.015616756,-0.039682336,0.0055391737,-0.038453262,-0.009527365,0.017455924,-0.008821181,-0.0024238122,0.06726059,0.045071643,1.1170244e-05,2.2643671e-05,2.9726527e-05,1.5266687e-05,5.0477156e-05,0.00029936415,0.0006311727,0.004664336,0.0024925966,0.015375431,0.007996596,0.01698181,0.010018686,0.0055683795,0.0021571107,0.0016000287,0.0035359657,0.0081075,0.0046845907,0.0134489685,0.004791746,0.0102815665,0.017313572,0.01039596,0.03627939,0.018511552,0.04206338,0.034317363,0.021405546,0.017107815,0.002535413,0.0040881094,0.002615192,0.0016939703,0.0034539485,0.0012960327,0.0029143775,0.0024051578,0.0015561896,0.0024285524,0.00084411004,0.0009446103,0.0011893775,0.0007964224,0.0009939829,0.0016519071,0.003623333,0.003320609,0.0038244016,0.004654118,0.006211955,0.011339296,0.0077186846,0.005837309,0.00520025,0.003807729,0.0034046413,0.0032970395,0.0026931486,0.0013916461,0.0010127724,0.0013529432,0.0029213163,0.003692895,0.0033224765,0.003540625,0.0023777816,0.0014106694,0.001298502,0.0010817602,0.00076699397,0.00056251115,0.0004127541,0.00030371416,0.00018206859,0.00013712917,0.00010189172,9.584387e-05,8.532604e-05,0.00013888738,0.0002720237,0.00065741106,0.00071105856,0.00055505143,0.00048934226,0.000713116,0.00095646677,0.0012258246,0.0019692215,0.0035934676,0.0031835414,0.0023581933,0.0016918035,0.0030971435,0.0059697707,0.008392362,0.007273445,0.008199718,0.0050992905,0.0023999966,0.0017663866,0.0015313615,0.002377616,0.0014278505,0.00063326093,0.0008144813,0.0007901309,0.00076032255,0.0014010632,0.0015941098,0.0013126809,0.00089518575,0.0007274871,0.0005239836,0.00063483854,0.0006120469,0.0008275481,0.000877967,0.00084825914,0.00066252524,0.00093996996,0.0008800053,0.0011184188,0.0015930597,0.0019548805,0.0030182821,0.0019590037,0.00015580704,0.40887916,0.39193344,0.42120087,0.43805397,0.39394185,0.38611624,0.30823472,0.24630377,0.31317323,0.34070787,0.35537186,0.4045012,8.179298963630098,12.83579435732461,15.072877663845913,15.343323939320726,19.31222703831327,22.374939768952494,36.40809869896863,3310.4051551689763,2677.361783589764,0.027196998,6100.21187610424,ABNORMAL
Cold (11),-582.2289,66.35062,14.388577,29.314016,5.8398438,-23.457384,-28.590864,-14.537322,-19.52485,-12.238911,-19.817131,-5.96073,-21.883665,-0.36524454,0.15646946,0.08000702,0.012540643,0.14832163,0.15986685,-0.07313839,-0.06498461,0.118429214,-0.1472158,0.030842585,-0.007886867,-0.118369885,-0.3295673,-0.251027,-0.1539749,-0.008961673,-0.037658986,-0.029377392,0.15610841,0.057954904,0.030195296,0.18741803,0.049384374,0.013795798,0.13356699,1.6675403e-06,3.380342e-06,6.0497237e-06,3.106964e-06,3.0827603e-05,0.00058757566,0.0012401353,0.024022982,0.0128377555,0.072613075,0.011320483,0.02199705,0.0032396382,0.0018005888,0.0032864038,0.0016125608,0.0034930755,0.006273939,0.0036251417,0.018279003,0.0040532975,0.008081903,0.0018229928,0.0010946187,0.00040202352,0.00030192695,0.00070834305,0.0012636703,0.0007882177,0.00091416267,0.00015583611,0.0002716999,0.00011444305,7.412962e-05,5.1421852e-05,1.9892868e-05,4.5024917e-05,2.1871632e-05,1.4151425e-05,1.4626504e-05,5.1762213e-06,5.795935e-06,1.1338106e-05,6.993818e-06,9.132046e-06,1.6176584e-05,2.3525587e-05,2.1836546e-05,2.4068397e-05,2.3636487e-05,1.6418993e-05,2.160649e-05,1.8969824e-05,1.5171127e-05,1.2676336e-05,1.352968e-05,3.1186497e-05,8.039749e-05,0.00014068196,0.00018046955,0.00015604332,0.00019035394,0.00021008175,0.00016082723,0.00016426435,0.00025658487,0.0002577155,0.00056677096,0.0005317897,0.00036985998,0.00041756043,0.00062986184,0.0007661106,0.00058325013,0.000430973,0.00035103774,0.00022524408,9.954388e-05,7.56826e-05,7.453933e-05,6.0569942e-05,5.4366345e-05,9.922168e-05,8.0421465e-05,7.052331e-05,7.04623e-05,6.951563e-05,8.3713596e-05,6.389855e-05,2.0260677e-05,1.678951e-05,3.405585e-05,7.9285935e-05,5.6940014e-05,3.113115e-05,1.4475969e-05,1.2205778e-05,1.0477065e-05,1.7395276e-05,1.7931416e-05,1.4192449e-05,1.8592089e-05,2.5507701e-05,2.024574e-05,2.8300297e-05,3.2784952e-05,1.926458e-05,8.730375e-06,3.879343e-06,2.0617752e-05,6.0348186e-05,4.2909163e-05,6.0312846e-05,8.2214545e-05,9.815229e-05,7.854192e-05,0.00013858775,0.00016549324,0.00018558034,0.00010136696,5.5676966e-05,4.093628e-05,1.334864e-05,7.2197996e-05,0.00028205983,0.0006210091,0.00047127213,5.1783685e-05,0.7019488,0.55377156,0.44233525,0.37228677,0.2517305,0.20694391,0.23756456,0.3102002,0.43499425,0.51154083,0.6091764,0.7176502,9.646673693727005,12.982766649134566,12.512227927534278,13.378840559101112,16.277182031261958,16.979309956041423,39.42073732292935,2511.8972475314513,2445.9038956670515,0.019727986,4869.6441650390625,ABNORMAL
Cold (110),-516.1135,28.850904,7.210195,27.923841,-9.726357,-25.212442,-9.225973,-18.422535,-9.639685,-0.9652558,-8.394399,-6.2693057,-4.8407297,-0.65979195,0.1670372,0.11472918,0.018887008,0.067350075,0.2155804,-0.05054816,0.09119277,-0.10089491,-0.0027675787,0.078405276,-0.0050881696,-0.045916274,-0.30591837,-0.10504908,-0.026516385,0.055564757,0.14962688,0.06561227,-0.0142519865,-0.020555336,-0.0054455297,0.030281145,0.0553919,-0.009424464,-0.036699165,1.18421685e-05,2.400576e-05,2.4200303e-05,1.2428579e-05,2.6449095e-05,0.00013530125,0.00028519664,0.0032758014,0.0017505711,0.011789524,0.004114208,0.008581165,0.0073013557,0.004058089,0.013385456,0.0028735364,0.0057468098,0.00959773,0.0055456595,0.039862428,0.011440742,0.02385734,0.0038441021,0.0023081966,0.019124918,0.011508885,0.026554303,0.014451702,0.009014287,0.02506589,0.004920119,0.009142893,0.0009153053,0.00059288205,0.0021911561,0.00075478246,0.0016643427,0.00072943105,0.00047195776,0.0012888454,0.000631721,0.0007137556,0.00037310948,0.0001511664,0.00018389667,0.00030341183,0.0005880984,0.0005407221,0.00062745286,0.0007168076,0.0007763765,0.0011140348,0.00065583974,0.00039499172,0.0005272399,0.000618775,0.0006139428,0.00040267888,0.00020713988,0.000333648,0.0024528767,0.003251656,0.001016178,0.0010536634,0.0011774995,0.0011031633,0.0017565263,0.001380744,0.0011822574,0.0010429325,0.00089009816,0.0007780156,0.0008322782,0.0006961059,0.0006669548,0.0006588651,0.00048240667,0.00052645133,0.0010266209,0.0011701974,0.001146799,0.001825296,0.0022500926,0.0016929054,0.0019863755,0.002061969,0.0029204828,0.0012906796,0.00083484605,0.0010100327,0.0009247607,0.0009700091,0.0010154078,0.0009759779,0.0003446122,0.0004955474,0.0003615,0.00015452813,0.00016760163,0.00028704992,0.00043831492,0.0005235765,0.00070819084,0.00054971036,0.0009437364,0.001446529,0.0015074948,0.0009556153,0.0006710669,0.0010850595,0.0020423464,0.0019473546,0.0013814709,0.0009905869,0.0008839928,0.00043031585,0.00039624615,0.00036055176,0.0003770811,0.00040049656,0.0003708699,0.00041618478,0.0003928921,0.0003312829,0.00029696213,0.0007549891,0.00039052576,2.7748598e-05,0.407109,0.39257267,0.35483423,0.3067499,0.3319526,0.33683738,0.28921035,0.29721302,0.33323753,0.39388573,0.4548821,0.430134,7.559227944786954,13.049825637320744,15.42993625539375,14.925123153682586,17.840554089528343,20.669790308873868,37.21118636616875,3464.612320721367,2544.8559919795835,0.031049212,6026.44950929752,ABNORMAL
Cold (111),-483.41724,46.59612,-23.178194,1.916309,-21.140942,-16.598675,-3.5479355,-26.21215,-14.143841,-8.054577,-7.2974114,0.53554046,-11.903501,-0.11553871,-1.30514,-0.22417289,0.44618705,0.35214707,-0.19329873,-0.021075906,0.24026932,0.30787212,0.06353626,0.07521666,-0.013685656,-0.06388595,-0.22826535,0.18846518,0.037522737,0.083672136,0.0643036,-0.09790026,-0.005278108,0.046116542,-0.012166996,-0.059113726,-0.025615487,-0.04249229,0.1341965,5.5452624e-06,1.1241035e-05,1.5312471e-05,7.864045e-06,3.910232e-05,0.00015266705,0.00032162454,0.002934758,0.0015683192,0.009592322,0.008538815,0.018407598,0.026508689,0.014733512,0.022621458,0.005630448,0.011489203,0.022833867,0.013193626,0.04106145,0.016491894,0.035852157,0.028648918,0.017202284,0.04481924,0.017480373,0.038479824,0.037179228,0.023190644,0.035777744,0.006822373,0.012525971,0.007989511,0.005175145,0.012743519,0.0047920533,0.010780868,0.009563768,0.006187967,0.018765088,0.017109053,0.019539094,0.037255887,0.024892142,0.025160857,0.027974183,0.019579802,0.012918608,0.014279897,0.016949214,0.019358074,0.023351569,0.03201075,0.029904,0.016115978,0.013738121,0.016593795,0.014915912,0.01113115,0.009233231,0.01103982,0.01135809,0.00946649,0.0060926056,0.0029880255,0.002263692,0.0020640756,0.0014568974,0.0020150936,0.0018261082,0.0030680841,0.00324601,0.002946449,0.0027715475,0.0010714671,0.00057127577,0.00059501955,0.0012067851,0.0015344799,0.0008563125,0.00093653664,0.0044007613,0.0095937895,0.007620747,0.008568982,0.0074735405,0.0029905834,0.0014961864,0.00124047,0.0014321662,0.0015518222,0.001921888,0.0014999141,0.0020095513,0.0016979427,0.0011462198,0.0013924841,0.001751008,0.0007519496,0.00048573702,0.00088388013,0.0007088833,0.0007574938,0.00050890323,0.0003406845,0.00020619929,0.00016644072,0.00017771464,0.00013309797,0.000107125976,7.794173e-05,0.000103345534,9.090383e-05,0.00018627285,0.00013604305,7.7035904e-05,7.5487456e-05,7.8044184e-05,0.000120782985,0.00011769023,0.00014867587,0.00020345148,0.0001860996,0.00035067223,0.00033133186,0.0002081782,9.666981e-05,1.1173602e-05,0.28482702,0.3090198,0.34405148,0.37750337,0.40560508,0.39207813,0.31699994,0.26922712,0.35075244,0.35918957,0.3244137,0.2975995,7.468811108747534,13.851533646735515,16.090044034093875,16.57862023965155,20.173566333147793,21.1441359606579,38.088871481680286,2802.135062174844,2199.3323267990036,0.025152488,4702.4208984375,ABNORMAL
Cold (112),-512.5912,43.779343,6.8554807,10.503415,-8.935172,-16.096737,1.8795068,-31.699812,-20.921051,-1.1104653,-7.2596555,-6.1831546,-11.875295,0.41847637,-0.9278818,0.12561922,0.038286265,-0.12088268,0.007058532,-0.054103505,-0.025310326,0.0051197475,0.067220606,-0.0026559406,0.101809934,0.15839675,0.23695767,-0.15834329,0.005808929,-0.027390487,-0.07221482,0.0028238897,0.039802425,-0.0034335984,-0.031976372,0.021947732,-0.011425495,0.040501222,0.08241198,8.4780935e-05,0.00017186304,0.0004670793,0.0002398785,0.0011353036,0.00046907237,0.0009688033,0.0060548913,0.0032357022,0.023539942,0.007824174,0.016274203,0.013676918,0.0076016225,0.0059725065,0.0023449801,0.005003891,0.016999977,0.009822748,0.04148934,0.0074534724,0.01415954,0.0059026373,0.0035442472,0.015421242,0.0039008334,0.007950403,0.013739708,0.00857018,0.035440546,0.008725519,0.01755481,0.009210991,0.0059663486,0.0064267465,0.001615774,0.003244648,0.0024269628,0.0015702981,0.0029870938,0.0020444458,0.0023252133,0.004170756,0.0020101226,0.00215009,0.0028035704,0.010813981,0.016213324,0.019280834,0.02134068,0.023480363,0.025293086,0.018554587,0.012517484,0.0072979815,0.010903652,0.020633556,0.0133233,0.004287773,0.003946219,0.0060322005,0.006112967,0.0028876576,0.0016831639,0.0013374684,0.0010554875,0.0009805254,0.00086898846,0.00034933118,0.000114085735,0.00017668777,0.00028001794,0.00027511254,0.00032471478,0.0003219066,0.00023990401,0.00023551937,0.0003163236,0.00085087947,0.0008907047,0.0011332812,0.0025118252,0.00449217,0.002966491,0.0022480479,0.0026749566,0.0026354254,0.0020602946,0.0013892276,0.001161831,0.0009938042,0.0005554715,0.0006023085,0.00044786965,0.00043576647,0.00036851616,0.00022574255,0.0002844163,0.00024001047,0.0001927221,0.00021764562,0.00017751008,0.00030929263,0.0003090477,0.0005176022,0.00037236948,0.000272867,0.0004261772,0.00039606163,0.00039952094,0.00052265695,0.000924112,0.0009871983,0.00066228636,0.0005857739,0.0005535595,0.0004972713,0.00025675018,0.00022072019,0.00026784,0.00021927485,0.00022581502,0.00017979788,0.00024383201,0.0005807124,0.000560116,0.00039617476,5.2286206e-05,0.41327754,0.2824582,0.24918948,0.29151398,0.27250978,0.26829213,0.30883723,0.38414684,0.46254152,0.5114659,0.5080587,0.49097595,8.213065565389368,14.500813299072092,16.819128214651396,17.19935181644705,19.287510450406362,22.380615818433647,37.934582759517795,3199.3056296485,2620.409809677413,0.023211017,6074.915364583333,ABNORMAL
Cold (113),-525.30066,78.55254,-8.09937,5.0447845,-10.920289,-17.611189,-2.7761185,-29.592848,-18.935644,3.2533593,-7.27948,-0.61061114,-5.01536,-0.5405203,0.06390484,0.101135544,0.2699298,0.35063386,-0.123005815,0.03153196,0.20923962,-0.045239195,-0.10719774,0.020029526,-0.07608777,0.021686116,-0.19446538,0.029051498,0.016321486,-0.008231085,-0.025960874,0.07896035,-0.010950719,0.04790539,0.027845006,0.025070488,-0.025403788,-0.028852867,-0.015649969,9.3483184e-05,0.00018950374,0.00039384663,0.00020226827,0.001091402,0.00035782732,0.000734737,0.0033482988,0.0017893135,0.010500756,0.004594165,0.009689297,0.005965796,0.003315785,0.003740921,0.0038691713,0.008644249,0.017350951,0.010025544,0.025484039,0.0128515065,0.028518744,0.029347943,0.017622018,0.032645214,0.010285157,0.021903927,0.016471997,0.010274452,0.013753404,0.0016706333,0.0023247544,0.001286557,0.00083335745,0.0054369397,0.0027174824,0.006441677,0.0044187056,0.0028589985,0.0029957644,0.0007742682,0.00085654116,0.0028796145,0.0053993007,0.0066483696,0.010521758,0.0075139445,0.0037090923,0.0050400086,0.011023011,0.02554571,0.01868023,0.004010564,0.0020021363,0.0035356844,0.010633438,0.013407526,0.006856425,0.0019752383,0.00089643046,0.0006867602,0.0013323195,0.0019336417,0.0015894342,0.0008918382,0.00048643735,0.00027552803,0.00018345792,0.00023260141,0.00021588198,0.00025234435,0.00018816144,0.00016656105,0.00022651488,0.0003245179,0.00046537086,0.0012885319,0.0017544699,0.00078867696,0.00046795522,0.00029806606,0.00022866395,0.0002702617,0.00042499474,0.00054765615,0.0008616851,0.0018124391,0.0012997239,0.00023499483,9.617615e-05,0.00010339307,0.0001396083,0.00014363774,0.00016578795,0.00022407455,0.00022123886,0.00010679809,6.0523562e-05,3.3276287e-05,1.3867701e-05,1.2175602e-05,1.77382e-05,1.3675961e-05,9.240339e-06,2.0465814e-05,5.202032e-05,3.6629503e-05,4.002729e-05,1.8689178e-05,1.6563296e-05,4.0993124e-05,5.6547462e-05,4.7568745e-05,2.9331408e-05,1.8234585e-05,1.3177165e-05,1.6311773e-05,9.445418e-06,4.9623836e-06,3.969216e-06,7.3909728e-06,1.6211688e-05,1.4305699e-05,1.6362961e-05,2.8717552e-05,3.1567022e-05,2.0176061e-05,2.1852215e-06,0.3463722,0.3111132,0.38027006,0.41340482,0.40657046,0.42242652,0.35354215,0.264658,0.25936916,0.32907355,0.37969184,0.39136016,7.56132061888413,13.475290455804586,16.56760555891221,16.587809684472155,18.97402715026439,21.98773321730862,38.78736463237167,2318.408117465531,2390.0560661452855,0.016831096,4303.8621471774195,ABNORMAL
Cold (114),-479.16992,34.73653,-4.568142,-8.066258,-5.81522,-31.516638,-11.981562,-20.09939,-6.7039323,-11.746821,-7.3303127,1.4985038,-7.32351,-0.69986814,0.035886418,0.12975365,0.1451778,0.0475519,-0.00935916,-0.0013902496,0.13089724,0.15179929,-0.04171928,-0.12296689,0.050781555,-0.004300419,-0.06996563,0.06430964,0.05552852,0.020403966,-0.02317277,0.13399053,-0.03695987,0.01260037,0.09251419,0.078974865,0.0018293456,-0.00981391,0.02728977,8.119858e-06,1.6460108e-05,1.9380459e-05,9.953244e-06,4.0224284e-05,0.00023605817,0.00049769174,0.004912806,0.002625378,0.01702781,0.0050737625,0.010482531,0.0077574146,0.0043115667,0.009484469,0.003138059,0.0066015474,0.008057284,0.0046555763,0.016093902,0.0063500977,0.01377938,0.023614647,0.014179447,0.09236315,0.025766917,0.05363234,0.021321584,0.0132993935,0.024327831,0.0064627696,0.013288288,0.013924297,0.009019356,0.016145827,0.0038772672,0.0076532615,0.002499676,0.001617345,0.00094044424,0.0009704027,0.00110983,0.004880128,0.004712317,0.00555332,0.008328985,0.0057316506,0.0029818134,0.0030772935,0.003499582,0.003373515,0.0025434932,0.0016180543,0.0014158372,0.0008706394,0.00055386237,0.0008335918,0.0010652641,0.0006574408,0.0008653192,0.0018639382,0.005788639,0.0101166945,0.009558452,0.01012105,0.012340944,0.010103006,0.008107331,0.009010827,0.004489475,0.0018756209,0.0016578472,0.0031485683,0.005672283,0.0037674555,0.0014144849,0.00091745413,0.00067384524,0.0002924352,0.0003315117,0.00058352784,0.0005987613,0.0006917004,0.0008032183,0.0004644217,0.00028109326,0.00059815653,0.00081202807,0.00070625026,0.00064241065,0.00039036322,0.0003091266,0.000340813,0.00030164124,0.00041207118,0.00031951742,0.0005325488,0.00073495903,0.0005448756,0.0004250113,0.00055249716,0.0012321365,0.0017599558,0.0017149546,0.0017513258,0.0016086164,0.0013217618,0.0012016202,0.0015388969,0.0031093897,0.0066683986,0.013420117,0.017158989,0.012782207,0.0031193749,0.0032456117,0.0037326673,0.0017274175,0.002003673,0.00086403807,0.0012454718,0.0016995321,0.0011864478,0.0024574841,0.0023193813,0.002209712,0.0017884606,0.00023364555,0.30522576,0.28241768,0.3283799,0.44222528,0.41697282,0.30522498,0.24876362,0.25183204,0.33755344,0.4050849,0.37540156,0.36001918,7.379984827107256,13.106691379275645,15.854178630734804,16.492059767126246,19.373571647700977,21.712722817702225,36.58115516861244,3558.8251902703955,2749.571411697602,0.026056068,6706.979132933938,ABNORMAL
Cold (115),-488.58066,49.294838,-21.871063,5.4961224,-10.772246,-23.548218,-17.401758,-6.961271,-4.277384,-0.9913048,-3.1307745,-3.1939912,-12.181165,-0.6766058,1.4216521,-0.04507749,-0.23952211,0.07646002,-0.18099819,0.09151654,0.018594626,-0.23609777,-0.03026589,0.03697783,-0.021652382,-0.06537084,-0.42090696,0.012320746,-0.19803847,0.04762916,0.15379526,-0.05223712,-0.019281607,0.05972353,-0.023325395,-0.05146857,0.048401427,-0.047356997,-0.04286098,0.00012881853,0.00026113348,0.00044217368,0.00022708769,0.0006759964,0.00034424724,0.00071399746,0.0043830667,0.002342288,0.014958285,0.005462131,0.011420463,0.006115323,0.003398893,0.0035443853,0.0014322482,0.0030628012,0.012830756,0.007413734,0.040224385,0.016520161,0.03599449,0.028079193,0.016860189,0.041760284,0.024944363,0.05751752,0.045353997,0.028289676,0.030237537,0.006395328,0.012232856,0.0082452735,0.005340813,0.010106241,0.0029609033,0.00625207,0.002445232,0.0015821184,0.0014854494,0.0015611583,0.0017858204,0.005182576,0.002397677,0.0021748645,0.001795244,0.0010606652,0.0007645511,0.0009573663,0.0012624001,0.0015565314,0.0019104067,0.0024843575,0.0025300572,0.0022218614,0.0018267302,0.0010725539,0.0005910012,0.0006481834,0.0009850273,0.0015634643,0.0021333944,0.002556392,0.002613206,0.0038567234,0.0042324727,0.0035568106,0.00403911,0.0056326757,0.00381838,0.0023284256,0.0022576116,0.0023997652,0.0019284594,0.00197462,0.002344537,0.0021786068,0.0021594986,0.0026827063,0.0018761548,0.001515344,0.0014456991,0.0012292967,0.0012833724,0.0012165032,0.0009542446,0.00062316254,0.00037767002,0.00041077932,0.00061549095,0.0011958617,0.0010711064,0.00079016056,0.0008535754,0.0010322788,0.001246699,0.0016049753,0.0014108322,0.0016738445,0.00138259,0.0018565573,0.0015233912,0.0008623921,0.00085041055,0.00058904383,0.0005424545,0.0007225877,0.0010696804,0.0010488516,0.00079675263,0.00083508086,0.0010181669,0.001202633,0.0018553965,0.0012409614,0.0006070635,0.0004303441,0.00026887603,0.00018906007,0.00014060232,0.00016291691,0.0001671924,0.00011975404,0.00012344503,0.00039433464,0.0005640007,0.0003639182,3.7980684e-05,0.3626282,0.38620552,0.3884585,0.40565577,0.41585705,0.41153264,0.38134348,0.3448313,0.2864317,0.2665798,0.3034111,0.3295849,7.561041947984392,13.295869738528149,15.395431089937183,17.43136284419739,18.45877613109722,19.358912860245564,40.15020832439988,2757.96393235392,2339.931854479331,0.020691048,4912.1936468908625,ABNORMAL
Cold (116),-494.33047,15.306594,6.3001366,6.1786566,-0.44096336,-25.293882,-11.580396,-11.748032,-14.952811,-8.273666,0.437008,-2.0298803,-15.348585,-0.43103576,-1.1682804,0.5096242,-0.021011254,0.17651823,0.3501805,-0.083493315,0.2663726,0.14474107,-0.06713851,-0.02534115,0.016981846,0.091092795,-0.259667,0.09841083,0.010402462,-0.0666569,0.009635149,-0.035623066,-0.007954228,0.048305508,0.0660612,0.020516714,0.0054034223,0.014462854,0.038935635,2.0331598e-05,4.121504e-05,7.006746e-05,3.598463e-05,9.937588e-05,0.00020910634,0.0004396502,0.004501021,0.002405322,0.014196873,0.0034263472,0.006970502,0.002132328,0.0011851465,0.0013829615,0.0020549784,0.0046294183,0.02644168,0.015278256,0.053983297,0.009270498,0.017399307,0.008031322,0.004822419,0.0095826825,0.0046258005,0.010450383,0.018657865,0.011637893,0.038314585,0.012793195,0.027768485,0.018917747,0.012253828,0.011241545,0.0021590486,0.0038491278,0.0029374694,0.001900607,0.004138041,0.0017905592,0.0020168223,0.002589449,0.0013963745,0.0016976598,0.0027463126,0.007192551,0.0049245195,0.0037193072,0.0027427352,0.0035449958,0.004788196,0.003898979,0.0037445985,0.006436374,0.0111651635,0.014384122,0.015966777,0.015539034,0.007787519,0.0015517287,0.0006269747,0.0009376884,0.0015332462,0.003422965,0.0035671773,0.0024766007,0.0031325382,0.0022841766,0.0019797503,0.0025501396,0.0027759483,0.0012942891,0.0010472707,0.0012626105,0.0013906735,0.0010487082,0.0014764596,0.0034571274,0.003536427,0.0032643105,0.0062316908,0.004634221,0.0011359524,0.0006723285,0.0006229868,0.00031569728,0.00030565535,0.00033314835,0.00018392241,0.00016260023,0.00014582642,0.00024283305,0.00050329807,0.0004405149,0.00038466815,0.00027349713,0.0004932663,0.0016438076,0.0030229539,0.0028367988,0.0020583675,0.0016386212,0.00064879726,0.00035403125,0.0003700599,0.0010533114,0.0017067383,0.0017058027,0.0026324214,0.0032804643,0.0031258084,0.0034005025,0.002920139,0.0015210985,0.00079039374,0.0007474954,0.0005616622,0.00040307132,0.0003469973,0.0003754993,0.00055656186,0.0005789333,0.00042807372,0.0006136572,0.0018578345,0.0012367329,7.674855e-05,0.33149856,0.29398665,0.2924137,0.37050644,0.31711665,0.29392284,0.3470202,0.3927231,0.41739705,0.45849508,0.40124995,0.3574955,8.268198266211417,12.85954036643122,15.252444564624438,16.003986838329848,19.179312295902633,22.66528792796663,38.50693625827776,3984.5759447310697,2626.7905488038823,0.030598067,6889.732431994818,ABNORMAL
Cold (117),-488.68253,49.78421,-12.165027,9.687854,-5.7606587,-25.084112,-5.630118,-17.62021,-20.367115,-7.3727074,-5.4394135,-6.528974,-15.250041,-0.63150024,0.5621211,0.27789587,-0.07281484,0.10561442,0.21721506,0.10787126,-0.1169596,0.035269562,0.0057318127,0.054160543,-0.035867263,-0.006641762,-0.16725487,0.3813023,0.1059144,0.0117986705,0.027321914,-0.04308326,0.060784094,-0.012930754,-0.027062152,-0.036713097,-0.035116255,-0.027101481,0.064731486,0.000118713964,0.00024065012,0.00046148812,0.00023700701,0.0004928345,0.00050797255,0.0010632188,0.0052850596,0.0028243081,0.022224633,0.0074765505,0.015561981,0.005959228,0.0033121353,0.003876615,0.0037588906,0.008382493,0.007608857,0.0043964693,0.014013086,0.006664209,0.014717387,0.0073519824,0.004414508,0.022781184,0.007937156,0.017186709,0.008123922,0.005067318,0.004772747,0.004917944,0.012155592,0.022576673,0.014623867,0.037692722,0.006834693,0.011798697,0.0022097414,0.001429751,0.0017111467,0.0006990896,0.0007861969,0.0082585495,0.007965685,0.007029612,0.0046342816,0.0016027521,0.0015887044,0.0036087034,0.007842597,0.015446519,0.015281775,0.0041640582,0.0019446425,0.0016029443,0.0026786735,0.009745398,0.01826387,0.014231789,0.0049153576,0.002036083,0.002198102,0.0026522775,0.006042864,0.010649001,0.008570434,0.0021944814,0.0019117761,0.005013489,0.005502254,0.0047844667,0.003148698,0.0033045774,0.0038534072,0.002282748,0.0013518336,0.0022444045,0.0032633415,0.0024051655,0.003947919,0.010692356,0.011982593,0.0075488985,0.0061460123,0.0028238667,0.000946962,0.00049177924,0.00046950698,0.00016910573,0.0001392629,0.00014972623,0.00015543218,0.00026733824,0.00029495862,0.00046338554,0.00057535456,0.00042127562,0.00032306908,0.00010598959,7.36006e-05,7.073369e-05,6.270172e-05,6.1783016e-05,9.097545e-05,0.00010218628,6.196129e-05,3.696616e-05,2.7765043e-05,4.670654e-05,0.000107197346,0.00016146428,0.00016878352,0.00014730735,0.0002798638,0.00015651813,9.435486e-05,0.00011311657,0.00014007371,6.650233e-05,4.410995e-05,0.0001221612,0.00012084867,7.1728304e-05,0.00012976606,0.00031499934,0.0003993782,0.00014833194,1.9485005e-05,0.32797754,0.37761736,0.35377905,0.3731954,0.38509122,0.32508302,0.3062362,0.4036782,0.43282887,0.3911367,0.36994728,0.3305187,8.665497427505837,14.197972604390275,16.20091434836334,16.68591110321565,20.229499077220442,23.229043800303863,37.507249533236354,2950.066373680578,2626.0366539454817,0.018211504,5693.459782130281,ABNORMAL
Cold (118),-488.9544,35.899937,-7.24783,19.84734,0.35315368,-28.757292,-14.369234,-7.8772516,-10.457643,-4.152114,0.47106904,0.3127555,-12.182558,-0.9563575,-0.23577228,0.5780851,0.10525345,0.15134865,0.09848265,-0.032189965,0.035223067,0.012257746,0.11745777,0.12211982,0.13926096,0.060529433,-0.36140233,-0.074072726,0.0092966845,0.032459337,-0.03277463,0.033390567,0.04726204,0.009214387,0.0044476646,0.031483397,0.0444803,0.00058674696,0.107552305,0.0002184264,0.00044278137,0.00095992157,0.0004929881,0.0011866064,0.00055154786,0.0011419781,0.005570196,0.0029766837,0.011931984,0.0022815303,0.004541894,0.0007308153,0.00040618665,0.0016713745,0.0025838641,0.005825167,0.01374469,0.007941814,0.02889021,0.009200988,0.019469162,0.024114184,0.014479395,0.03288463,0.020397529,0.047181726,0.028921222,0.018039687,0.008798508,0.002214168,0.004483645,0.017495435,0.011332535,0.024385296,0.005686697,0.0110957045,0.006551796,0.0042391554,0.004082093,0.0003145019,0.00031094864,0.003030736,0.005737086,0.0058056596,0.006135805,0.005014192,0.0027878797,0.0035539865,0.006644927,0.013995977,0.019684792,0.019129142,0.0098543465,0.0033989865,0.0012752813,0.0007085397,0.000596778,0.008255923,0.016033985,0.0061876625,0.0032816336,0.003029955,0.0012757357,0.003084484,0.0052211713,0.005713142,0.0036768285,0.0041269544,0.009185453,0.01693478,0.017520176,0.011530735,0.009913455,0.011937031,0.009349777,0.00495026,0.0028276197,0.002999168,0.0035079839,0.003256455,0.00307282,0.0031077208,0.0023127797,0.0026036953,0.0022891301,0.00088736595,0.001007886,0.00044120403,0.00022228698,0.00011550413,7.109621e-05,0.000104578125,0.0004206885,0.0003519599,0.00018399581,0.00015258262,0.0002555355,0.00023454598,0.0002100306,0.00037794808,0.00034480327,0.00039640846,0.00066659733,0.0007653367,0.00063296966,0.00033554368,0.000339733,0.00085949106,0.00094565173,0.0007933998,0.0007484035,0.0015051279,0.0028350337,0.0036618568,0.002015459,0.0011481602,0.0012116352,0.0006055622,0.00047679627,0.0006755091,0.00043178422,0.00045802124,0.0010126774,0.0012037294,0.0017503088,0.00088413194,0.00010741109,0.35184368,0.33697498,0.39595115,0.45702523,0.457744,0.38624093,0.3300484,0.2605794,0.30855036,0.38978046,0.4403963,0.3918824,8.275969736734783,12.164564913902781,14.366278548107477,14.86020677226497,18.608580913098923,22.040512032865966,38.15145174784335,3470.797907866765,2332.3213135076026,0.031235654,5473.802649456522,ABNORMAL
Cold (119),-501.57065,42.742157,-1.3922052,3.412226,-10.825066,-18.444828,-10.131114,-13.842231,-14.01893,-4.18882,-3.8744135,-5.643176,-15.157205,-0.45025954,0.39438093,0.06190151,-0.095425844,-0.06568217,0.0510519,0.026423354,0.0026012398,-0.045085665,0.14288169,-0.0037382334,-0.028979186,-0.05459101,-0.04924649,-0.060331784,0.012655996,0.04544937,0.025528852,0.13706349,0.0019532628,0.044522543,0.01656691,0.04581828,-0.014340103,0.010118296,-8.784607e-05,4.5937986e-06,9.3122835e-06,1.6153197e-05,8.295817e-06,3.5403813e-05,0.00025446783,0.0005366575,0.006065378,0.0032413062,0.018657276,0.004323677,0.00876618,0.0049904585,0.0027736938,0.002372839,0.0016817389,0.0037098415,0.009030986,0.00521819,0.017808618,0.004415822,0.008992372,0.016357664,0.009821983,0.03049475,0.007335351,0.014774708,0.008031698,0.0050097927,0.011231315,0.004791421,0.01086396,0.010804612,0.006998604,0.015227492,0.004080314,0.008377375,0.0057030194,0.0036899783,0.010037287,0.002352883,0.0025908514,0.0029332854,0.0020475897,0.0024019654,0.0036242858,0.008280521,0.0058340533,0.0045346087,0.0032854108,0.003564854,0.006325179,0.005256772,0.0055412296,0.005120417,0.004477578,0.003362616,0.003493522,0.0044223,0.00691292,0.0054286118,0.0009846161,0.00021795706,0.00035548073,0.001200031,0.0025681437,0.0021768594,0.0022944915,0.0038911328,0.0045270124,0.004312556,0.003523286,0.002379396,0.0019338336,0.0016870401,0.0009990046,0.00074993534,0.002398154,0.0025111395,0.0011741881,0.0015445054,0.002505832,0.0015555373,0.0015411682,0.0012345857,0.00079464476,0.0016479727,0.0019516852,0.0008800285,0.00021429552,0.00014007189,0.00011341456,0.00010572663,6.93712e-05,9.452347e-05,0.00023380076,0.0003318244,0.00028485118,0.00020450997,0.00010789039,7.265838e-05,7.1350325e-05,6.63245e-05,7.682585e-05,0.00014140678,0.00014120937,0.0001941588,0.00042772415,0.00031710498,0.00020357448,0.00012564921,0.0007305593,0.001208208,0.0015881651,0.001323439,0.0017048769,0.00089344644,0.001625129,0.0032079457,0.0024612523,0.00072404306,0.00049201766,0.00067426404,0.0005565777,0.0002698157,9.72572e-05,7.976394e-05,2.587574e-05,0.40117684,0.36811846,0.3944167,0.4185439,0.3518709,0.2774622,0.24955447,0.28201997,0.33676195,0.38539895,0.37135231,0.3948137,7.756459029821428,13.856331276221935,15.661115559738313,15.63044414913991,18.271444318688545,19.55914641474861,40.1990668531558,3320.0944808693994,2628.1446802213286,0.032795005,6091.541290283203,ABNORMAL
Cold (12),-606.9687,87.44584,15.852977,17.493406,-11.721738,-21.863071,-16.72868,-5.205932,-14.578704,-13.884343,-7.8223224,-25.485119,-11.733901,-0.40787292,0.34092045,0.05090268,-0.25181785,0.094909206,0.05203001,-0.08261211,-0.041481398,-0.019788517,-0.12553881,-0.04553187,0.10684377,-0.088011056,-0.031064386,0.019131305,-0.057046168,-0.08238913,-0.0014290368,-0.0028033021,0.011311765,0.040349394,0.015218498,0.026815603,0.023742607,0.035780832,-0.016023481,4.892685e-06,9.918169e-06,1.8299224e-05,9.397955e-06,4.4149525e-05,0.00046695897,0.0009851864,0.018034782,0.009637694,0.064810865,0.017355405,0.03559289,0.0069338023,0.003853803,0.0009522926,0.00035180082,0.0007471274,0.0015073576,0.00087096565,0.004119627,0.0035637815,0.008171044,0.0052626166,0.0031599458,0.0028091,0.0003827961,0.0006279904,0.0021405315,0.0013351624,0.004316544,0.0010661134,0.0021469437,0.001615538,0.0010464524,0.00091340067,0.00018155992,0.00032953583,0.00028644485,0.00018533609,0.0003235898,2.935986e-05,2.9769952e-05,3.9032017e-05,1.3566906e-05,1.1812314e-05,8.770608e-06,6.7007086e-06,4.4042504e-06,4.4935127e-06,4.5855463e-06,3.9016836e-06,4.3469045e-06,5.304165e-06,7.1397894e-06,8.218237e-06,6.734477e-06,5.3187246e-06,4.990068e-06,4.8311126e-06,4.7243457e-06,4.6056202e-06,5.6250296e-06,6.4296178e-06,7.3305187e-06,7.0215133e-06,5.769313e-06,4.2171564e-06,5.1081784e-06,8.967303e-06,6.161222e-06,5.518548e-06,1.1240645e-05,2.7758453e-05,3.5994097e-05,4.728471e-05,5.9250153e-05,5.9069815e-05,4.233026e-05,4.6696146e-05,7.5377095e-05,9.327788e-05,0.000117609765,0.00011470964,0.00011844418,0.00010889919,9.1511356e-05,7.934982e-05,7.143821e-05,0.000114114286,8.411225e-05,1.1778195e-05,1.728696e-06,1.2251204e-06,3.2993764e-06,5.551934e-06,5.52138e-06,2.2376819e-06,2.323428e-06,5.1157017e-06,1.6433989e-05,6.778252e-05,8.807702e-05,6.973482e-05,3.750269e-05,1.3180814e-05,1.35203e-05,9.794869e-06,3.7123777e-06,4.616511e-06,1.3733881e-05,1.4466946e-05,1.4336161e-05,9.436598e-06,3.9690253e-06,2.6195546e-06,3.1664667e-06,2.7342091e-06,1.1935144e-06,4.4630266e-07,3.9889585e-07,8.9692134e-07,1.4407407e-06,4.621093e-06,1.5575779e-05,9.170266e-05,0.00020661826,0.00022654251,1.7846709e-05,0.58515865,0.5563265,0.48650315,0.42167157,0.3941433,0.2994886,0.2543417,0.3002321,0.38322058,0.45941877,0.46882737,0.5282763,9.14637379261224,13.048715924475,11.518364047433973,15.064818480747299,14.709227940366068,17.006718558825188,38.11936644930052,2366.67574386674,2208.8535161406826,0.017241197,4006.7207644338564,ABNORMAL
Cold (120),-499.10876,43.470505,-6.851574,9.16398,-5.059423,-20.071783,-11.493443,-16.131407,-8.664134,-3.9975166,-9.603091,0.72693795,-11.998126,0.0052596275,-0.012507297,0.08569331,-0.04544241,-0.0060509085,-0.06892754,0.024705973,-0.016159594,0.0140181715,0.009044826,-0.0062582227,0.06528414,-0.013001466,-0.044362277,0.0554048,0.023545751,0.0029965239,-0.011571974,0.009894195,-0.0045875246,-0.04075164,0.021662712,-0.014300276,0.01035653,-0.028643256,-0.024690118,2.2132053e-05,4.4864817e-05,7.079813e-05,3.635989e-05,7.6249395e-05,0.00016259916,0.00034188747,0.004320521,0.002308864,0.013184481,0.004530563,0.0094414605,0.0069151297,0.003843425,0.0015272165,0.0024696924,0.005572235,0.015140239,0.008748174,0.02253572,0.0071063302,0.015017065,0.009587702,0.00575695,0.022930963,0.0073982575,0.01582054,0.010015379,0.006247119,0.021638118,0.0082658995,0.018405398,0.0069551244,0.004505128,0.008186358,0.003722202,0.0086878175,0.0056088716,0.0036290626,0.0052781887,0.0014119372,0.001564353,0.0023758062,0.0015258966,0.0019045607,0.0031714628,0.0028968013,0.002850467,0.0047009815,0.006260971,0.00498266,0.0034739538,0.0029233915,0.0036727823,0.0039710747,0.004333156,0.0048452714,0.003572509,0.0015545853,0.00087248546,0.001217308,0.0020811162,0.0022839564,0.002429706,0.0030442297,0.0040386817,0.0033048037,0.002891194,0.004537627,0.004829125,0.004499716,0.003817637,0.0037905308,0.004038458,0.0011388394,0.0004914842,0.0004749877,0.0006632327,0.0006161781,0.0008706613,0.0012276454,0.0014687488,0.0018830618,0.002969374,0.003310899,0.0043337606,0.004680645,0.0032615825,0.0014324012,0.0008210099,0.0009786249,0.0013405829,0.0017354029,0.0020411853,0.0013244657,0.001152445,0.0015692645,0.0011675908,0.00046000854,0.00026972874,0.0003276078,0.00093539874,0.0017548607,0.001712812,0.0012320902,0.0006458862,0.00037755904,0.00039788184,0.00085645163,0.0008208399,0.00050450105,0.0004592992,0.0008340037,0.0017465602,0.0017471788,0.0012180128,0.0008186329,0.0003977254,0.00014616986,0.00017400023,0.00021637396,0.0001906274,0.0002866258,0.0005621021,0.00085498043,0.00094800163,0.0005213762,3.911324e-05,0.40656772,0.42178616,0.39982063,0.38997912,0.3559257,0.30678725,0.24768683,0.30747342,0.35923132,0.4165138,0.4602968,0.4250854,8.01861932770729,13.307569933556772,15.304182715220177,15.628662570544448,18.635833068371095,21.03842830078557,39.31709626969825,3217.9772417450995,2561.846770502497,0.028001372,5898.076489169675,ABNORMAL
Cold (121),-473.89743,21.223717,-4.0259657,13.088191,-15.853477,-25.858635,-12.307515,-14.25136,-10.343004,-6.0420957,-2.7374732,-4.79767,-8.293151,-0.5441212,1.002249,0.0072113364,0.09960956,0.0689622,-0.1829664,0.025243098,-0.10640092,0.12199683,-0.16376758,-0.06975357,0.008305329,0.08698044,-0.18682529,0.10586953,-0.153121,-0.04044435,-0.028571093,0.044676553,0.047462765,0.015124938,0.052586533,0.057754014,-0.04230433,-0.030623084,0.02041394,5.30075e-06,1.0745374e-05,1.648918e-05,8.468369e-06,3.165029e-05,0.00023825934,0.0005025034,0.003391112,0.0018121924,0.008188676,0.007589686,0.016375069,0.018191477,0.010110811,0.004532955,0.0019705775,0.0042357994,0.0045639155,0.002637074,0.007968921,0.011054503,0.025774445,0.039928272,0.023974992,0.063529566,0.024327174,0.0534161,0.019323714,0.01205322,0.007183114,0.0028873836,0.0064850687,0.018855732,0.012213656,0.038650647,0.008188958,0.015329999,0.00279605,0.0018091056,0.00058959535,0.0007953154,0.000911924,0.008492253,0.007830503,0.008039743,0.009103168,0.0041693775,0.0016281282,0.0015472663,0.0017853897,0.0015680295,0.0008487159,0.0015280962,0.001874348,0.0014902975,0.00090349047,0.00040441068,0.00027426364,0.00060726143,0.0007564805,0.0010907023,0.0010595556,0.00053895504,0.0015001625,0.003917202,0.0075982474,0.0068625906,0.004468864,0.0029286596,0.006042511,0.012115484,0.020006195,0.021479426,0.017165218,0.011463783,0.003723486,0.001076097,0.00078322395,0.0007175282,0.0006244553,0.00095401605,0.0017361261,0.0044209613,0.008356894,0.0072093145,0.003568398,0.006226574,0.0061276946,0.0019330219,0.0011972524,0.00089491287,0.0003917375,0.00036777745,0.0006203379,0.00060530193,0.0006970208,0.0004717735,0.00024862663,0.00025793829,0.00043028707,0.0011822082,0.0015340988,0.0019763198,0.0014065094,0.0013639305,0.0016135714,0.0018930992,0.0015393696,0.001386462,0.0011103434,0.0013776736,0.0010139174,0.00073516055,0.0010850591,0.0018343151,0.0013941714,0.001055158,0.0010471573,0.0006437683,0.0008815895,0.0006179413,0.0003787358,0.00041157156,0.0006862504,0.001115651,0.0015466597,0.0013023107,0.00017980646,0.24039888,0.28932378,0.37766004,0.49901637,0.55714566,0.45859262,0.3167416,0.22705616,0.29341075,0.40099883,0.3478242,0.2684987,7.398102285197421,14.10138009278348,15.881328962779232,15.808136122152264,19.41194807390371,20.81922840275204,37.56966300475426,3755.066521865542,2630.4167762232078,0.032058917,6740.818737399193,ABNORMAL
Cold (122),-504.56354,47.732525,-25.94548,11.901097,-16.345629,0.7390339,-12.939165,-14.182047,-12.383613,-5.3826327,-13.84595,-5.692258,-12.01679,-0.034789786,-0.35436922,0.005418702,0.0907258,0.09901518,0.08941973,-0.048922703,0.11569392,0.026182437,0.049914725,0.015261742,-0.024311813,0.1259131,-0.21831284,0.2788915,-0.09102965,-0.030971855,-0.015271769,-0.010332721,0.01984611,-0.032682586,0.0073685837,-0.031069318,0.027326649,0.07404564,-0.00032378922,7.919903e-06,1.6054768e-05,0.00025009617,0.0001284422,0.0011923661,0.0008416106,0.0017543645,0.0024315503,0.0012994079,0.0034796044,0.0011745028,0.002445126,0.002806922,0.0015600852,0.004933227,0.0020535397,0.0044008405,0.0041406094,0.0023924836,0.006723884,0.0027223912,0.005923118,0.004891004,0.0029368105,0.005297115,0.0017163735,0.003672996,0.0021781889,0.0013586511,0.0028831135,0.0010148544,0.0022260565,0.0014591421,0.0009451481,0.0030294748,0.00088760705,0.0018742431,0.0016103521,0.0010419328,0.0037402718,0.0016206342,0.0018254899,0.0031121513,0.0019415258,0.0018549785,0.0017637763,0.0016019079,0.0011722774,0.0013437653,0.0015357768,0.001482839,0.0011401513,0.00091777643,0.00082390185,0.0010830612,0.0014100826,0.00162719,0.0016343443,0.001614457,0.0016772605,0.0011530623,0.00084707077,0.0006617405,0.0007007203,0.0008862795,0.00069416885,0.0006068551,0.0004358689,0.0006004191,0.00051440817,0.0004366733,0.00038423412,0.00031530738,0.000272896,0.00027638068,0.00022634825,0.00016724462,0.00019017563,0.00023311179,0.00035399196,0.0005677844,0.00084694446,0.0007604644,0.00048049403,0.00021258021,0.0001077157,0.00012752457,0.00044452262,0.0007961375,0.0007179132,0.0006957833,0.0008657119,0.0011457223,0.0010550563,0.00056263077,0.00039012055,0.00027732216,0.00035545585,0.0004694317,0.00039492332,0.0002668173,0.00029730852,0.0003737681,0.00055938173,0.0014561228,0.0018333984,0.0007658577,0.00077315385,0.0013937183,0.0026418122,0.001542191,0.0013882666,0.0011263842,0.0012465244,0.00070871273,0.00055526063,0.00038612203,0.00017562318,9.4057934e-05,0.00011989913,7.460766e-05,5.303979e-05,5.4439377e-05,5.324545e-05,5.761421e-05,4.4710705e-05,1.5698139e-05,9.88834e-07,0.50928634,0.47425097,0.43297836,0.4139907,0.43396065,0.4517559,0.4758132,0.53890276,0.6215816,0.64671075,0.5954925,0.53924567,16.134813814816113,6.888775466598402,9.602038125969955,11.81464009885666,14.514877228380191,16.84345747557392,41.248305859950825,3122.360088626204,2268.7669027431307,0.069342904,5378.747504818282,ABNORMAL
Cold (123),-504.56354,47.732525,-25.94548,11.901097,-16.345629,0.7390339,-12.939165,-14.182047,-12.383613,-5.3826327,-13.84595,-5.692258,-12.01679,-0.034789786,-0.35436922,0.005418702,0.0907258,0.09901518,0.08941973,-0.048922703,0.11569392,0.026182437,0.049914725,0.015261742,-0.024311813,0.1259131,-0.21831284,0.2788915,-0.09102965,-0.030971855,-0.015271769,-0.010332721,0.01984611,-0.032682586,0.0073685837,-0.031069318,0.027326649,0.07404564,-0.00032378922,7.919903e-06,1.6054768e-05,0.00025009617,0.0001284422,0.0011923661,0.0008416106,0.0017543645,0.0024315503,0.0012994079,0.0034796044,0.0011745028,0.002445126,0.002806922,0.0015600852,0.004933227,0.0020535397,0.0044008405,0.0041406094,0.0023924836,0.006723884,0.0027223912,0.005923118,0.004891004,0.0029368105,0.005297115,0.0017163735,0.003672996,0.0021781889,0.0013586511,0.0028831135,0.0010148544,0.0022260565,0.0014591421,0.0009451481,0.0030294748,0.00088760705,0.0018742431,0.0016103521,0.0010419328,0.0037402718,0.0016206342,0.0018254899,0.0031121513,0.0019415258,0.0018549785,0.0017637763,0.0016019079,0.0011722774,0.0013437653,0.0015357768,0.001482839,0.0011401513,0.00091777643,0.00082390185,0.0010830612,0.0014100826,0.00162719,0.0016343443,0.001614457,0.0016772605,0.0011530623,0.00084707077,0.0006617405,0.0007007203,0.0008862795,0.00069416885,0.0006068551,0.0004358689,0.0006004191,0.00051440817,0.0004366733,0.00038423412,0.00031530738,0.000272896,0.00027638068,0.00022634825,0.00016724462,0.00019017563,0.00023311179,0.00035399196,0.0005677844,0.00084694446,0.0007604644,0.00048049403,0.00021258021,0.0001077157,0.00012752457,0.00044452262,0.0007961375,0.0007179132,0.0006957833,0.0008657119,0.0011457223,0.0010550563,0.00056263077,0.00039012055,0.00027732216,0.00035545585,0.0004694317,0.00039492332,0.0002668173,0.00029730852,0.0003737681,0.00055938173,0.0014561228,0.0018333984,0.0007658577,0.00077315385,0.0013937183,0.0026418122,0.001542191,0.0013882666,0.0011263842,0.0012465244,0.00070871273,0.00055526063,0.00038612203,0.00017562318,9.4057934e-05,0.00011989913,7.460766e-05,5.303979e-05,5.4439377e-05,5.324545e-05,5.761421e-05,4.4710705e-05,1.5698139e-05,9.88834e-07,0.50928634,0.47425097,0.43297836,0.4139907,0.43396065,0.4517559,0.4758132,0.53890276,0.6215816,0.64671075,0.5954925,0.53924567,16.134813814816113,6.888775466598402,9.602038125969955,11.81464009885666,14.514877228380191,16.84345747557392,41.248305859950825,3122.360088626204,2268.7669027431307,0.069342904,5378.747504818282,ABNORMAL
Cold (124),-504.56354,47.732525,-25.94548,11.901097,-16.345629,0.7390339,-12.939165,-14.182047,-12.383613,-5.3826327,-13.84595,-5.692258,-12.01679,-0.034789786,-0.35436922,0.005418702,0.0907258,0.09901518,0.08941973,-0.048922703,0.11569392,0.026182437,0.049914725,0.015261742,-0.024311813,0.1259131,-0.21831284,0.2788915,-0.09102965,-0.030971855,-0.015271769,-0.010332721,0.01984611,-0.032682586,0.0073685837,-0.031069318,0.027326649,0.07404564,-0.00032378922,7.919903e-06,1.6054768e-05,0.00025009617,0.0001284422,0.0011923661,0.0008416106,0.0017543645,0.0024315503,0.0012994079,0.0034796044,0.0011745028,0.002445126,0.002806922,0.0015600852,0.004933227,0.0020535397,0.0044008405,0.0041406094,0.0023924836,0.006723884,0.0027223912,0.005923118,0.004891004,0.0029368105,0.005297115,0.0017163735,0.003672996,0.0021781889,0.0013586511,0.0028831135,0.0010148544,0.0022260565,0.0014591421,0.0009451481,0.0030294748,0.00088760705,0.0018742431,0.0016103521,0.0010419328,0.0037402718,0.0016206342,0.0018254899,0.0031121513,0.0019415258,0.0018549785,0.0017637763,0.0016019079,0.0011722774,0.0013437653,0.0015357768,0.001482839,0.0011401513,0.00091777643,0.00082390185,0.0010830612,0.0014100826,0.00162719,0.0016343443,0.001614457,0.0016772605,0.0011530623,0.00084707077,0.0006617405,0.0007007203,0.0008862795,0.00069416885,0.0006068551,0.0004358689,0.0006004191,0.00051440817,0.0004366733,0.00038423412,0.00031530738,0.000272896,0.00027638068,0.00022634825,0.00016724462,0.00019017563,0.00023311179,0.00035399196,0.0005677844,0.00084694446,0.0007604644,0.00048049403,0.00021258021,0.0001077157,0.00012752457,0.00044452262,0.0007961375,0.0007179132,0.0006957833,0.0008657119,0.0011457223,0.0010550563,0.00056263077,0.00039012055,0.00027732216,0.00035545585,0.0004694317,0.00039492332,0.0002668173,0.00029730852,0.0003737681,0.00055938173,0.0014561228,0.0018333984,0.0007658577,0.00077315385,0.0013937183,0.0026418122,0.001542191,0.0013882666,0.0011263842,0.0012465244,0.00070871273,0.00055526063,0.00038612203,0.00017562318,9.4057934e-05,0.00011989913,7.460766e-05,5.303979e-05,5.4439377e-05,5.324545e-05,5.761421e-05,4.4710705e-05,1.5698139e-05,9.88834e-07,0.50928634,0.47425097,0.43297836,0.4139907,0.43396065,0.4517559,0.4758132,0.53890276,0.6215816,0.64671075,0.5954925,0.53924567,16.134813814816113,6.888775466598402,9.602038125969955,11.81464009885666,14.514877228380191,16.84345747557392,41.248305859950825,3122.360088626204,2268.7669027431307,0.069342904,5378.747504818282,ABNORMAL
Cold (125),-504.56354,47.732525,-25.94548,11.901097,-16.345629,0.7390339,-12.939165,-14.182047,-12.383613,-5.3826327,-13.84595,-5.692258,-12.01679,-0.034789786,-0.35436922,0.005418702,0.0907258,0.09901518,0.08941973,-0.048922703,0.11569392,0.026182437,0.049914725,0.015261742,-0.024311813,0.1259131,-0.21831284,0.2788915,-0.09102965,-0.030971855,-0.015271769,-0.010332721,0.01984611,-0.032682586,0.0073685837,-0.031069318,0.027326649,0.07404564,-0.00032378922,7.919903e-06,1.6054768e-05,0.00025009617,0.0001284422,0.0011923661,0.0008416106,0.0017543645,0.0024315503,0.0012994079,0.0034796044,0.0011745028,0.002445126,0.002806922,0.0015600852,0.004933227,0.0020535397,0.0044008405,0.0041406094,0.0023924836,0.006723884,0.0027223912,0.005923118,0.004891004,0.0029368105,0.005297115,0.0017163735,0.003672996,0.0021781889,0.0013586511,0.0028831135,0.0010148544,0.0022260565,0.0014591421,0.0009451481,0.0030294748,0.00088760705,0.0018742431,0.0016103521,0.0010419328,0.0037402718,0.0016206342,0.0018254899,0.0031121513,0.0019415258,0.0018549785,0.0017637763,0.0016019079,0.0011722774,0.0013437653,0.0015357768,0.001482839,0.0011401513,0.00091777643,0.00082390185,0.0010830612,0.0014100826,0.00162719,0.0016343443,0.001614457,0.0016772605,0.0011530623,0.00084707077,0.0006617405,0.0007007203,0.0008862795,0.00069416885,0.0006068551,0.0004358689,0.0006004191,0.00051440817,0.0004366733,0.00038423412,0.00031530738,0.000272896,0.00027638068,0.00022634825,0.00016724462,0.00019017563,0.00023311179,0.00035399196,0.0005677844,0.00084694446,0.0007604644,0.00048049403,0.00021258021,0.0001077157,0.00012752457,0.00044452262,0.0007961375,0.0007179132,0.0006957833,0.0008657119,0.0011457223,0.0010550563,0.00056263077,0.00039012055,0.00027732216,0.00035545585,0.0004694317,0.00039492332,0.0002668173,0.00029730852,0.0003737681,0.00055938173,0.0014561228,0.0018333984,0.0007658577,0.00077315385,0.0013937183,0.0026418122,0.001542191,0.0013882666,0.0011263842,0.0012465244,0.00070871273,0.00055526063,0.00038612203,0.00017562318,9.4057934e-05,0.00011989913,7.460766e-05,5.303979e-05,5.4439377e-05,5.324545e-05,5.761421e-05,4.4710705e-05,1.5698139e-05,9.88834e-07,0.50928634,0.47425097,0.43297836,0.4139907,0.43396065,0.4517559,0.4758132,0.53890276,0.6215816,0.64671075,0.5954925,0.53924567,16.134813814816113,6.888775466598402,9.602038125969955,11.81464009885666,14.514877228380191,16.84345747557392,41.248305859950825,3122.360088626204,2268.7669027431307,0.069342904,5378.747504818282,ABNORMAL
Cold (126),-504.56354,47.732525,-25.94548,11.901097,-16.345629,0.7390339,-12.939165,-14.182047,-12.383613,-5.3826327,-13.84595,-5.692258,-12.01679,-0.034789786,-0.35436922,0.005418702,0.0907258,0.09901518,0.08941973,-0.048922703,0.11569392,0.026182437,0.049914725,0.015261742,-0.024311813,0.1259131,-0.21831284,0.2788915,-0.09102965,-0.030971855,-0.015271769,-0.010332721,0.01984611,-0.032682586,0.0073685837,-0.031069318,0.027326649,0.07404564,-0.00032378922,7.919903e-06,1.6054768e-05,0.00025009617,0.0001284422,0.0011923661,0.0008416106,0.0017543645,0.0024315503,0.0012994079,0.0034796044,0.0011745028,0.002445126,0.002806922,0.0015600852,0.004933227,0.0020535397,0.0044008405,0.0041406094,0.0023924836,0.006723884,0.0027223912,0.005923118,0.004891004,0.0029368105,0.005297115,0.0017163735,0.003672996,0.0021781889,0.0013586511,0.0028831135,0.0010148544,0.0022260565,0.0014591421,0.0009451481,0.0030294748,0.00088760705,0.0018742431,0.0016103521,0.0010419328,0.0037402718,0.0016206342,0.0018254899,0.0031121513,0.0019415258,0.0018549785,0.0017637763,0.0016019079,0.0011722774,0.0013437653,0.0015357768,0.001482839,0.0011401513,0.00091777643,0.00082390185,0.0010830612,0.0014100826,0.00162719,0.0016343443,0.001614457,0.0016772605,0.0011530623,0.00084707077,0.0006617405,0.0007007203,0.0008862795,0.00069416885,0.0006068551,0.0004358689,0.0006004191,0.00051440817,0.0004366733,0.00038423412,0.00031530738,0.000272896,0.00027638068,0.00022634825,0.00016724462,0.00019017563,0.00023311179,0.00035399196,0.0005677844,0.00084694446,0.0007604644,0.00048049403,0.00021258021,0.0001077157,0.00012752457,0.00044452262,0.0007961375,0.0007179132,0.0006957833,0.0008657119,0.0011457223,0.0010550563,0.00056263077,0.00039012055,0.00027732216,0.00035545585,0.0004694317,0.00039492332,0.0002668173,0.00029730852,0.0003737681,0.00055938173,0.0014561228,0.0018333984,0.0007658577,0.00077315385,0.0013937183,0.0026418122,0.001542191,0.0013882666,0.0011263842,0.0012465244,0.00070871273,0.00055526063,0.00038612203,0.00017562318,9.4057934e-05,0.00011989913,7.460766e-05,5.303979e-05,5.4439377e-05,5.324545e-05,5.761421e-05,4.4710705e-05,1.5698139e-05,9.88834e-07,0.50928634,0.47425097,0.43297836,0.4139907,0.43396065,0.4517559,0.4758132,0.53890276,0.6215816,0.64671075,0.5954925,0.53924567,16.134813814816113,6.888775466598402,9.602038125969955,11.81464009885666,14.514877228380191,16.84345747557392,41.248305859950825,3122.360088626204,2268.7669027431307,0.069342904,5378.747504818282,ABNORMAL
Cold (127),-504.56354,47.732525,-25.94548,11.901097,-16.345629,0.7390339,-12.939165,-14.182047,-12.383613,-5.3826327,-13.84595,-5.692258,-12.01679,-0.034789786,-0.35436922,0.005418702,0.0907258,0.09901518,0.08941973,-0.048922703,0.11569392,0.026182437,0.049914725,0.015261742,-0.024311813,0.1259131,-0.21831284,0.2788915,-0.09102965,-0.030971855,-0.015271769,-0.010332721,0.01984611,-0.032682586,0.0073685837,-0.031069318,0.027326649,0.07404564,-0.00032378922,7.919903e-06,1.6054768e-05,0.00025009617,0.0001284422,0.0011923661,0.0008416106,0.0017543645,0.0024315503,0.0012994079,0.0034796044,0.0011745028,0.002445126,0.002806922,0.0015600852,0.004933227,0.0020535397,0.0044008405,0.0041406094,0.0023924836,0.006723884,0.0027223912,0.005923118,0.004891004,0.0029368105,0.005297115,0.0017163735,0.003672996,0.0021781889,0.0013586511,0.0028831135,0.0010148544,0.0022260565,0.0014591421,0.0009451481,0.0030294748,0.00088760705,0.0018742431,0.0016103521,0.0010419328,0.0037402718,0.0016206342,0.0018254899,0.0031121513,0.0019415258,0.0018549785,0.0017637763,0.0016019079,0.0011722774,0.0013437653,0.0015357768,0.001482839,0.0011401513,0.00091777643,0.00082390185,0.0010830612,0.0014100826,0.00162719,0.0016343443,0.001614457,0.0016772605,0.0011530623,0.00084707077,0.0006617405,0.0007007203,0.0008862795,0.00069416885,0.0006068551,0.0004358689,0.0006004191,0.00051440817,0.0004366733,0.00038423412,0.00031530738,0.000272896,0.00027638068,0.00022634825,0.00016724462,0.00019017563,0.00023311179,0.00035399196,0.0005677844,0.00084694446,0.0007604644,0.00048049403,0.00021258021,0.0001077157,0.00012752457,0.00044452262,0.0007961375,0.0007179132,0.0006957833,0.0008657119,0.0011457223,0.0010550563,0.00056263077,0.00039012055,0.00027732216,0.00035545585,0.0004694317,0.00039492332,0.0002668173,0.00029730852,0.0003737681,0.00055938173,0.0014561228,0.0018333984,0.0007658577,0.00077315385,0.0013937183,0.0026418122,0.001542191,0.0013882666,0.0011263842,0.0012465244,0.00070871273,0.00055526063,0.00038612203,0.00017562318,9.4057934e-05,0.00011989913,7.460766e-05,5.303979e-05,5.4439377e-05,5.324545e-05,5.761421e-05,4.4710705e-05,1.5698139e-05,9.88834e-07,0.50928634,0.47425097,0.43297836,0.4139907,0.43396065,0.4517559,0.4758132,0.53890276,0.6215816,0.64671075,0.5954925,0.53924567,16.134813814816113,6.888775466598402,9.602038125969955,11.81464009885666,14.514877228380191,16.84345747557392,41.248305859950825,3122.360088626204,2268.7669027431307,0.069342904,5378.747504818282,ABNORMAL
Cold (128),-504.56354,47.732525,-25.94548,11.901097,-16.345629,0.7390339,-12.939165,-14.182047,-12.383613,-5.3826327,-13.84595,-5.692258,-12.01679,-0.034789786,-0.35436922,0.005418702,0.0907258,0.09901518,0.08941973,-0.048922703,0.11569392,0.026182437,0.049914725,0.015261742,-0.024311813,0.1259131,-0.21831284,0.2788915,-0.09102965,-0.030971855,-0.015271769,-0.010332721,0.01984611,-0.032682586,0.0073685837,-0.031069318,0.027326649,0.07404564,-0.00032378922,7.919903e-06,1.6054768e-05,0.00025009617,0.0001284422,0.0011923661,0.0008416106,0.0017543645,0.0024315503,0.0012994079,0.0034796044,0.0011745028,0.002445126,0.002806922,0.0015600852,0.004933227,0.0020535397,0.0044008405,0.0041406094,0.0023924836,0.006723884,0.0027223912,0.005923118,0.004891004,0.0029368105,0.005297115,0.0017163735,0.003672996,0.0021781889,0.0013586511,0.0028831135,0.0010148544,0.0022260565,0.0014591421,0.0009451481,0.0030294748,0.00088760705,0.0018742431,0.0016103521,0.0010419328,0.0037402718,0.0016206342,0.0018254899,0.0031121513,0.0019415258,0.0018549785,0.0017637763,0.0016019079,0.0011722774,0.0013437653,0.0015357768,0.001482839,0.0011401513,0.00091777643,0.00082390185,0.0010830612,0.0014100826,0.00162719,0.0016343443,0.001614457,0.0016772605,0.0011530623,0.00084707077,0.0006617405,0.0007007203,0.0008862795,0.00069416885,0.0006068551,0.0004358689,0.0006004191,0.00051440817,0.0004366733,0.00038423412,0.00031530738,0.000272896,0.00027638068,0.00022634825,0.00016724462,0.00019017563,0.00023311179,0.00035399196,0.0005677844,0.00084694446,0.0007604644,0.00048049403,0.00021258021,0.0001077157,0.00012752457,0.00044452262,0.0007961375,0.0007179132,0.0006957833,0.0008657119,0.0011457223,0.0010550563,0.00056263077,0.00039012055,0.00027732216,0.00035545585,0.0004694317,0.00039492332,0.0002668173,0.00029730852,0.0003737681,0.00055938173,0.0014561228,0.0018333984,0.0007658577,0.00077315385,0.0013937183,0.0026418122,0.001542191,0.0013882666,0.0011263842,0.0012465244,0.00070871273,0.00055526063,0.00038612203,0.00017562318,9.4057934e-05,0.00011989913,7.460766e-05,5.303979e-05,5.4439377e-05,5.324545e-05,5.761421e-05,4.4710705e-05,1.5698139e-05,9.88834e-07,0.50928634,0.47425097,0.43297836,0.4139907,0.43396065,0.4517559,0.4758132,0.53890276,0.6215816,0.64671075,0.5954925,0.53924567,16.134813814816113,6.888775466598402,9.602038125969955,11.81464009885666,14.514877228380191,16.84345747557392,41.248305859950825,3122.360088626204,2268.7669027431307,0.069342904,5378.747504818282,ABNORMAL
Cold (129),-504.56354,47.732525,-25.94548,11.901097,-16.345629,0.7390339,-12.939165,-14.182047,-12.383613,-5.3826327,-13.84595,-5.692258,-12.01679,-0.034789786,-0.35436922,0.005418702,0.0907258,0.09901518,0.08941973,-0.048922703,0.11569392,0.026182437,0.049914725,0.015261742,-0.024311813,0.1259131,-0.21831284,0.2788915,-0.09102965,-0.030971855,-0.015271769,-0.010332721,0.01984611,-0.032682586,0.0073685837,-0.031069318,0.027326649,0.07404564,-0.00032378922,7.919903e-06,1.6054768e-05,0.00025009617,0.0001284422,0.0011923661,0.0008416106,0.0017543645,0.0024315503,0.0012994079,0.0034796044,0.0011745028,0.002445126,0.002806922,0.0015600852,0.004933227,0.0020535397,0.0044008405,0.0041406094,0.0023924836,0.006723884,0.0027223912,0.005923118,0.004891004,0.0029368105,0.005297115,0.0017163735,0.003672996,0.0021781889,0.0013586511,0.0028831135,0.0010148544,0.0022260565,0.0014591421,0.0009451481,0.0030294748,0.00088760705,0.0018742431,0.0016103521,0.0010419328,0.0037402718,0.0016206342,0.0018254899,0.0031121513,0.0019415258,0.0018549785,0.0017637763,0.0016019079,0.0011722774,0.0013437653,0.0015357768,0.001482839,0.0011401513,0.00091777643,0.00082390185,0.0010830612,0.0014100826,0.00162719,0.0016343443,0.001614457,0.0016772605,0.0011530623,0.00084707077,0.0006617405,0.0007007203,0.0008862795,0.00069416885,0.0006068551,0.0004358689,0.0006004191,0.00051440817,0.0004366733,0.00038423412,0.00031530738,0.000272896,0.00027638068,0.00022634825,0.00016724462,0.00019017563,0.00023311179,0.00035399196,0.0005677844,0.00084694446,0.0007604644,0.00048049403,0.00021258021,0.0001077157,0.00012752457,0.00044452262,0.0007961375,0.0007179132,0.0006957833,0.0008657119,0.0011457223,0.0010550563,0.00056263077,0.00039012055,0.00027732216,0.00035545585,0.0004694317,0.00039492332,0.0002668173,0.00029730852,0.0003737681,0.00055938173,0.0014561228,0.0018333984,0.0007658577,0.00077315385,0.0013937183,0.0026418122,0.001542191,0.0013882666,0.0011263842,0.0012465244,0.00070871273,0.00055526063,0.00038612203,0.00017562318,9.4057934e-05,0.00011989913,7.460766e-05,5.303979e-05,5.4439377e-05,5.324545e-05,5.761421e-05,4.4710705e-05,1.5698139e-05,9.88834e-07,0.50928634,0.47425097,0.43297836,0.4139907,0.43396065,0.4517559,0.4758132,0.53890276,0.6215816,0.64671075,0.5954925,0.53924567,16.134813814816113,6.888775466598402,9.602038125969955,11.81464009885666,14.514877228380191,16.84345747557392,41.248305859950825,3122.360088626204,2268.7669027431307,0.069342904,5378.747504818282,ABNORMAL
Cold (13),-573.6724,69.21809,18.55929,15.333918,-4.7482977,-34.248795,-13.123841,-6.9844856,-20.895166,-17.901087,-9.13399,-25.20302,-12.807011,-0.86402655,0.1566069,0.08087182,0.08976601,0.1931149,0.31631207,0.09541028,-0.058999594,0.034459613,-0.14563407,0.045020334,0.0026304142,-0.008305777,-0.37489346,-0.007185442,-0.09854904,0.046935163,0.014753476,0.12621343,0.040943343,0.01462875,-0.040463965,-0.029553462,0.06867109,0.11573125,0.07870392,1.8158476e-06,3.6809818e-06,5.114909e-06,2.62687e-06,2.9676956e-05,0.00038059938,0.0008031062,0.016033735,0.008568345,0.0665134,0.018283328,0.037566736,0.029386465,0.01633298,0.012570252,0.0019568782,0.0036943613,0.0043648537,0.0025220541,0.009211292,0.0016419708,0.003112932,0.0008114997,0.0004872662,0.0011382746,0.0010582977,0.0025146608,0.006819183,0.004253484,0.012648655,0.0035453364,0.0073933513,0.0021835081,0.0014143507,0.0011033822,0.00024778635,0.00047598642,0.00026832288,0.00017361077,0.00056213373,0.00017756972,0.0001980499,9.086858e-05,1.1729299e-05,1.0257416e-05,1.1240634e-05,9.818129e-06,6.4485353e-06,6.0084626e-06,5.668685e-06,5.249915e-06,6.2612544e-06,7.616694e-06,6.712581e-06,6.777614e-06,6.7070982e-06,7.803387e-06,6.919962e-06,5.927197e-06,6.6954067e-06,6.922645e-06,6.905163e-06,7.750763e-06,1.2938843e-05,2.7475508e-05,5.949765e-05,6.365079e-05,3.450859e-05,1.7766766e-05,3.0462326e-05,9.7550634e-05,0.00016405623,0.00017420354,0.00012268328,0.0001117932,0.00012065915,0.00015251114,0.00011769723,9.929181e-05,0.00011542161,0.00011787768,9.668023e-05,0.00010515243,0.00014454026,0.000111864334,8.639939e-05,9.102671e-05,2.346309e-05,7.743047e-06,3.9575916e-06,2.5499903e-06,2.3984874e-06,4.7495378e-06,5.76727e-06,5.953217e-06,9.993209e-06,2.2512248e-05,4.539858e-05,8.207998e-05,0.00018983571,0.00015020015,0.00016272068,8.667905e-05,2.8829078e-05,9.55936e-06,8.559654e-06,2.6465059e-05,3.959436e-05,3.041666e-05,3.4633784e-05,3.2068237e-05,1.696116e-05,6.2072527e-06,7.773411e-06,1.9280678e-05,3.896428e-05,3.9378672e-05,2.2319156e-05,2.5144953e-05,1.1446141e-05,4.4046005e-06,1.0302719e-05,0.00011504932,0.0006867364,0.0013392657,0.001802762,0.00097329903,9.4460745e-05,0.46977496,0.41487885,0.3789333,0.47885928,0.48349133,0.3571639,0.31128657,0.3218375,0.34638554,0.3611441,0.36710322,0.42515638,9.356257663828144,13.57728247413272,12.042867176891125,14.525440749927101,15.679707797621628,18.384490310995734,38.94125338864035,3189.4804875069976,2513.8829804923953,0.019303625,5291.3142824635925,ABNORMAL
Cold (130),-504.56354,47.732525,-25.94548,11.901097,-16.345629,0.7390339,-12.939165,-14.182047,-12.383613,-5.3826327,-13.84595,-5.692258,-12.01679,-0.034789786,-0.35436922,0.005418702,0.0907258,0.09901518,0.08941973,-0.048922703,0.11569392,0.026182437,0.049914725,0.015261742,-0.024311813,0.1259131,-0.21831284,0.2788915,-0.09102965,-0.030971855,-0.015271769,-0.010332721,0.01984611,-0.032682586,0.0073685837,-0.031069318,0.027326649,0.07404564,-0.00032378922,7.919903e-06,1.6054768e-05,0.00025009617,0.0001284422,0.0011923661,0.0008416106,0.0017543645,0.0024315503,0.0012994079,0.0034796044,0.0011745028,0.002445126,0.002806922,0.0015600852,0.004933227,0.0020535397,0.0044008405,0.0041406094,0.0023924836,0.006723884,0.0027223912,0.005923118,0.004891004,0.0029368105,0.005297115,0.0017163735,0.003672996,0.0021781889,0.0013586511,0.0028831135,0.0010148544,0.0022260565,0.0014591421,0.0009451481,0.0030294748,0.00088760705,0.0018742431,0.0016103521,0.0010419328,0.0037402718,0.0016206342,0.0018254899,0.0031121513,0.0019415258,0.0018549785,0.0017637763,0.0016019079,0.0011722774,0.0013437653,0.0015357768,0.001482839,0.0011401513,0.00091777643,0.00082390185,0.0010830612,0.0014100826,0.00162719,0.0016343443,0.001614457,0.0016772605,0.0011530623,0.00084707077,0.0006617405,0.0007007203,0.0008862795,0.00069416885,0.0006068551,0.0004358689,0.0006004191,0.00051440817,0.0004366733,0.00038423412,0.00031530738,0.000272896,0.00027638068,0.00022634825,0.00016724462,0.00019017563,0.00023311179,0.00035399196,0.0005677844,0.00084694446,0.0007604644,0.00048049403,0.00021258021,0.0001077157,0.00012752457,0.00044452262,0.0007961375,0.0007179132,0.0006957833,0.0008657119,0.0011457223,0.0010550563,0.00056263077,0.00039012055,0.00027732216,0.00035545585,0.0004694317,0.00039492332,0.0002668173,0.00029730852,0.0003737681,0.00055938173,0.0014561228,0.0018333984,0.0007658577,0.00077315385,0.0013937183,0.0026418122,0.001542191,0.0013882666,0.0011263842,0.0012465244,0.00070871273,0.00055526063,0.00038612203,0.00017562318,9.4057934e-05,0.00011989913,7.460766e-05,5.303979e-05,5.4439377e-05,5.324545e-05,5.761421e-05,4.4710705e-05,1.5698139e-05,9.88834e-07,0.50928634,0.47425097,0.43297836,0.4139907,0.43396065,0.4517559,0.4758132,0.53890276,0.6215816,0.64671075,0.5954925,0.53924567,16.134813814816113,6.888775466598402,9.602038125969955,11.81464009885666,14.514877228380191,16.84345747557392,41.248305859950825,3122.360088626204,2268.7669027431307,0.069342904,5378.747504818282,ABNORMAL
Cold (131),-504.56354,47.732525,-25.94548,11.901097,-16.345629,0.7390339,-12.939165,-14.182047,-12.383613,-5.3826327,-13.84595,-5.692258,-12.01679,-0.034789786,-0.35436922,0.005418702,0.0907258,0.09901518,0.08941973,-0.048922703,0.11569392,0.026182437,0.049914725,0.015261742,-0.024311813,0.1259131,-0.21831284,0.2788915,-0.09102965,-0.030971855,-0.015271769,-0.010332721,0.01984611,-0.032682586,0.0073685837,-0.031069318,0.027326649,0.07404564,-0.00032378922,7.919903e-06,1.6054768e-05,0.00025009617,0.0001284422,0.0011923661,0.0008416106,0.0017543645,0.0024315503,0.0012994079,0.0034796044,0.0011745028,0.002445126,0.002806922,0.0015600852,0.004933227,0.0020535397,0.0044008405,0.0041406094,0.0023924836,0.006723884,0.0027223912,0.005923118,0.004891004,0.0029368105,0.005297115,0.0017163735,0.003672996,0.0021781889,0.0013586511,0.0028831135,0.0010148544,0.0022260565,0.0014591421,0.0009451481,0.0030294748,0.00088760705,0.0018742431,0.0016103521,0.0010419328,0.0037402718,0.0016206342,0.0018254899,0.0031121513,0.0019415258,0.0018549785,0.0017637763,0.0016019079,0.0011722774,0.0013437653,0.0015357768,0.001482839,0.0011401513,0.00091777643,0.00082390185,0.0010830612,0.0014100826,0.00162719,0.0016343443,0.001614457,0.0016772605,0.0011530623,0.00084707077,0.0006617405,0.0007007203,0.0008862795,0.00069416885,0.0006068551,0.0004358689,0.0006004191,0.00051440817,0.0004366733,0.00038423412,0.00031530738,0.000272896,0.00027638068,0.00022634825,0.00016724462,0.00019017563,0.00023311179,0.00035399196,0.0005677844,0.00084694446,0.0007604644,0.00048049403,0.00021258021,0.0001077157,0.00012752457,0.00044452262,0.0007961375,0.0007179132,0.0006957833,0.0008657119,0.0011457223,0.0010550563,0.00056263077,0.00039012055,0.00027732216,0.00035545585,0.0004694317,0.00039492332,0.0002668173,0.00029730852,0.0003737681,0.00055938173,0.0014561228,0.0018333984,0.0007658577,0.00077315385,0.0013937183,0.0026418122,0.001542191,0.0013882666,0.0011263842,0.0012465244,0.00070871273,0.00055526063,0.00038612203,0.00017562318,9.4057934e-05,0.00011989913,7.460766e-05,5.303979e-05,5.4439377e-05,5.324545e-05,5.761421e-05,4.4710705e-05,1.5698139e-05,9.88834e-07,0.50928634,0.47425097,0.43297836,0.4139907,0.43396065,0.4517559,0.4758132,0.53890276,0.6215816,0.64671075,0.5954925,0.53924567,16.134813814816113,6.888775466598402,9.602038125969955,11.81464009885666,14.514877228380191,16.84345747557392,41.248305859950825,3122.360088626204,2268.7669027431307,0.069342904,5378.747504818282,ABNORMAL
Cold (132),-504.56354,47.732525,-25.94548,11.901097,-16.345629,0.7390339,-12.939165,-14.182047,-12.383613,-5.3826327,-13.84595,-5.692258,-12.01679,-0.034789786,-0.35436922,0.005418702,0.0907258,0.09901518,0.08941973,-0.048922703,0.11569392,0.026182437,0.049914725,0.015261742,-0.024311813,0.1259131,-0.21831284,0.2788915,-0.09102965,-0.030971855,-0.015271769,-0.010332721,0.01984611,-0.032682586,0.0073685837,-0.031069318,0.027326649,0.07404564,-0.00032378922,7.919903e-06,1.6054768e-05,0.00025009617,0.0001284422,0.0011923661,0.0008416106,0.0017543645,0.0024315503,0.0012994079,0.0034796044,0.0011745028,0.002445126,0.002806922,0.0015600852,0.004933227,0.0020535397,0.0044008405,0.0041406094,0.0023924836,0.006723884,0.0027223912,0.005923118,0.004891004,0.0029368105,0.005297115,0.0017163735,0.003672996,0.0021781889,0.0013586511,0.0028831135,0.0010148544,0.0022260565,0.0014591421,0.0009451481,0.0030294748,0.00088760705,0.0018742431,0.0016103521,0.0010419328,0.0037402718,0.0016206342,0.0018254899,0.0031121513,0.0019415258,0.0018549785,0.0017637763,0.0016019079,0.0011722774,0.0013437653,0.0015357768,0.001482839,0.0011401513,0.00091777643,0.00082390185,0.0010830612,0.0014100826,0.00162719,0.0016343443,0.001614457,0.0016772605,0.0011530623,0.00084707077,0.0006617405,0.0007007203,0.0008862795,0.00069416885,0.0006068551,0.0004358689,0.0006004191,0.00051440817,0.0004366733,0.00038423412,0.00031530738,0.000272896,0.00027638068,0.00022634825,0.00016724462,0.00019017563,0.00023311179,0.00035399196,0.0005677844,0.00084694446,0.0007604644,0.00048049403,0.00021258021,0.0001077157,0.00012752457,0.00044452262,0.0007961375,0.0007179132,0.0006957833,0.0008657119,0.0011457223,0.0010550563,0.00056263077,0.00039012055,0.00027732216,0.00035545585,0.0004694317,0.00039492332,0.0002668173,0.00029730852,0.0003737681,0.00055938173,0.0014561228,0.0018333984,0.0007658577,0.00077315385,0.0013937183,0.0026418122,0.001542191,0.0013882666,0.0011263842,0.0012465244,0.00070871273,0.00055526063,0.00038612203,0.00017562318,9.4057934e-05,0.00011989913,7.460766e-05,5.303979e-05,5.4439377e-05,5.324545e-05,5.761421e-05,4.4710705e-05,1.5698139e-05,9.88834e-07,0.50928634,0.47425097,0.43297836,0.4139907,0.43396065,0.4517559,0.4758132,0.53890276,0.6215816,0.64671075,0.5954925,0.53924567,16.134813814816113,6.888775466598402,9.602038125969955,11.81464009885666,14.514877228380191,16.84345747557392,41.248305859950825,3122.360088626204,2268.7669027431307,0.069342904,5378.747504818282,ABNORMAL
Cold (133),-504.56354,47.732525,-25.94548,11.901097,-16.345629,0.7390339,-12.939165,-14.182047,-12.383613,-5.3826327,-13.84595,-5.692258,-12.01679,-0.034789786,-0.35436922,0.005418702,0.0907258,0.09901518,0.08941973,-0.048922703,0.11569392,0.026182437,0.049914725,0.015261742,-0.024311813,0.1259131,-0.21831284,0.2788915,-0.09102965,-0.030971855,-0.015271769,-0.010332721,0.01984611,-0.032682586,0.0073685837,-0.031069318,0.027326649,0.07404564,-0.00032378922,7.919903e-06,1.6054768e-05,0.00025009617,0.0001284422,0.0011923661,0.0008416106,0.0017543645,0.0024315503,0.0012994079,0.0034796044,0.0011745028,0.002445126,0.002806922,0.0015600852,0.004933227,0.0020535397,0.0044008405,0.0041406094,0.0023924836,0.006723884,0.0027223912,0.005923118,0.004891004,0.0029368105,0.005297115,0.0017163735,0.003672996,0.0021781889,0.0013586511,0.0028831135,0.0010148544,0.0022260565,0.0014591421,0.0009451481,0.0030294748,0.00088760705,0.0018742431,0.0016103521,0.0010419328,0.0037402718,0.0016206342,0.0018254899,0.0031121513,0.0019415258,0.0018549785,0.0017637763,0.0016019079,0.0011722774,0.0013437653,0.0015357768,0.001482839,0.0011401513,0.00091777643,0.00082390185,0.0010830612,0.0014100826,0.00162719,0.0016343443,0.001614457,0.0016772605,0.0011530623,0.00084707077,0.0006617405,0.0007007203,0.0008862795,0.00069416885,0.0006068551,0.0004358689,0.0006004191,0.00051440817,0.0004366733,0.00038423412,0.00031530738,0.000272896,0.00027638068,0.00022634825,0.00016724462,0.00019017563,0.00023311179,0.00035399196,0.0005677844,0.00084694446,0.0007604644,0.00048049403,0.00021258021,0.0001077157,0.00012752457,0.00044452262,0.0007961375,0.0007179132,0.0006957833,0.0008657119,0.0011457223,0.0010550563,0.00056263077,0.00039012055,0.00027732216,0.00035545585,0.0004694317,0.00039492332,0.0002668173,0.00029730852,0.0003737681,0.00055938173,0.0014561228,0.0018333984,0.0007658577,0.00077315385,0.0013937183,0.0026418122,0.001542191,0.0013882666,0.0011263842,0.0012465244,0.00070871273,0.00055526063,0.00038612203,0.00017562318,9.4057934e-05,0.00011989913,7.460766e-05,5.303979e-05,5.4439377e-05,5.324545e-05,5.761421e-05,4.4710705e-05,1.5698139e-05,9.88834e-07,0.50928634,0.47425097,0.43297836,0.4139907,0.43396065,0.4517559,0.4758132,0.53890276,0.6215816,0.64671075,0.5954925,0.53924567,16.134813814816113,6.888775466598402,9.602038125969955,11.81464009885666,14.514877228380191,16.84345747557392,41.248305859950825,3122.360088626204,2268.7669027431307,0.069342904,5378.747504818282,ABNORMAL
Cold (134),-504.56354,47.732525,-25.94548,11.901097,-16.345629,0.7390339,-12.939165,-14.182047,-12.383613,-5.3826327,-13.84595,-5.692258,-12.01679,-0.034789786,-0.35436922,0.005418702,0.0907258,0.09901518,0.08941973,-0.048922703,0.11569392,0.026182437,0.049914725,0.015261742,-0.024311813,0.1259131,-0.21831284,0.2788915,-0.09102965,-0.030971855,-0.015271769,-0.010332721,0.01984611,-0.032682586,0.0073685837,-0.031069318,0.027326649,0.07404564,-0.00032378922,7.919903e-06,1.6054768e-05,0.00025009617,0.0001284422,0.0011923661,0.0008416106,0.0017543645,0.0024315503,0.0012994079,0.0034796044,0.0011745028,0.002445126,0.002806922,0.0015600852,0.004933227,0.0020535397,0.0044008405,0.0041406094,0.0023924836,0.006723884,0.0027223912,0.005923118,0.004891004,0.0029368105,0.005297115,0.0017163735,0.003672996,0.0021781889,0.0013586511,0.0028831135,0.0010148544,0.0022260565,0.0014591421,0.0009451481,0.0030294748,0.00088760705,0.0018742431,0.0016103521,0.0010419328,0.0037402718,0.0016206342,0.0018254899,0.0031121513,0.0019415258,0.0018549785,0.0017637763,0.0016019079,0.0011722774,0.0013437653,0.0015357768,0.001482839,0.0011401513,0.00091777643,0.00082390185,0.0010830612,0.0014100826,0.00162719,0.0016343443,0.001614457,0.0016772605,0.0011530623,0.00084707077,0.0006617405,0.0007007203,0.0008862795,0.00069416885,0.0006068551,0.0004358689,0.0006004191,0.00051440817,0.0004366733,0.00038423412,0.00031530738,0.000272896,0.00027638068,0.00022634825,0.00016724462,0.00019017563,0.00023311179,0.00035399196,0.0005677844,0.00084694446,0.0007604644,0.00048049403,0.00021258021,0.0001077157,0.00012752457,0.00044452262,0.0007961375,0.0007179132,0.0006957833,0.0008657119,0.0011457223,0.0010550563,0.00056263077,0.00039012055,0.00027732216,0.00035545585,0.0004694317,0.00039492332,0.0002668173,0.00029730852,0.0003737681,0.00055938173,0.0014561228,0.0018333984,0.0007658577,0.00077315385,0.0013937183,0.0026418122,0.001542191,0.0013882666,0.0011263842,0.0012465244,0.00070871273,0.00055526063,0.00038612203,0.00017562318,9.4057934e-05,0.00011989913,7.460766e-05,5.303979e-05,5.4439377e-05,5.324545e-05,5.761421e-05,4.4710705e-05,1.5698139e-05,9.88834e-07,0.50928634,0.47425097,0.43297836,0.4139907,0.43396065,0.4517559,0.4758132,0.53890276,0.6215816,0.64671075,0.5954925,0.53924567,16.134813814816113,6.888775466598402,9.602038125969955,11.81464009885666,14.514877228380191,16.84345747557392,41.248305859950825,3122.360088626204,2268.7669027431307,0.069342904,5378.747504818282,ABNORMAL
Cold (135),-504.56354,47.732525,-25.94548,11.901097,-16.345629,0.7390339,-12.939165,-14.182047,-12.383613,-5.3826327,-13.84595,-5.692258,-12.01679,-0.034789786,-0.35436922,0.005418702,0.0907258,0.09901518,0.08941973,-0.048922703,0.11569392,0.026182437,0.049914725,0.015261742,-0.024311813,0.1259131,-0.21831284,0.2788915,-0.09102965,-0.030971855,-0.015271769,-0.010332721,0.01984611,-0.032682586,0.0073685837,-0.031069318,0.027326649,0.07404564,-0.00032378922,7.919903e-06,1.6054768e-05,0.00025009617,0.0001284422,0.0011923661,0.0008416106,0.0017543645,0.0024315503,0.0012994079,0.0034796044,0.0011745028,0.002445126,0.002806922,0.0015600852,0.004933227,0.0020535397,0.0044008405,0.0041406094,0.0023924836,0.006723884,0.0027223912,0.005923118,0.004891004,0.0029368105,0.005297115,0.0017163735,0.003672996,0.0021781889,0.0013586511,0.0028831135,0.0010148544,0.0022260565,0.0014591421,0.0009451481,0.0030294748,0.00088760705,0.0018742431,0.0016103521,0.0010419328,0.0037402718,0.0016206342,0.0018254899,0.0031121513,0.0019415258,0.0018549785,0.0017637763,0.0016019079,0.0011722774,0.0013437653,0.0015357768,0.001482839,0.0011401513,0.00091777643,0.00082390185,0.0010830612,0.0014100826,0.00162719,0.0016343443,0.001614457,0.0016772605,0.0011530623,0.00084707077,0.0006617405,0.0007007203,0.0008862795,0.00069416885,0.0006068551,0.0004358689,0.0006004191,0.00051440817,0.0004366733,0.00038423412,0.00031530738,0.000272896,0.00027638068,0.00022634825,0.00016724462,0.00019017563,0.00023311179,0.00035399196,0.0005677844,0.00084694446,0.0007604644,0.00048049403,0.00021258021,0.0001077157,0.00012752457,0.00044452262,0.0007961375,0.0007179132,0.0006957833,0.0008657119,0.0011457223,0.0010550563,0.00056263077,0.00039012055,0.00027732216,0.00035545585,0.0004694317,0.00039492332,0.0002668173,0.00029730852,0.0003737681,0.00055938173,0.0014561228,0.0018333984,0.0007658577,0.00077315385,0.0013937183,0.0026418122,0.001542191,0.0013882666,0.0011263842,0.0012465244,0.00070871273,0.00055526063,0.00038612203,0.00017562318,9.4057934e-05,0.00011989913,7.460766e-05,5.303979e-05,5.4439377e-05,5.324545e-05,5.761421e-05,4.4710705e-05,1.5698139e-05,9.88834e-07,0.50928634,0.47425097,0.43297836,0.4139907,0.43396065,0.4517559,0.4758132,0.53890276,0.6215816,0.64671075,0.5954925,0.53924567,16.134813814816113,6.888775466598402,9.602038125969955,11.81464009885666,14.514877228380191,16.84345747557392,41.248305859950825,3122.360088626204,2268.7669027431307,0.069342904,5378.747504818282,ABNORMAL
Cold (136),-504.56354,47.732525,-25.94548,11.901097,-16.345629,0.7390339,-12.939165,-14.182047,-12.383613,-5.3826327,-13.84595,-5.692258,-12.01679,-0.034789786,-0.35436922,0.005418702,0.0907258,0.09901518,0.08941973,-0.048922703,0.11569392,0.026182437,0.049914725,0.015261742,-0.024311813,0.1259131,-0.21831284,0.2788915,-0.09102965,-0.030971855,-0.015271769,-0.010332721,0.01984611,-0.032682586,0.0073685837,-0.031069318,0.027326649,0.07404564,-0.00032378922,7.919903e-06,1.6054768e-05,0.00025009617,0.0001284422,0.0011923661,0.0008416106,0.0017543645,0.0024315503,0.0012994079,0.0034796044,0.0011745028,0.002445126,0.002806922,0.0015600852,0.004933227,0.0020535397,0.0044008405,0.0041406094,0.0023924836,0.006723884,0.0027223912,0.005923118,0.004891004,0.0029368105,0.005297115,0.0017163735,0.003672996,0.0021781889,0.0013586511,0.0028831135,0.0010148544,0.0022260565,0.0014591421,0.0009451481,0.0030294748,0.00088760705,0.0018742431,0.0016103521,0.0010419328,0.0037402718,0.0016206342,0.0018254899,0.0031121513,0.0019415258,0.0018549785,0.0017637763,0.0016019079,0.0011722774,0.0013437653,0.0015357768,0.001482839,0.0011401513,0.00091777643,0.00082390185,0.0010830612,0.0014100826,0.00162719,0.0016343443,0.001614457,0.0016772605,0.0011530623,0.00084707077,0.0006617405,0.0007007203,0.0008862795,0.00069416885,0.0006068551,0.0004358689,0.0006004191,0.00051440817,0.0004366733,0.00038423412,0.00031530738,0.000272896,0.00027638068,0.00022634825,0.00016724462,0.00019017563,0.00023311179,0.00035399196,0.0005677844,0.00084694446,0.0007604644,0.00048049403,0.00021258021,0.0001077157,0.00012752457,0.00044452262,0.0007961375,0.0007179132,0.0006957833,0.0008657119,0.0011457223,0.0010550563,0.00056263077,0.00039012055,0.00027732216,0.00035545585,0.0004694317,0.00039492332,0.0002668173,0.00029730852,0.0003737681,0.00055938173,0.0014561228,0.0018333984,0.0007658577,0.00077315385,0.0013937183,0.0026418122,0.001542191,0.0013882666,0.0011263842,0.0012465244,0.00070871273,0.00055526063,0.00038612203,0.00017562318,9.4057934e-05,0.00011989913,7.460766e-05,5.303979e-05,5.4439377e-05,5.324545e-05,5.761421e-05,4.4710705e-05,1.5698139e-05,9.88834e-07,0.50928634,0.47425097,0.43297836,0.4139907,0.43396065,0.4517559,0.4758132,0.53890276,0.6215816,0.64671075,0.5954925,0.53924567,16.134813814816113,6.888775466598402,9.602038125969955,11.81464009885666,14.514877228380191,16.84345747557392,41.248305859950825,3122.360088626204,2268.7669027431307,0.069342904,5378.747504818282,ABNORMAL
Cold (137),-504.56354,47.732525,-25.94548,11.901097,-16.345629,0.7390339,-12.939165,-14.182047,-12.383613,-5.3826327,-13.84595,-5.692258,-12.01679,-0.034789786,-0.35436922,0.005418702,0.0907258,0.09901518,0.08941973,-0.048922703,0.11569392,0.026182437,0.049914725,0.015261742,-0.024311813,0.1259131,-0.21831284,0.2788915,-0.09102965,-0.030971855,-0.015271769,-0.010332721,0.01984611,-0.032682586,0.0073685837,-0.031069318,0.027326649,0.07404564,-0.00032378922,7.919903e-06,1.6054768e-05,0.00025009617,0.0001284422,0.0011923661,0.0008416106,0.0017543645,0.0024315503,0.0012994079,0.0034796044,0.0011745028,0.002445126,0.002806922,0.0015600852,0.004933227,0.0020535397,0.0044008405,0.0041406094,0.0023924836,0.006723884,0.0027223912,0.005923118,0.004891004,0.0029368105,0.005297115,0.0017163735,0.003672996,0.0021781889,0.0013586511,0.0028831135,0.0010148544,0.0022260565,0.0014591421,0.0009451481,0.0030294748,0.00088760705,0.0018742431,0.0016103521,0.0010419328,0.0037402718,0.0016206342,0.0018254899,0.0031121513,0.0019415258,0.0018549785,0.0017637763,0.0016019079,0.0011722774,0.0013437653,0.0015357768,0.001482839,0.0011401513,0.00091777643,0.00082390185,0.0010830612,0.0014100826,0.00162719,0.0016343443,0.001614457,0.0016772605,0.0011530623,0.00084707077,0.0006617405,0.0007007203,0.0008862795,0.00069416885,0.0006068551,0.0004358689,0.0006004191,0.00051440817,0.0004366733,0.00038423412,0.00031530738,0.000272896,0.00027638068,0.00022634825,0.00016724462,0.00019017563,0.00023311179,0.00035399196,0.0005677844,0.00084694446,0.0007604644,0.00048049403,0.00021258021,0.0001077157,0.00012752457,0.00044452262,0.0007961375,0.0007179132,0.0006957833,0.0008657119,0.0011457223,0.0010550563,0.00056263077,0.00039012055,0.00027732216,0.00035545585,0.0004694317,0.00039492332,0.0002668173,0.00029730852,0.0003737681,0.00055938173,0.0014561228,0.0018333984,0.0007658577,0.00077315385,0.0013937183,0.0026418122,0.001542191,0.0013882666,0.0011263842,0.0012465244,0.00070871273,0.00055526063,0.00038612203,0.00017562318,9.4057934e-05,0.00011989913,7.460766e-05,5.303979e-05,5.4439377e-05,5.324545e-05,5.761421e-05,4.4710705e-05,1.5698139e-05,9.88834e-07,0.50928634,0.47425097,0.43297836,0.4139907,0.43396065,0.4517559,0.4758132,0.53890276,0.6215816,0.64671075,0.5954925,0.53924567,16.134813814816113,6.888775466598402,9.602038125969955,11.81464009885666,14.514877228380191,16.84345747557392,41.248305859950825,3122.360088626204,2268.7669027431307,0.069342904,5378.747504818282,ABNORMAL
Cold (138),-504.56354,47.732525,-25.94548,11.901097,-16.345629,0.7390339,-12.939165,-14.182047,-12.383613,-5.3826327,-13.84595,-5.692258,-12.01679,-0.034789786,-0.35436922,0.005418702,0.0907258,0.09901518,0.08941973,-0.048922703,0.11569392,0.026182437,0.049914725,0.015261742,-0.024311813,0.1259131,-0.21831284,0.2788915,-0.09102965,-0.030971855,-0.015271769,-0.010332721,0.01984611,-0.032682586,0.0073685837,-0.031069318,0.027326649,0.07404564,-0.00032378922,7.919903e-06,1.6054768e-05,0.00025009617,0.0001284422,0.0011923661,0.0008416106,0.0017543645,0.0024315503,0.0012994079,0.0034796044,0.0011745028,0.002445126,0.002806922,0.0015600852,0.004933227,0.0020535397,0.0044008405,0.0041406094,0.0023924836,0.006723884,0.0027223912,0.005923118,0.004891004,0.0029368105,0.005297115,0.0017163735,0.003672996,0.0021781889,0.0013586511,0.0028831135,0.0010148544,0.0022260565,0.0014591421,0.0009451481,0.0030294748,0.00088760705,0.0018742431,0.0016103521,0.0010419328,0.0037402718,0.0016206342,0.0018254899,0.0031121513,0.0019415258,0.0018549785,0.0017637763,0.0016019079,0.0011722774,0.0013437653,0.0015357768,0.001482839,0.0011401513,0.00091777643,0.00082390185,0.0010830612,0.0014100826,0.00162719,0.0016343443,0.001614457,0.0016772605,0.0011530623,0.00084707077,0.0006617405,0.0007007203,0.0008862795,0.00069416885,0.0006068551,0.0004358689,0.0006004191,0.00051440817,0.0004366733,0.00038423412,0.00031530738,0.000272896,0.00027638068,0.00022634825,0.00016724462,0.00019017563,0.00023311179,0.00035399196,0.0005677844,0.00084694446,0.0007604644,0.00048049403,0.00021258021,0.0001077157,0.00012752457,0.00044452262,0.0007961375,0.0007179132,0.0006957833,0.0008657119,0.0011457223,0.0010550563,0.00056263077,0.00039012055,0.00027732216,0.00035545585,0.0004694317,0.00039492332,0.0002668173,0.00029730852,0.0003737681,0.00055938173,0.0014561228,0.0018333984,0.0007658577,0.00077315385,0.0013937183,0.0026418122,0.001542191,0.0013882666,0.0011263842,0.0012465244,0.00070871273,0.00055526063,0.00038612203,0.00017562318,9.4057934e-05,0.00011989913,7.460766e-05,5.303979e-05,5.4439377e-05,5.324545e-05,5.761421e-05,4.4710705e-05,1.5698139e-05,9.88834e-07,0.50928634,0.47425097,0.43297836,0.4139907,0.43396065,0.4517559,0.4758132,0.53890276,0.6215816,0.64671075,0.5954925,0.53924567,16.134813814816113,6.888775466598402,9.602038125969955,11.81464009885666,14.514877228380191,16.84345747557392,41.248305859950825,3122.360088626204,2268.7669027431307,0.069342904,5378.747504818282,ABNORMAL
Cold (139),-504.56354,47.732525,-25.94548,11.901097,-16.345629,0.7390339,-12.939165,-14.182047,-12.383613,-5.3826327,-13.84595,-5.692258,-12.01679,-0.034789786,-0.35436922,0.005418702,0.0907258,0.09901518,0.08941973,-0.048922703,0.11569392,0.026182437,0.049914725,0.015261742,-0.024311813,0.1259131,-0.21831284,0.2788915,-0.09102965,-0.030971855,-0.015271769,-0.010332721,0.01984611,-0.032682586,0.0073685837,-0.031069318,0.027326649,0.07404564,-0.00032378922,7.919903e-06,1.6054768e-05,0.00025009617,0.0001284422,0.0011923661,0.0008416106,0.0017543645,0.0024315503,0.0012994079,0.0034796044,0.0011745028,0.002445126,0.002806922,0.0015600852,0.004933227,0.0020535397,0.0044008405,0.0041406094,0.0023924836,0.006723884,0.0027223912,0.005923118,0.004891004,0.0029368105,0.005297115,0.0017163735,0.003672996,0.0021781889,0.0013586511,0.0028831135,0.0010148544,0.0022260565,0.0014591421,0.0009451481,0.0030294748,0.00088760705,0.0018742431,0.0016103521,0.0010419328,0.0037402718,0.0016206342,0.0018254899,0.0031121513,0.0019415258,0.0018549785,0.0017637763,0.0016019079,0.0011722774,0.0013437653,0.0015357768,0.001482839,0.0011401513,0.00091777643,0.00082390185,0.0010830612,0.0014100826,0.00162719,0.0016343443,0.001614457,0.0016772605,0.0011530623,0.00084707077,0.0006617405,0.0007007203,0.0008862795,0.00069416885,0.0006068551,0.0004358689,0.0006004191,0.00051440817,0.0004366733,0.00038423412,0.00031530738,0.000272896,0.00027638068,0.00022634825,0.00016724462,0.00019017563,0.00023311179,0.00035399196,0.0005677844,0.00084694446,0.0007604644,0.00048049403,0.00021258021,0.0001077157,0.00012752457,0.00044452262,0.0007961375,0.0007179132,0.0006957833,0.0008657119,0.0011457223,0.0010550563,0.00056263077,0.00039012055,0.00027732216,0.00035545585,0.0004694317,0.00039492332,0.0002668173,0.00029730852,0.0003737681,0.00055938173,0.0014561228,0.0018333984,0.0007658577,0.00077315385,0.0013937183,0.0026418122,0.001542191,0.0013882666,0.0011263842,0.0012465244,0.00070871273,0.00055526063,0.00038612203,0.00017562318,9.4057934e-05,0.00011989913,7.460766e-05,5.303979e-05,5.4439377e-05,5.324545e-05,5.761421e-05,4.4710705e-05,1.5698139e-05,9.88834e-07,0.50928634,0.47425097,0.43297836,0.4139907,0.43396065,0.4517559,0.4758132,0.53890276,0.6215816,0.64671075,0.5954925,0.53924567,16.134813814816113,6.888775466598402,9.602038125969955,11.81464009885666,14.514877228380191,16.84345747557392,41.248305859950825,3122.360088626204,2268.7669027431307,0.069342904,5378.747504818282,ABNORMAL
Cold (14),-560.75037,54.41189,15.562826,29.688456,-28.339594,-14.163272,-26.993286,5.301174,-20.927528,-18.429604,1.0586463,-26.858505,-14.858907,-0.11860981,0.2762301,-0.06660389,0.34718925,-0.10456004,0.0349351,-0.052852068,-0.03979618,-0.22754265,-0.087358475,0.027697736,0.05339954,-0.046477307,-0.37506285,-0.050841417,-0.06360238,-0.07673897,0.096780695,0.01738759,0.07983518,0.032830153,0.0495028,0.0016900955,0.055855196,0.08852968,0.029785914,3.8023807e-06,7.707967e-06,1.2471717e-05,6.4051155e-06,4.96302e-05,0.00054954895,0.0011594788,0.020062635,0.010721367,0.08502098,0.021675222,0.044288166,0.010851531,0.006031275,0.002233599,0.0006709868,0.0013985109,0.0039369017,0.0022747794,0.009333619,0.0028333145,0.0059562814,0.002205026,0.0013240112,0.0010259139,0.0014089377,0.0034053249,0.0064922385,0.004049551,0.009786866,0.0023469834,0.0046840855,0.0030693945,0.001988177,0.003517221,0.0011192593,0.0024189153,0.0017544441,0.0011351637,0.001840607,0.00025922954,0.00027596686,7.2308256e-05,2.2396069e-05,2.0620726e-05,1.944928e-05,1.041395e-05,8.163568e-06,8.979074e-06,1.05856525e-05,1.3289621e-05,1.3241214e-05,1.34767115e-05,1.6055234e-05,1.5225855e-05,1.0510041e-05,7.0446554e-06,7.363833e-06,9.534019e-06,9.820937e-06,7.921888e-06,9.500274e-06,7.4714762e-06,7.1534514e-06,8.449498e-06,7.872175e-06,9.732642e-06,9.221104e-06,1.0948638e-05,2.2376631e-05,7.9161495e-05,0.00022236022,0.00020534144,0.00017952092,0.00046528786,0.0010020869,0.0010376772,0.000986589,0.00092804164,0.001044431,0.0011527201,0.0008850794,0.0004009673,0.00018143578,0.00013195183,7.971874e-05,7.549331e-05,0.00013384076,9.352852e-05,5.6487614e-05,0.00017506046,0.00037892646,0.0009575917,0.0018128855,0.0017604285,0.0018240251,0.0018349068,0.0017317326,0.0017037852,0.0015229107,0.0020586292,0.001763192,0.00071718724,0.0005434594,0.0005131294,0.00051238085,0.0005983726,0.0019942292,0.003424323,0.0023372364,0.0011909181,0.00047006863,0.00024663276,0.00010807431,3.985222e-05,2.1441612e-05,1.3290601e-05,1.3293269e-05,9.76277e-06,7.5654007e-06,4.0242057e-06,8.219773e-06,4.0008676e-05,0.000116128416,0.00016849687,0.00029765113,0.00019380271,1.2564836e-05,0.5018373,0.4672018,0.4485357,0.45132953,0.41112274,0.35685512,0.35288358,0.4012884,0.43618268,0.35756588,0.4030717,0.47134048,9.351017511105995,12.46393457332829,12.184206999785363,14.774641130878392,16.72807214829777,16.50652859160828,42.72597388431718,2742.3339721763305,2182.4338184472867,0.021981912,4753.370911593264,ABNORMAL
Cold (140),-504.56354,47.732525,-25.94548,11.901097,-16.345629,0.7390339,-12.939165,-14.182047,-12.383613,-5.3826327,-13.84595,-5.692258,-12.01679,-0.034789786,-0.35436922,0.005418702,0.0907258,0.09901518,0.08941973,-0.048922703,0.11569392,0.026182437,0.049914725,0.015261742,-0.024311813,0.1259131,-0.21831284,0.2788915,-0.09102965,-0.030971855,-0.015271769,-0.010332721,0.01984611,-0.032682586,0.0073685837,-0.031069318,0.027326649,0.07404564,-0.00032378922,7.919903e-06,1.6054768e-05,0.00025009617,0.0001284422,0.0011923661,0.0008416106,0.0017543645,0.0024315503,0.0012994079,0.0034796044,0.0011745028,0.002445126,0.002806922,0.0015600852,0.004933227,0.0020535397,0.0044008405,0.0041406094,0.0023924836,0.006723884,0.0027223912,0.005923118,0.004891004,0.0029368105,0.005297115,0.0017163735,0.003672996,0.0021781889,0.0013586511,0.0028831135,0.0010148544,0.0022260565,0.0014591421,0.0009451481,0.0030294748,0.00088760705,0.0018742431,0.0016103521,0.0010419328,0.0037402718,0.0016206342,0.0018254899,0.0031121513,0.0019415258,0.0018549785,0.0017637763,0.0016019079,0.0011722774,0.0013437653,0.0015357768,0.001482839,0.0011401513,0.00091777643,0.00082390185,0.0010830612,0.0014100826,0.00162719,0.0016343443,0.001614457,0.0016772605,0.0011530623,0.00084707077,0.0006617405,0.0007007203,0.0008862795,0.00069416885,0.0006068551,0.0004358689,0.0006004191,0.00051440817,0.0004366733,0.00038423412,0.00031530738,0.000272896,0.00027638068,0.00022634825,0.00016724462,0.00019017563,0.00023311179,0.00035399196,0.0005677844,0.00084694446,0.0007604644,0.00048049403,0.00021258021,0.0001077157,0.00012752457,0.00044452262,0.0007961375,0.0007179132,0.0006957833,0.0008657119,0.0011457223,0.0010550563,0.00056263077,0.00039012055,0.00027732216,0.00035545585,0.0004694317,0.00039492332,0.0002668173,0.00029730852,0.0003737681,0.00055938173,0.0014561228,0.0018333984,0.0007658577,0.00077315385,0.0013937183,0.0026418122,0.001542191,0.0013882666,0.0011263842,0.0012465244,0.00070871273,0.00055526063,0.00038612203,0.00017562318,9.4057934e-05,0.00011989913,7.460766e-05,5.303979e-05,5.4439377e-05,5.324545e-05,5.761421e-05,4.4710705e-05,1.5698139e-05,9.88834e-07,0.50928634,0.47425097,0.43297836,0.4139907,0.43396065,0.4517559,0.4758132,0.53890276,0.6215816,0.64671075,0.5954925,0.53924567,16.134813814816113,6.888775466598402,9.602038125969955,11.81464009885666,14.514877228380191,16.84345747557392,41.248305859950825,3122.360088626204,2268.7669027431307,0.069342904,5378.747504818282,ABNORMAL
Cold (141),-504.56354,47.732525,-25.94548,11.901097,-16.345629,0.7390339,-12.939165,-14.182047,-12.383613,-5.3826327,-13.84595,-5.692258,-12.01679,-0.034789786,-0.35436922,0.005418702,0.0907258,0.09901518,0.08941973,-0.048922703,0.11569392,0.026182437,0.049914725,0.015261742,-0.024311813,0.1259131,-0.21831284,0.2788915,-0.09102965,-0.030971855,-0.015271769,-0.010332721,0.01984611,-0.032682586,0.0073685837,-0.031069318,0.027326649,0.07404564,-0.00032378922,7.919903e-06,1.6054768e-05,0.00025009617,0.0001284422,0.0011923661,0.0008416106,0.0017543645,0.0024315503,0.0012994079,0.0034796044,0.0011745028,0.002445126,0.002806922,0.0015600852,0.004933227,0.0020535397,0.0044008405,0.0041406094,0.0023924836,0.006723884,0.0027223912,0.005923118,0.004891004,0.0029368105,0.005297115,0.0017163735,0.003672996,0.0021781889,0.0013586511,0.0028831135,0.0010148544,0.0022260565,0.0014591421,0.0009451481,0.0030294748,0.00088760705,0.0018742431,0.0016103521,0.0010419328,0.0037402718,0.0016206342,0.0018254899,0.0031121513,0.0019415258,0.0018549785,0.0017637763,0.0016019079,0.0011722774,0.0013437653,0.0015357768,0.001482839,0.0011401513,0.00091777643,0.00082390185,0.0010830612,0.0014100826,0.00162719,0.0016343443,0.001614457,0.0016772605,0.0011530623,0.00084707077,0.0006617405,0.0007007203,0.0008862795,0.00069416885,0.0006068551,0.0004358689,0.0006004191,0.00051440817,0.0004366733,0.00038423412,0.00031530738,0.000272896,0.00027638068,0.00022634825,0.00016724462,0.00019017563,0.00023311179,0.00035399196,0.0005677844,0.00084694446,0.0007604644,0.00048049403,0.00021258021,0.0001077157,0.00012752457,0.00044452262,0.0007961375,0.0007179132,0.0006957833,0.0008657119,0.0011457223,0.0010550563,0.00056263077,0.00039012055,0.00027732216,0.00035545585,0.0004694317,0.00039492332,0.0002668173,0.00029730852,0.0003737681,0.00055938173,0.0014561228,0.0018333984,0.0007658577,0.00077315385,0.0013937183,0.0026418122,0.001542191,0.0013882666,0.0011263842,0.0012465244,0.00070871273,0.00055526063,0.00038612203,0.00017562318,9.4057934e-05,0.00011989913,7.460766e-05,5.303979e-05,5.4439377e-05,5.324545e-05,5.761421e-05,4.4710705e-05,1.5698139e-05,9.88834e-07,0.50928634,0.47425097,0.43297836,0.4139907,0.43396065,0.4517559,0.4758132,0.53890276,0.6215816,0.64671075,0.5954925,0.53924567,16.134813814816113,6.888775466598402,9.602038125969955,11.81464009885666,14.514877228380191,16.84345747557392,41.248305859950825,3122.360088626204,2268.7669027431307,0.069342904,5378.747504818282,ABNORMAL
Cold (142),-504.56354,47.732525,-25.94548,11.901097,-16.345629,0.7390339,-12.939165,-14.182047,-12.383613,-5.3826327,-13.84595,-5.692258,-12.01679,-0.034789786,-0.35436922,0.005418702,0.0907258,0.09901518,0.08941973,-0.048922703,0.11569392,0.026182437,0.049914725,0.015261742,-0.024311813,0.1259131,-0.21831284,0.2788915,-0.09102965,-0.030971855,-0.015271769,-0.010332721,0.01984611,-0.032682586,0.0073685837,-0.031069318,0.027326649,0.07404564,-0.00032378922,7.919903e-06,1.6054768e-05,0.00025009617,0.0001284422,0.0011923661,0.0008416106,0.0017543645,0.0024315503,0.0012994079,0.0034796044,0.0011745028,0.002445126,0.002806922,0.0015600852,0.004933227,0.0020535397,0.0044008405,0.0041406094,0.0023924836,0.006723884,0.0027223912,0.005923118,0.004891004,0.0029368105,0.005297115,0.0017163735,0.003672996,0.0021781889,0.0013586511,0.0028831135,0.0010148544,0.0022260565,0.0014591421,0.0009451481,0.0030294748,0.00088760705,0.0018742431,0.0016103521,0.0010419328,0.0037402718,0.0016206342,0.0018254899,0.0031121513,0.0019415258,0.0018549785,0.0017637763,0.0016019079,0.0011722774,0.0013437653,0.0015357768,0.001482839,0.0011401513,0.00091777643,0.00082390185,0.0010830612,0.0014100826,0.00162719,0.0016343443,0.001614457,0.0016772605,0.0011530623,0.00084707077,0.0006617405,0.0007007203,0.0008862795,0.00069416885,0.0006068551,0.0004358689,0.0006004191,0.00051440817,0.0004366733,0.00038423412,0.00031530738,0.000272896,0.00027638068,0.00022634825,0.00016724462,0.00019017563,0.00023311179,0.00035399196,0.0005677844,0.00084694446,0.0007604644,0.00048049403,0.00021258021,0.0001077157,0.00012752457,0.00044452262,0.0007961375,0.0007179132,0.0006957833,0.0008657119,0.0011457223,0.0010550563,0.00056263077,0.00039012055,0.00027732216,0.00035545585,0.0004694317,0.00039492332,0.0002668173,0.00029730852,0.0003737681,0.00055938173,0.0014561228,0.0018333984,0.0007658577,0.00077315385,0.0013937183,0.0026418122,0.001542191,0.0013882666,0.0011263842,0.0012465244,0.00070871273,0.00055526063,0.00038612203,0.00017562318,9.4057934e-05,0.00011989913,7.460766e-05,5.303979e-05,5.4439377e-05,5.324545e-05,5.761421e-05,4.4710705e-05,1.5698139e-05,9.88834e-07,0.50928634,0.47425097,0.43297836,0.4139907,0.43396065,0.4517559,0.4758132,0.53890276,0.6215816,0.64671075,0.5954925,0.53924567,16.134813814816113,6.888775466598402,9.602038125969955,11.81464009885666,14.514877228380191,16.84345747557392,41.248305859950825,3122.360088626204,2268.7669027431307,0.069342904,5378.747504818282,ABNORMAL
Cold (143),-504.56354,47.732525,-25.94548,11.901097,-16.345629,0.7390339,-12.939165,-14.182047,-12.383613,-5.3826327,-13.84595,-5.692258,-12.01679,-0.034789786,-0.35436922,0.005418702,0.0907258,0.09901518,0.08941973,-0.048922703,0.11569392,0.026182437,0.049914725,0.015261742,-0.024311813,0.1259131,-0.21831284,0.2788915,-0.09102965,-0.030971855,-0.015271769,-0.010332721,0.01984611,-0.032682586,0.0073685837,-0.031069318,0.027326649,0.07404564,-0.00032378922,7.919903e-06,1.6054768e-05,0.00025009617,0.0001284422,0.0011923661,0.0008416106,0.0017543645,0.0024315503,0.0012994079,0.0034796044,0.0011745028,0.002445126,0.002806922,0.0015600852,0.004933227,0.0020535397,0.0044008405,0.0041406094,0.0023924836,0.006723884,0.0027223912,0.005923118,0.004891004,0.0029368105,0.005297115,0.0017163735,0.003672996,0.0021781889,0.0013586511,0.0028831135,0.0010148544,0.0022260565,0.0014591421,0.0009451481,0.0030294748,0.00088760705,0.0018742431,0.0016103521,0.0010419328,0.0037402718,0.0016206342,0.0018254899,0.0031121513,0.0019415258,0.0018549785,0.0017637763,0.0016019079,0.0011722774,0.0013437653,0.0015357768,0.001482839,0.0011401513,0.00091777643,0.00082390185,0.0010830612,0.0014100826,0.00162719,0.0016343443,0.001614457,0.0016772605,0.0011530623,0.00084707077,0.0006617405,0.0007007203,0.0008862795,0.00069416885,0.0006068551,0.0004358689,0.0006004191,0.00051440817,0.0004366733,0.00038423412,0.00031530738,0.000272896,0.00027638068,0.00022634825,0.00016724462,0.00019017563,0.00023311179,0.00035399196,0.0005677844,0.00084694446,0.0007604644,0.00048049403,0.00021258021,0.0001077157,0.00012752457,0.00044452262,0.0007961375,0.0007179132,0.0006957833,0.0008657119,0.0011457223,0.0010550563,0.00056263077,0.00039012055,0.00027732216,0.00035545585,0.0004694317,0.00039492332,0.0002668173,0.00029730852,0.0003737681,0.00055938173,0.0014561228,0.0018333984,0.0007658577,0.00077315385,0.0013937183,0.0026418122,0.001542191,0.0013882666,0.0011263842,0.0012465244,0.00070871273,0.00055526063,0.00038612203,0.00017562318,9.4057934e-05,0.00011989913,7.460766e-05,5.303979e-05,5.4439377e-05,5.324545e-05,5.761421e-05,4.4710705e-05,1.5698139e-05,9.88834e-07,0.50928634,0.47425097,0.43297836,0.4139907,0.43396065,0.4517559,0.4758132,0.53890276,0.6215816,0.64671075,0.5954925,0.53924567,16.134813814816113,6.888775466598402,9.602038125969955,11.81464009885666,14.514877228380191,16.84345747557392,41.248305859950825,3122.360088626204,2268.7669027431307,0.069342904,5378.747504818282,ABNORMAL
Cold (144),-504.56354,47.732525,-25.94548,11.901097,-16.345629,0.7390339,-12.939165,-14.182047,-12.383613,-5.3826327,-13.84595,-5.692258,-12.01679,-0.034789786,-0.35436922,0.005418702,0.0907258,0.09901518,0.08941973,-0.048922703,0.11569392,0.026182437,0.049914725,0.015261742,-0.024311813,0.1259131,-0.21831284,0.2788915,-0.09102965,-0.030971855,-0.015271769,-0.010332721,0.01984611,-0.032682586,0.0073685837,-0.031069318,0.027326649,0.07404564,-0.00032378922,7.919903e-06,1.6054768e-05,0.00025009617,0.0001284422,0.0011923661,0.0008416106,0.0017543645,0.0024315503,0.0012994079,0.0034796044,0.0011745028,0.002445126,0.002806922,0.0015600852,0.004933227,0.0020535397,0.0044008405,0.0041406094,0.0023924836,0.006723884,0.0027223912,0.005923118,0.004891004,0.0029368105,0.005297115,0.0017163735,0.003672996,0.0021781889,0.0013586511,0.0028831135,0.0010148544,0.0022260565,0.0014591421,0.0009451481,0.0030294748,0.00088760705,0.0018742431,0.0016103521,0.0010419328,0.0037402718,0.0016206342,0.0018254899,0.0031121513,0.0019415258,0.0018549785,0.0017637763,0.0016019079,0.0011722774,0.0013437653,0.0015357768,0.001482839,0.0011401513,0.00091777643,0.00082390185,0.0010830612,0.0014100826,0.00162719,0.0016343443,0.001614457,0.0016772605,0.0011530623,0.00084707077,0.0006617405,0.0007007203,0.0008862795,0.00069416885,0.0006068551,0.0004358689,0.0006004191,0.00051440817,0.0004366733,0.00038423412,0.00031530738,0.000272896,0.00027638068,0.00022634825,0.00016724462,0.00019017563,0.00023311179,0.00035399196,0.0005677844,0.00084694446,0.0007604644,0.00048049403,0.00021258021,0.0001077157,0.00012752457,0.00044452262,0.0007961375,0.0007179132,0.0006957833,0.0008657119,0.0011457223,0.0010550563,0.00056263077,0.00039012055,0.00027732216,0.00035545585,0.0004694317,0.00039492332,0.0002668173,0.00029730852,0.0003737681,0.00055938173,0.0014561228,0.0018333984,0.0007658577,0.00077315385,0.0013937183,0.0026418122,0.001542191,0.0013882666,0.0011263842,0.0012465244,0.00070871273,0.00055526063,0.00038612203,0.00017562318,9.4057934e-05,0.00011989913,7.460766e-05,5.303979e-05,5.4439377e-05,5.324545e-05,5.761421e-05,4.4710705e-05,1.5698139e-05,9.88834e-07,0.50928634,0.47425097,0.43297836,0.4139907,0.43396065,0.4517559,0.4758132,0.53890276,0.6215816,0.64671075,0.5954925,0.53924567,16.134813814816113,6.888775466598402,9.602038125969955,11.81464009885666,14.514877228380191,16.84345747557392,41.248305859950825,3122.360088626204,2268.7669027431307,0.069342904,5378.747504818282,ABNORMAL
Cold (145),-504.56354,47.732525,-25.94548,11.901097,-16.345629,0.7390339,-12.939165,-14.182047,-12.383613,-5.3826327,-13.84595,-5.692258,-12.01679,-0.034789786,-0.35436922,0.005418702,0.0907258,0.09901518,0.08941973,-0.048922703,0.11569392,0.026182437,0.049914725,0.015261742,-0.024311813,0.1259131,-0.21831284,0.2788915,-0.09102965,-0.030971855,-0.015271769,-0.010332721,0.01984611,-0.032682586,0.0073685837,-0.031069318,0.027326649,0.07404564,-0.00032378922,7.919903e-06,1.6054768e-05,0.00025009617,0.0001284422,0.0011923661,0.0008416106,0.0017543645,0.0024315503,0.0012994079,0.0034796044,0.0011745028,0.002445126,0.002806922,0.0015600852,0.004933227,0.0020535397,0.0044008405,0.0041406094,0.0023924836,0.006723884,0.0027223912,0.005923118,0.004891004,0.0029368105,0.005297115,0.0017163735,0.003672996,0.0021781889,0.0013586511,0.0028831135,0.0010148544,0.0022260565,0.0014591421,0.0009451481,0.0030294748,0.00088760705,0.0018742431,0.0016103521,0.0010419328,0.0037402718,0.0016206342,0.0018254899,0.0031121513,0.0019415258,0.0018549785,0.0017637763,0.0016019079,0.0011722774,0.0013437653,0.0015357768,0.001482839,0.0011401513,0.00091777643,0.00082390185,0.0010830612,0.0014100826,0.00162719,0.0016343443,0.001614457,0.0016772605,0.0011530623,0.00084707077,0.0006617405,0.0007007203,0.0008862795,0.00069416885,0.0006068551,0.0004358689,0.0006004191,0.00051440817,0.0004366733,0.00038423412,0.00031530738,0.000272896,0.00027638068,0.00022634825,0.00016724462,0.00019017563,0.00023311179,0.00035399196,0.0005677844,0.00084694446,0.0007604644,0.00048049403,0.00021258021,0.0001077157,0.00012752457,0.00044452262,0.0007961375,0.0007179132,0.0006957833,0.0008657119,0.0011457223,0.0010550563,0.00056263077,0.00039012055,0.00027732216,0.00035545585,0.0004694317,0.00039492332,0.0002668173,0.00029730852,0.0003737681,0.00055938173,0.0014561228,0.0018333984,0.0007658577,0.00077315385,0.0013937183,0.0026418122,0.001542191,0.0013882666,0.0011263842,0.0012465244,0.00070871273,0.00055526063,0.00038612203,0.00017562318,9.4057934e-05,0.00011989913,7.460766e-05,5.303979e-05,5.4439377e-05,5.324545e-05,5.761421e-05,4.4710705e-05,1.5698139e-05,9.88834e-07,0.50928634,0.47425097,0.43297836,0.4139907,0.43396065,0.4517559,0.4758132,0.53890276,0.6215816,0.64671075,0.5954925,0.53924567,16.134813814816113,6.888775466598402,9.602038125969955,11.81464009885666,14.514877228380191,16.84345747557392,41.248305859950825,3122.360088626204,2268.7669027431307,0.069342904,5378.747504818282,ABNORMAL
Cold (146),-371.17746,54.069695,-41.599445,1.0487508,-49.32276,2.0879855,-13.893909,-7.2878175,-15.426704,-7.830971,-12.196342,-6.534059,-1.6161827,-0.26704606,-0.10795842,-0.051283434,0.020266717,0.021447271,0.08378498,0.038715556,-0.02370716,-0.0021671331,0.022340266,0.0033039832,0.0059156283,-0.0025867661,0.0019449595,-0.016036179,-0.007431282,-0.0142969275,0.010502059,-0.012540062,0.017217536,-0.008583044,0.0059511764,-0.0044949874,0.0320323,-0.0011463058,0.006911362,1.1458162e-05,2.3227323e-05,9.953358e-05,5.1117582e-05,0.0003948799,0.0016065418,0.0033848279,0.015615956,0.008345085,0.023813533,0.0028564073,0.005329637,0.00201873,0.0011220089,0.014993949,0.02460699,0.05553355,0.0667941,0.03859427,0.042563055,0.005493798,0.009368806,0.017454622,0.010480654,0.08034238,0.036309343,0.08142636,0.03266736,0.020376354,0.017337875,0.007588393,0.017272634,0.042491693,0.027523668,0.10729407,0.03110607,0.06547608,0.018701637,0.012100368,0.037929,0.043644305,0.04997147,0.109501965,0.040365573,0.033409905,0.018739775,0.013324712,0.0139365345,0.015361116,0.01527896,0.012405173,0.008464935,0.0063594915,0.0076594595,0.008957032,0.0107992375,0.009995354,0.006628162,0.0036403774,0.0022077882,0.0021969702,0.0026586407,0.0025666135,0.0019902952,0.0021532576,0.003110912,0.0026004715,0.001871243,0.0025558153,0.002182868,0.0017782014,0.0015302432,0.0011205096,0.00083451316,0.00069986866,0.0006273907,0.0006252402,0.0011730463,0.0014143368,0.0018551189,0.0025949492,0.004372047,0.0043797027,0.0034892429,0.003409277,0.002399589,0.0015443828,0.0017879137,0.0021629932,0.0027319067,0.0034407836,0.003703712,0.0042617274,0.0038612578,0.0038150705,0.0044198753,0.004112554,0.004154766,0.0030074597,0.0017354644,0.001414568,0.0017067991,0.0018730337,0.0016462966,0.0011645751,0.0008956075,0.0007429085,0.00076677173,0.0011825172,0.0013783562,0.00075153477,0.00045312147,0.0003002503,0.00020257862,0.00013684001,8.314554e-05,7.280378e-05,9.945175e-05,5.6357545e-05,4.5991877e-05,4.4323653e-05,4.986505e-05,4.938391e-05,5.3346637e-05,5.477165e-05,6.3046515e-05,3.1466177e-05,2.7702465e-06,0.472251,0.4994163,0.43192956,0.33788636,0.3713504,0.40866122,0.31322753,0.29756936,0.40025002,0.5268634,0.58711165,0.5228747,11.538629247132395,9.203844131415204,11.211143129209441,13.764996862638112,15.519935356581229,15.668697883682478,45.41226768449687,2955.100492662075,2259.4683420762967,0.044054486,5431.516431725543,ABNORMAL
Cold (147),-371.17746,54.069695,-41.599445,1.0487508,-49.32276,2.0879855,-13.893909,-7.2878175,-15.426704,-7.830971,-12.196342,-6.534059,-1.6161827,-0.26704606,-0.10795842,-0.051283434,0.020266717,0.021447271,0.08378498,0.038715556,-0.02370716,-0.0021671331,0.022340266,0.0033039832,0.0059156283,-0.0025867661,0.0019449595,-0.016036179,-0.007431282,-0.0142969275,0.010502059,-0.012540062,0.017217536,-0.008583044,0.0059511764,-0.0044949874,0.0320323,-0.0011463058,0.006911362,1.1458162e-05,2.3227323e-05,9.953358e-05,5.1117582e-05,0.0003948799,0.0016065418,0.0033848279,0.015615956,0.008345085,0.023813533,0.0028564073,0.005329637,0.00201873,0.0011220089,0.014993949,0.02460699,0.05553355,0.0667941,0.03859427,0.042563055,0.005493798,0.009368806,0.017454622,0.010480654,0.08034238,0.036309343,0.08142636,0.03266736,0.020376354,0.017337875,0.007588393,0.017272634,0.042491693,0.027523668,0.10729407,0.03110607,0.06547608,0.018701637,0.012100368,0.037929,0.043644305,0.04997147,0.109501965,0.040365573,0.033409905,0.018739775,0.013324712,0.0139365345,0.015361116,0.01527896,0.012405173,0.008464935,0.0063594915,0.0076594595,0.008957032,0.0107992375,0.009995354,0.006628162,0.0036403774,0.0022077882,0.0021969702,0.0026586407,0.0025666135,0.0019902952,0.0021532576,0.003110912,0.0026004715,0.001871243,0.0025558153,0.002182868,0.0017782014,0.0015302432,0.0011205096,0.00083451316,0.00069986866,0.0006273907,0.0006252402,0.0011730463,0.0014143368,0.0018551189,0.0025949492,0.004372047,0.0043797027,0.0034892429,0.003409277,0.002399589,0.0015443828,0.0017879137,0.0021629932,0.0027319067,0.0034407836,0.003703712,0.0042617274,0.0038612578,0.0038150705,0.0044198753,0.004112554,0.004154766,0.0030074597,0.0017354644,0.001414568,0.0017067991,0.0018730337,0.0016462966,0.0011645751,0.0008956075,0.0007429085,0.00076677173,0.0011825172,0.0013783562,0.00075153477,0.00045312147,0.0003002503,0.00020257862,0.00013684001,8.314554e-05,7.280378e-05,9.945175e-05,5.6357545e-05,4.5991877e-05,4.4323653e-05,4.986505e-05,4.938391e-05,5.3346637e-05,5.477165e-05,6.3046515e-05,3.1466177e-05,2.7702465e-06,0.472251,0.4994163,0.43192956,0.33788636,0.3713504,0.40866122,0.31322753,0.29756936,0.40025002,0.5268634,0.58711165,0.5228747,11.538629247132395,9.203844131415204,11.211143129209441,13.764996862638112,15.519935356581229,15.668697883682478,45.41226768449687,2955.100492662075,2259.4683420762967,0.044054486,5431.516431725543,ABNORMAL
Cold (148),-371.17746,54.069695,-41.599445,1.0487508,-49.32276,2.0879855,-13.893909,-7.2878175,-15.426704,-7.830971,-12.196342,-6.534059,-1.6161827,-0.26704606,-0.10795842,-0.051283434,0.020266717,0.021447271,0.08378498,0.038715556,-0.02370716,-0.0021671331,0.022340266,0.0033039832,0.0059156283,-0.0025867661,0.0019449595,-0.016036179,-0.007431282,-0.0142969275,0.010502059,-0.012540062,0.017217536,-0.008583044,0.0059511764,-0.0044949874,0.0320323,-0.0011463058,0.006911362,1.1458162e-05,2.3227323e-05,9.953358e-05,5.1117582e-05,0.0003948799,0.0016065418,0.0033848279,0.015615956,0.008345085,0.023813533,0.0028564073,0.005329637,0.00201873,0.0011220089,0.014993949,0.02460699,0.05553355,0.0667941,0.03859427,0.042563055,0.005493798,0.009368806,0.017454622,0.010480654,0.08034238,0.036309343,0.08142636,0.03266736,0.020376354,0.017337875,0.007588393,0.017272634,0.042491693,0.027523668,0.10729407,0.03110607,0.06547608,0.018701637,0.012100368,0.037929,0.043644305,0.04997147,0.109501965,0.040365573,0.033409905,0.018739775,0.013324712,0.0139365345,0.015361116,0.01527896,0.012405173,0.008464935,0.0063594915,0.0076594595,0.008957032,0.0107992375,0.009995354,0.006628162,0.0036403774,0.0022077882,0.0021969702,0.0026586407,0.0025666135,0.0019902952,0.0021532576,0.003110912,0.0026004715,0.001871243,0.0025558153,0.002182868,0.0017782014,0.0015302432,0.0011205096,0.00083451316,0.00069986866,0.0006273907,0.0006252402,0.0011730463,0.0014143368,0.0018551189,0.0025949492,0.004372047,0.0043797027,0.0034892429,0.003409277,0.002399589,0.0015443828,0.0017879137,0.0021629932,0.0027319067,0.0034407836,0.003703712,0.0042617274,0.0038612578,0.0038150705,0.0044198753,0.004112554,0.004154766,0.0030074597,0.0017354644,0.001414568,0.0017067991,0.0018730337,0.0016462966,0.0011645751,0.0008956075,0.0007429085,0.00076677173,0.0011825172,0.0013783562,0.00075153477,0.00045312147,0.0003002503,0.00020257862,0.00013684001,8.314554e-05,7.280378e-05,9.945175e-05,5.6357545e-05,4.5991877e-05,4.4323653e-05,4.986505e-05,4.938391e-05,5.3346637e-05,5.477165e-05,6.3046515e-05,3.1466177e-05,2.7702465e-06,0.472251,0.4994163,0.43192956,0.33788636,0.3713504,0.40866122,0.31322753,0.29756936,0.40025002,0.5268634,0.58711165,0.5228747,11.538629247132395,9.203844131415204,11.211143129209441,13.764996862638112,15.519935356581229,15.668697883682478,45.41226768449687,2955.100492662075,2259.4683420762967,0.044054486,5431.516431725543,ABNORMAL
Cold (149),-371.17746,54.069695,-41.599445,1.0487508,-49.32276,2.0879855,-13.893909,-7.2878175,-15.426704,-7.830971,-12.196342,-6.534059,-1.6161827,-0.26704606,-0.10795842,-0.051283434,0.020266717,0.021447271,0.08378498,0.038715556,-0.02370716,-0.0021671331,0.022340266,0.0033039832,0.0059156283,-0.0025867661,0.0019449595,-0.016036179,-0.007431282,-0.0142969275,0.010502059,-0.012540062,0.017217536,-0.008583044,0.0059511764,-0.0044949874,0.0320323,-0.0011463058,0.006911362,1.1458162e-05,2.3227323e-05,9.953358e-05,5.1117582e-05,0.0003948799,0.0016065418,0.0033848279,0.015615956,0.008345085,0.023813533,0.0028564073,0.005329637,0.00201873,0.0011220089,0.014993949,0.02460699,0.05553355,0.0667941,0.03859427,0.042563055,0.005493798,0.009368806,0.017454622,0.010480654,0.08034238,0.036309343,0.08142636,0.03266736,0.020376354,0.017337875,0.007588393,0.017272634,0.042491693,0.027523668,0.10729407,0.03110607,0.06547608,0.018701637,0.012100368,0.037929,0.043644305,0.04997147,0.109501965,0.040365573,0.033409905,0.018739775,0.013324712,0.0139365345,0.015361116,0.01527896,0.012405173,0.008464935,0.0063594915,0.0076594595,0.008957032,0.0107992375,0.009995354,0.006628162,0.0036403774,0.0022077882,0.0021969702,0.0026586407,0.0025666135,0.0019902952,0.0021532576,0.003110912,0.0026004715,0.001871243,0.0025558153,0.002182868,0.0017782014,0.0015302432,0.0011205096,0.00083451316,0.00069986866,0.0006273907,0.0006252402,0.0011730463,0.0014143368,0.0018551189,0.0025949492,0.004372047,0.0043797027,0.0034892429,0.003409277,0.002399589,0.0015443828,0.0017879137,0.0021629932,0.0027319067,0.0034407836,0.003703712,0.0042617274,0.0038612578,0.0038150705,0.0044198753,0.004112554,0.004154766,0.0030074597,0.0017354644,0.001414568,0.0017067991,0.0018730337,0.0016462966,0.0011645751,0.0008956075,0.0007429085,0.00076677173,0.0011825172,0.0013783562,0.00075153477,0.00045312147,0.0003002503,0.00020257862,0.00013684001,8.314554e-05,7.280378e-05,9.945175e-05,5.6357545e-05,4.5991877e-05,4.4323653e-05,4.986505e-05,4.938391e-05,5.3346637e-05,5.477165e-05,6.3046515e-05,3.1466177e-05,2.7702465e-06,0.472251,0.4994163,0.43192956,0.33788636,0.3713504,0.40866122,0.31322753,0.29756936,0.40025002,0.5268634,0.58711165,0.5228747,11.538629247132395,9.203844131415204,11.211143129209441,13.764996862638112,15.519935356581229,15.668697883682478,45.41226768449687,2955.100492662075,2259.4683420762967,0.044054486,5431.516431725543,ABNORMAL
Cold (15),-581.8693,61.581657,25.21852,26.262888,-6.874117,-23.945097,-23.936258,10.61508,-32.704895,-11.2664385,-5.4031043,-24.721773,-18.015781,-0.17376854,-0.36827427,-0.21962152,0.017868778,-0.17444691,-0.0562235,-0.005531997,0.06552163,-0.09334423,0.054965097,0.120033,0.07776643,0.0515202,-0.0897623,0.035380233,0.035888117,-0.06469022,-0.011975016,-0.015589279,-0.025897799,0.010800428,0.02185102,0.028341942,-0.027927937,0.036152724,0.026499497,3.5216628e-06,7.1389113e-06,9.799578e-06,5.0327812e-06,4.146349e-05,0.0010069305,0.0021254413,0.03141261,0.016786734,0.08250216,0.0133450525,0.026055498,0.008841334,0.004914007,0.004155336,0.0009949586,0.0020202426,0.0020626192,0.0011918012,0.0057338537,0.0040727057,0.009246472,0.008254187,0.0049562384,0.0036165519,0.0018485419,0.004201135,0.0032127427,0.0020039566,0.0024620749,0.0004207439,0.0007344711,0.0005437841,0.00035223196,0.0010271351,0.00030096772,0.00063553086,9.979122e-05,6.45671e-05,7.2062176e-05,1.6080414e-05,1.7662072e-05,1.2557758e-05,4.877892e-06,4.996491e-06,6.066061e-06,7.3398924e-06,5.138291e-06,4.7140647e-06,5.020214e-06,7.4157792e-06,7.624792e-06,6.7756428e-06,7.722654e-06,6.674799e-06,4.5739353e-06,3.989681e-06,3.953087e-06,3.170553e-06,2.7709134e-06,2.977481e-06,3.5106993e-06,3.682632e-06,4.5402226e-06,7.0674305e-06,1.2693831e-05,2.8404533e-05,6.2913314e-05,0.00013019491,0.00016113988,0.000114424125,8.830911e-05,0.0001554305,0.00023581916,0.00039977618,0.00073886657,0.0011778113,0.0017541744,0.0012034232,0.0006879317,0.00043238947,0.00027524427,0.00017368647,0.00013406445,9.6494805e-05,7.6774275e-05,0.00010850702,0.00033835843,0.0006930747,0.0006384977,0.0002414753,0.00012831965,3.503535e-05,9.736871e-06,8.746582e-06,2.094722e-05,5.0013256e-05,9.915288e-05,0.00026198578,0.0003123817,0.0003337108,0.0004310422,0.0006702426,0.00069494674,0.0007574676,0.0005782627,0.00069405296,0.0013829446,0.0021443926,0.0017787421,0.000668596,0.00027487017,0.0002482535,0.00014042431,5.6067238e-05,5.741566e-05,0.00053822616,0.0010287239,0.0005586388,0.00019907551,8.693208e-05,0.00015267801,0.0002455263,0.00025749265,0.00036720675,0.0005397719,0.00043712326,3.778224e-05,0.55877274,0.49286625,0.42373088,0.40834582,0.37492967,0.38253778,0.37517464,0.36400378,0.44444674,0.4403883,0.46419752,0.52224994,9.066889434261428,12.750356824487751,12.06464233396667,14.27277909920132,16.70951244410266,17.677593355319242,43.301041570492984,2664.336698348249,2208.5332728173553,0.018561171,4462.39462388834,ABNORMAL
Cold (150),-371.17746,54.069695,-41.599445,1.0487508,-49.32276,2.0879855,-13.893909,-7.2878175,-15.426704,-7.830971,-12.196342,-6.534059,-1.6161827,-0.26704606,-0.10795842,-0.051283434,0.020266717,0.021447271,0.08378498,0.038715556,-0.02370716,-0.0021671331,0.022340266,0.0033039832,0.0059156283,-0.0025867661,0.0019449595,-0.016036179,-0.007431282,-0.0142969275,0.010502059,-0.012540062,0.017217536,-0.008583044,0.0059511764,-0.0044949874,0.0320323,-0.0011463058,0.006911362,1.1458162e-05,2.3227323e-05,9.953358e-05,5.1117582e-05,0.0003948799,0.0016065418,0.0033848279,0.015615956,0.008345085,0.023813533,0.0028564073,0.005329637,0.00201873,0.0011220089,0.014993949,0.02460699,0.05553355,0.0667941,0.03859427,0.042563055,0.005493798,0.009368806,0.017454622,0.010480654,0.08034238,0.036309343,0.08142636,0.03266736,0.020376354,0.017337875,0.007588393,0.017272634,0.042491693,0.027523668,0.10729407,0.03110607,0.06547608,0.018701637,0.012100368,0.037929,0.043644305,0.04997147,0.109501965,0.040365573,0.033409905,0.018739775,0.013324712,0.0139365345,0.015361116,0.01527896,0.012405173,0.008464935,0.0063594915,0.0076594595,0.008957032,0.0107992375,0.009995354,0.006628162,0.0036403774,0.0022077882,0.0021969702,0.0026586407,0.0025666135,0.0019902952,0.0021532576,0.003110912,0.0026004715,0.001871243,0.0025558153,0.002182868,0.0017782014,0.0015302432,0.0011205096,0.00083451316,0.00069986866,0.0006273907,0.0006252402,0.0011730463,0.0014143368,0.0018551189,0.0025949492,0.004372047,0.0043797027,0.0034892429,0.003409277,0.002399589,0.0015443828,0.0017879137,0.0021629932,0.0027319067,0.0034407836,0.003703712,0.0042617274,0.0038612578,0.0038150705,0.0044198753,0.004112554,0.004154766,0.0030074597,0.0017354644,0.001414568,0.0017067991,0.0018730337,0.0016462966,0.0011645751,0.0008956075,0.0007429085,0.00076677173,0.0011825172,0.0013783562,0.00075153477,0.00045312147,0.0003002503,0.00020257862,0.00013684001,8.314554e-05,7.280378e-05,9.945175e-05,5.6357545e-05,4.5991877e-05,4.4323653e-05,4.986505e-05,4.938391e-05,5.3346637e-05,5.477165e-05,6.3046515e-05,3.1466177e-05,2.7702465e-06,0.472251,0.4994163,0.43192956,0.33788636,0.3713504,0.40866122,0.31322753,0.29756936,0.40025002,0.5268634,0.58711165,0.5228747,11.538629247132395,9.203844131415204,11.211143129209441,13.764996862638112,15.519935356581229,15.668697883682478,45.41226768449687,2955.100492662075,2259.4683420762967,0.044054486,5431.516431725543,ABNORMAL
Cold (151),-371.17746,54.069695,-41.599445,1.0487508,-49.32276,2.0879855,-13.893909,-7.2878175,-15.426704,-7.830971,-12.196342,-6.534059,-1.6161827,-0.26704606,-0.10795842,-0.051283434,0.020266717,0.021447271,0.08378498,0.038715556,-0.02370716,-0.0021671331,0.022340266,0.0033039832,0.0059156283,-0.0025867661,0.0019449595,-0.016036179,-0.007431282,-0.0142969275,0.010502059,-0.012540062,0.017217536,-0.008583044,0.0059511764,-0.0044949874,0.0320323,-0.0011463058,0.006911362,1.1458162e-05,2.3227323e-05,9.953358e-05,5.1117582e-05,0.0003948799,0.0016065418,0.0033848279,0.015615956,0.008345085,0.023813533,0.0028564073,0.005329637,0.00201873,0.0011220089,0.014993949,0.02460699,0.05553355,0.0667941,0.03859427,0.042563055,0.005493798,0.009368806,0.017454622,0.010480654,0.08034238,0.036309343,0.08142636,0.03266736,0.020376354,0.017337875,0.007588393,0.017272634,0.042491693,0.027523668,0.10729407,0.03110607,0.06547608,0.018701637,0.012100368,0.037929,0.043644305,0.04997147,0.109501965,0.040365573,0.033409905,0.018739775,0.013324712,0.0139365345,0.015361116,0.01527896,0.012405173,0.008464935,0.0063594915,0.0076594595,0.008957032,0.0107992375,0.009995354,0.006628162,0.0036403774,0.0022077882,0.0021969702,0.0026586407,0.0025666135,0.0019902952,0.0021532576,0.003110912,0.0026004715,0.001871243,0.0025558153,0.002182868,0.0017782014,0.0015302432,0.0011205096,0.00083451316,0.00069986866,0.0006273907,0.0006252402,0.0011730463,0.0014143368,0.0018551189,0.0025949492,0.004372047,0.0043797027,0.0034892429,0.003409277,0.002399589,0.0015443828,0.0017879137,0.0021629932,0.0027319067,0.0034407836,0.003703712,0.0042617274,0.0038612578,0.0038150705,0.0044198753,0.004112554,0.004154766,0.0030074597,0.0017354644,0.001414568,0.0017067991,0.0018730337,0.0016462966,0.0011645751,0.0008956075,0.0007429085,0.00076677173,0.0011825172,0.0013783562,0.00075153477,0.00045312147,0.0003002503,0.00020257862,0.00013684001,8.314554e-05,7.280378e-05,9.945175e-05,5.6357545e-05,4.5991877e-05,4.4323653e-05,4.986505e-05,4.938391e-05,5.3346637e-05,5.477165e-05,6.3046515e-05,3.1466177e-05,2.7702465e-06,0.472251,0.4994163,0.43192956,0.33788636,0.3713504,0.40866122,0.31322753,0.29756936,0.40025002,0.5268634,0.58711165,0.5228747,11.538629247132395,9.203844131415204,11.211143129209441,13.764996862638112,15.519935356581229,15.668697883682478,45.41226768449687,2955.100492662075,2259.4683420762967,0.044054486,5431.516431725543,ABNORMAL
Cold (152),-371.17746,54.069695,-41.599445,1.0487508,-49.32276,2.0879855,-13.893909,-7.2878175,-15.426704,-7.830971,-12.196342,-6.534059,-1.6161827,-0.26704606,-0.10795842,-0.051283434,0.020266717,0.021447271,0.08378498,0.038715556,-0.02370716,-0.0021671331,0.022340266,0.0033039832,0.0059156283,-0.0025867661,0.0019449595,-0.016036179,-0.007431282,-0.0142969275,0.010502059,-0.012540062,0.017217536,-0.008583044,0.0059511764,-0.0044949874,0.0320323,-0.0011463058,0.006911362,1.1458162e-05,2.3227323e-05,9.953358e-05,5.1117582e-05,0.0003948799,0.0016065418,0.0033848279,0.015615956,0.008345085,0.023813533,0.0028564073,0.005329637,0.00201873,0.0011220089,0.014993949,0.02460699,0.05553355,0.0667941,0.03859427,0.042563055,0.005493798,0.009368806,0.017454622,0.010480654,0.08034238,0.036309343,0.08142636,0.03266736,0.020376354,0.017337875,0.007588393,0.017272634,0.042491693,0.027523668,0.10729407,0.03110607,0.06547608,0.018701637,0.012100368,0.037929,0.043644305,0.04997147,0.109501965,0.040365573,0.033409905,0.018739775,0.013324712,0.0139365345,0.015361116,0.01527896,0.012405173,0.008464935,0.0063594915,0.0076594595,0.008957032,0.0107992375,0.009995354,0.006628162,0.0036403774,0.0022077882,0.0021969702,0.0026586407,0.0025666135,0.0019902952,0.0021532576,0.003110912,0.0026004715,0.001871243,0.0025558153,0.002182868,0.0017782014,0.0015302432,0.0011205096,0.00083451316,0.00069986866,0.0006273907,0.0006252402,0.0011730463,0.0014143368,0.0018551189,0.0025949492,0.004372047,0.0043797027,0.0034892429,0.003409277,0.002399589,0.0015443828,0.0017879137,0.0021629932,0.0027319067,0.0034407836,0.003703712,0.0042617274,0.0038612578,0.0038150705,0.0044198753,0.004112554,0.004154766,0.0030074597,0.0017354644,0.001414568,0.0017067991,0.0018730337,0.0016462966,0.0011645751,0.0008956075,0.0007429085,0.00076677173,0.0011825172,0.0013783562,0.00075153477,0.00045312147,0.0003002503,0.00020257862,0.00013684001,8.314554e-05,7.280378e-05,9.945175e-05,5.6357545e-05,4.5991877e-05,4.4323653e-05,4.986505e-05,4.938391e-05,5.3346637e-05,5.477165e-05,6.3046515e-05,3.1466177e-05,2.7702465e-06,0.472251,0.4994163,0.43192956,0.33788636,0.3713504,0.40866122,0.31322753,0.29756936,0.40025002,0.5268634,0.58711165,0.5228747,11.538629247132395,9.203844131415204,11.211143129209441,13.764996862638112,15.519935356581229,15.668697883682478,45.41226768449687,2955.100492662075,2259.4683420762967,0.044054486,5431.516431725543,ABNORMAL
Cold (153),-371.17746,54.069695,-41.599445,1.0487508,-49.32276,2.0879855,-13.893909,-7.2878175,-15.426704,-7.830971,-12.196342,-6.534059,-1.6161827,-0.26704606,-0.10795842,-0.051283434,0.020266717,0.021447271,0.08378498,0.038715556,-0.02370716,-0.0021671331,0.022340266,0.0033039832,0.0059156283,-0.0025867661,0.0019449595,-0.016036179,-0.007431282,-0.0142969275,0.010502059,-0.012540062,0.017217536,-0.008583044,0.0059511764,-0.0044949874,0.0320323,-0.0011463058,0.006911362,1.1458162e-05,2.3227323e-05,9.953358e-05,5.1117582e-05,0.0003948799,0.0016065418,0.0033848279,0.015615956,0.008345085,0.023813533,0.0028564073,0.005329637,0.00201873,0.0011220089,0.014993949,0.02460699,0.05553355,0.0667941,0.03859427,0.042563055,0.005493798,0.009368806,0.017454622,0.010480654,0.08034238,0.036309343,0.08142636,0.03266736,0.020376354,0.017337875,0.007588393,0.017272634,0.042491693,0.027523668,0.10729407,0.03110607,0.06547608,0.018701637,0.012100368,0.037929,0.043644305,0.04997147,0.109501965,0.040365573,0.033409905,0.018739775,0.013324712,0.0139365345,0.015361116,0.01527896,0.012405173,0.008464935,0.0063594915,0.0076594595,0.008957032,0.0107992375,0.009995354,0.006628162,0.0036403774,0.0022077882,0.0021969702,0.0026586407,0.0025666135,0.0019902952,0.0021532576,0.003110912,0.0026004715,0.001871243,0.0025558153,0.002182868,0.0017782014,0.0015302432,0.0011205096,0.00083451316,0.00069986866,0.0006273907,0.0006252402,0.0011730463,0.0014143368,0.0018551189,0.0025949492,0.004372047,0.0043797027,0.0034892429,0.003409277,0.002399589,0.0015443828,0.0017879137,0.0021629932,0.0027319067,0.0034407836,0.003703712,0.0042617274,0.0038612578,0.0038150705,0.0044198753,0.004112554,0.004154766,0.0030074597,0.0017354644,0.001414568,0.0017067991,0.0018730337,0.0016462966,0.0011645751,0.0008956075,0.0007429085,0.00076677173,0.0011825172,0.0013783562,0.00075153477,0.00045312147,0.0003002503,0.00020257862,0.00013684001,8.314554e-05,7.280378e-05,9.945175e-05,5.6357545e-05,4.5991877e-05,4.4323653e-05,4.986505e-05,4.938391e-05,5.3346637e-05,5.477165e-05,6.3046515e-05,3.1466177e-05,2.7702465e-06,0.472251,0.4994163,0.43192956,0.33788636,0.3713504,0.40866122,0.31322753,0.29756936,0.40025002,0.5268634,0.58711165,0.5228747,11.538629247132395,9.203844131415204,11.211143129209441,13.764996862638112,15.519935356581229,15.668697883682478,45.41226768449687,2955.100492662075,2259.4683420762967,0.044054486,5431.516431725543,ABNORMAL
Cold (154),-371.17746,54.069695,-41.599445,1.0487508,-49.32276,2.0879855,-13.893909,-7.2878175,-15.426704,-7.830971,-12.196342,-6.534059,-1.6161827,-0.26704606,-0.10795842,-0.051283434,0.020266717,0.021447271,0.08378498,0.038715556,-0.02370716,-0.0021671331,0.022340266,0.0033039832,0.0059156283,-0.0025867661,0.0019449595,-0.016036179,-0.007431282,-0.0142969275,0.010502059,-0.012540062,0.017217536,-0.008583044,0.0059511764,-0.0044949874,0.0320323,-0.0011463058,0.006911362,1.1458162e-05,2.3227323e-05,9.953358e-05,5.1117582e-05,0.0003948799,0.0016065418,0.0033848279,0.015615956,0.008345085,0.023813533,0.0028564073,0.005329637,0.00201873,0.0011220089,0.014993949,0.02460699,0.05553355,0.0667941,0.03859427,0.042563055,0.005493798,0.009368806,0.017454622,0.010480654,0.08034238,0.036309343,0.08142636,0.03266736,0.020376354,0.017337875,0.007588393,0.017272634,0.042491693,0.027523668,0.10729407,0.03110607,0.06547608,0.018701637,0.012100368,0.037929,0.043644305,0.04997147,0.109501965,0.040365573,0.033409905,0.018739775,0.013324712,0.0139365345,0.015361116,0.01527896,0.012405173,0.008464935,0.0063594915,0.0076594595,0.008957032,0.0107992375,0.009995354,0.006628162,0.0036403774,0.0022077882,0.0021969702,0.0026586407,0.0025666135,0.0019902952,0.0021532576,0.003110912,0.0026004715,0.001871243,0.0025558153,0.002182868,0.0017782014,0.0015302432,0.0011205096,0.00083451316,0.00069986866,0.0006273907,0.0006252402,0.0011730463,0.0014143368,0.0018551189,0.0025949492,0.004372047,0.0043797027,0.0034892429,0.003409277,0.002399589,0.0015443828,0.0017879137,0.0021629932,0.0027319067,0.0034407836,0.003703712,0.0042617274,0.0038612578,0.0038150705,0.0044198753,0.004112554,0.004154766,0.0030074597,0.0017354644,0.001414568,0.0017067991,0.0018730337,0.0016462966,0.0011645751,0.0008956075,0.0007429085,0.00076677173,0.0011825172,0.0013783562,0.00075153477,0.00045312147,0.0003002503,0.00020257862,0.00013684001,8.314554e-05,7.280378e-05,9.945175e-05,5.6357545e-05,4.5991877e-05,4.4323653e-05,4.986505e-05,4.938391e-05,5.3346637e-05,5.477165e-05,6.3046515e-05,3.1466177e-05,2.7702465e-06,0.472251,0.4994163,0.43192956,0.33788636,0.3713504,0.40866122,0.31322753,0.29756936,0.40025002,0.5268634,0.58711165,0.5228747,11.538629247132395,9.203844131415204,11.211143129209441,13.764996862638112,15.519935356581229,15.668697883682478,45.41226768449687,2955.100492662075,2259.4683420762967,0.044054486,5431.516431725543,ABNORMAL
Cold (155),-371.17746,54.069695,-41.599445,1.0487508,-49.32276,2.0879855,-13.893909,-7.2878175,-15.426704,-7.830971,-12.196342,-6.534059,-1.6161827,-0.26704606,-0.10795842,-0.051283434,0.020266717,0.021447271,0.08378498,0.038715556,-0.02370716,-0.0021671331,0.022340266,0.0033039832,0.0059156283,-0.0025867661,0.0019449595,-0.016036179,-0.007431282,-0.0142969275,0.010502059,-0.012540062,0.017217536,-0.008583044,0.0059511764,-0.0044949874,0.0320323,-0.0011463058,0.006911362,1.1458162e-05,2.3227323e-05,9.953358e-05,5.1117582e-05,0.0003948799,0.0016065418,0.0033848279,0.015615956,0.008345085,0.023813533,0.0028564073,0.005329637,0.00201873,0.0011220089,0.014993949,0.02460699,0.05553355,0.0667941,0.03859427,0.042563055,0.005493798,0.009368806,0.017454622,0.010480654,0.08034238,0.036309343,0.08142636,0.03266736,0.020376354,0.017337875,0.007588393,0.017272634,0.042491693,0.027523668,0.10729407,0.03110607,0.06547608,0.018701637,0.012100368,0.037929,0.043644305,0.04997147,0.109501965,0.040365573,0.033409905,0.018739775,0.013324712,0.0139365345,0.015361116,0.01527896,0.012405173,0.008464935,0.0063594915,0.0076594595,0.008957032,0.0107992375,0.009995354,0.006628162,0.0036403774,0.0022077882,0.0021969702,0.0026586407,0.0025666135,0.0019902952,0.0021532576,0.003110912,0.0026004715,0.001871243,0.0025558153,0.002182868,0.0017782014,0.0015302432,0.0011205096,0.00083451316,0.00069986866,0.0006273907,0.0006252402,0.0011730463,0.0014143368,0.0018551189,0.0025949492,0.004372047,0.0043797027,0.0034892429,0.003409277,0.002399589,0.0015443828,0.0017879137,0.0021629932,0.0027319067,0.0034407836,0.003703712,0.0042617274,0.0038612578,0.0038150705,0.0044198753,0.004112554,0.004154766,0.0030074597,0.0017354644,0.001414568,0.0017067991,0.0018730337,0.0016462966,0.0011645751,0.0008956075,0.0007429085,0.00076677173,0.0011825172,0.0013783562,0.00075153477,0.00045312147,0.0003002503,0.00020257862,0.00013684001,8.314554e-05,7.280378e-05,9.945175e-05,5.6357545e-05,4.5991877e-05,4.4323653e-05,4.986505e-05,4.938391e-05,5.3346637e-05,5.477165e-05,6.3046515e-05,3.1466177e-05,2.7702465e-06,0.472251,0.4994163,0.43192956,0.33788636,0.3713504,0.40866122,0.31322753,0.29756936,0.40025002,0.5268634,0.58711165,0.5228747,11.538629247132395,9.203844131415204,11.211143129209441,13.764996862638112,15.519935356581229,15.668697883682478,45.41226768449687,2955.100492662075,2259.4683420762967,0.044054486,5431.516431725543,ABNORMAL
Cold (156),-770.7724,133.38324,40.168633,20.467796,-23.312311,-7.0840974,-16.527855,-17.221123,-18.818743,-13.364352,-14.74576,-16.054401,-6.626686,-0.29306656,-0.12069953,0.041741304,0.08515763,0.07634065,0.07247132,0.0037621886,0.03283306,0.046099026,0.04648907,0.1139937,0.041854873,0.0378989,0.08976535,-0.025198463,-0.080784895,-0.01641834,0.013215626,0.0098909475,0.009960949,-0.004039857,-0.052026056,-0.018241232,0.031373724,0.038688004,0.028093804,2.2479509e-07,4.5569166e-07,1.7194183e-06,8.830438e-07,1.1240025e-05,0.00012078018,0.00025482458,0.0015468498,0.00082662853,0.0014967265,8.6429645e-05,0.00013007157,3.8364655e-05,2.1323052e-05,0.0009263754,0.0028734189,0.0065371078,0.005464888,0.0031576648,0.0013509517,0.0001473251,0.00023256347,4.9197664e-05,2.9540815e-05,0.0006219001,0.00031585118,0.0007173623,0.00025775912,0.00016077797,0.00015320587,4.105686e-05,8.4618216e-05,0.00056886865,0.00036848043,0.001566491,0.00033952296,0.000642198,6.0725924e-05,3.9290997e-05,2.7154232e-05,5.1804323e-05,5.9545e-05,0.000264023,9.398312e-05,7.1102e-05,1.7396984e-05,3.389775e-06,1.4217982e-05,2.5239096e-05,3.355724e-05,2.9224597e-05,9.706812e-06,1.725712e-06,7.4871637e-06,1.8511086e-05,2.9477673e-05,2.3965353e-05,1.0442936e-05,3.2385553e-06,5.982103e-06,1.2693123e-05,6.52748e-06,1.5120039e-06,1.1374007e-06,1.4070266e-06,4.5129985e-07,3.8095402e-07,8.444005e-07,3.1492158e-07,6.896505e-08,1.1516779e-07,1.4273427e-07,1.2888451e-07,8.666981e-08,6.1081735e-08,1.2322145e-07,1.833043e-07,3.6990355e-07,3.5331166e-07,1.3364186e-07,2.4535404e-07,3.311655e-07,2.2553341e-07,3.3665344e-07,4.9755425e-07,5.3135165e-07,2.197554e-07,6.606437e-08,3.2211105e-08,3.7486643e-08,6.3144874e-08,1.9934556e-07,3.3697103e-07,5.7323314e-07,9.0816536e-07,1.2326377e-06,1.4449892e-06,1.0241558e-06,6.788313e-07,4.371994e-07,1.2375016e-06,2.0559305e-06,4.618096e-06,2.9311213e-06,1.2944906e-06,1.2324034e-06,4.060407e-07,2.3321365e-07,2.057134e-07,1.3414751e-07,2.0529454e-07,1.1947701e-07,3.6916756e-08,1.159769e-08,6.2382783e-09,5.22485e-09,5.3014437e-09,5.0610725e-09,5.107227e-09,4.650531e-09,4.6392032e-09,5.086413e-09,5.6747997e-09,6.051426e-09,5.4798326e-09,4.6705972e-09,2.5336e-09,2.7277292e-10,0.3793859,0.24825457,0.16217284,0.13172589,0.18057655,0.22349429,0.2206553,0.30651137,0.5351626,0.7879161,0.7613384,0.59875154,12.263453797045718,13.520125386350179,17.262471157949648,17.212176313781875,17.248009962632423,15.893500283066675,40.883034898096895,1102.2140995415125,1535.5877721733907,0.0013566065,1535.5187724820144,ABNORMAL
Cold (157),-741.5287,144.10857,20.252285,2.2961786,-30.468735,-0.34744245,-10.879304,-14.256871,-12.144565,-11.771925,-15.575367,-13.008527,-3.739891,-0.19701308,0.7725424,0.38958508,-0.07488641,0.29263517,-0.15440987,0.12897916,0.034579236,0.054038517,-0.13884191,-0.124401644,0.07932579,-0.17890416,-0.061298195,0.011919099,-0.02637714,-0.13168254,-0.06651677,-0.033239745,0.03057476,0.0644168,0.015198654,0.013870943,0.059823964,0.012515393,0.026976468,3.9012522e-07,7.9083924e-07,3.0716676e-06,1.5775202e-06,1.711276e-05,0.00014518408,0.00030624363,0.0017644597,0.00094291795,0.0018940391,8.526768e-05,0.00011154667,4.3196123e-05,2.4008381e-05,0.0009448635,0.0014949258,0.0033716247,0.0030161066,0.0017427352,0.0015310823,0.00011432219,0.00013744032,0.00082727196,0.0004967366,0.0036030645,0.0013249893,0.002892545,0.0015934587,0.0009939241,0.0003765221,9.2174676e-05,0.000185128,0.00031739345,0.00020558918,0.0009557812,0.0004493556,0.0010547774,0.00020479604,0.00013250753,0.00043883023,0.00029119515,0.00033101297,0.00031410123,0.0002026766,0.00020487254,0.00022845808,0.00020571912,0.0002066913,0.00014511598,6.629827e-05,7.0548194e-05,4.4202046e-05,3.888469e-05,2.9433004e-05,1.4765498e-05,2.2648643e-05,4.2586733e-05,3.132001e-05,1.0476692e-05,1.1752678e-05,9.0645135e-06,4.1206526e-06,7.0664196e-06,7.655311e-06,4.122939e-06,8.289725e-07,3.5458856e-07,5.5390876e-07,2.8608625e-07,8.5817426e-08,1.0455796e-07,1.4912092e-07,1.9534657e-07,1.9001325e-07,2.1152181e-07,2.0083547e-07,1.2083429e-07,3.5697798e-07,1.2903068e-06,9.4852305e-07,3.355859e-07,5.5420054e-07,7.2063466e-07,1.7961152e-06,7.1093666e-07,2.0192913e-07,1.4993391e-07,1.0896125e-07,2.5316578e-07,5.058048e-07,8.0740176e-07,1.0482605e-06,1.5060806e-06,8.2284896e-07,3.7779313e-07,1.0055666e-06,1.2275588e-06,1.4742313e-06,1.04654e-06,4.1501104e-07,5.035744e-07,1.3493316e-06,1.7480897e-06,1.1087025e-06,8.4899006e-07,8.329459e-07,8.9801216e-07,6.846118e-07,5.1600676e-07,2.2764674e-07,8.36936e-08,5.040477e-08,4.798586e-08,2.7108312e-08,1.8777106e-08,9.579253e-09,5.3145057e-09,4.743254e-09,5.064203e-09,4.8223425e-09,4.825934e-09,5.1036517e-09,5.3501843e-09,5.943662e-09,5.5364198e-09,4.962289e-09,3.0953822e-09,2.9883754e-10,0.40562007,0.28848776,0.21173385,0.2109646,0.2693369,0.33310723,0.3338818,0.36599368,0.48590842,0.6476602,0.64363164,0.5633457,12.104833514696544,13.059570405368222,15.79594528572064,18.464249288228846,18.010703158436744,16.108768282387768,40.4648798245331,1249.4039766019787,1443.926729859117,0.0034620916,1861.2328314012098,ABNORMAL
Cold (158),-741.5287,144.10857,20.252285,2.2961786,-30.468735,-0.34744245,-10.879304,-14.256871,-12.144565,-11.771925,-15.575367,-13.008527,-3.739891,-0.19701308,0.7725424,0.38958508,-0.07488641,0.29263517,-0.15440987,0.12897916,0.034579236,0.054038517,-0.13884191,-0.124401644,0.07932579,-0.17890416,-0.061298195,0.011919099,-0.02637714,-0.13168254,-0.06651677,-0.033239745,0.03057476,0.0644168,0.015198654,0.013870943,0.059823964,0.012515393,0.026976468,3.9012522e-07,7.9083924e-07,3.0716676e-06,1.5775202e-06,1.711276e-05,0.00014518408,0.00030624363,0.0017644597,0.00094291795,0.0018940391,8.526768e-05,0.00011154667,4.3196123e-05,2.4008381e-05,0.0009448635,0.0014949258,0.0033716247,0.0030161066,0.0017427352,0.0015310823,0.00011432219,0.00013744032,0.00082727196,0.0004967366,0.0036030645,0.0013249893,0.002892545,0.0015934587,0.0009939241,0.0003765221,9.2174676e-05,0.000185128,0.00031739345,0.00020558918,0.0009557812,0.0004493556,0.0010547774,0.00020479604,0.00013250753,0.00043883023,0.00029119515,0.00033101297,0.00031410123,0.0002026766,0.00020487254,0.00022845808,0.00020571912,0.0002066913,0.00014511598,6.629827e-05,7.0548194e-05,4.4202046e-05,3.888469e-05,2.9433004e-05,1.4765498e-05,2.2648643e-05,4.2586733e-05,3.132001e-05,1.0476692e-05,1.1752678e-05,9.0645135e-06,4.1206526e-06,7.0664196e-06,7.655311e-06,4.122939e-06,8.289725e-07,3.5458856e-07,5.5390876e-07,2.8608625e-07,8.5817426e-08,1.0455796e-07,1.4912092e-07,1.9534657e-07,1.9001325e-07,2.1152181e-07,2.0083547e-07,1.2083429e-07,3.5697798e-07,1.2903068e-06,9.4852305e-07,3.355859e-07,5.5420054e-07,7.2063466e-07,1.7961152e-06,7.1093666e-07,2.0192913e-07,1.4993391e-07,1.0896125e-07,2.5316578e-07,5.058048e-07,8.0740176e-07,1.0482605e-06,1.5060806e-06,8.2284896e-07,3.7779313e-07,1.0055666e-06,1.2275588e-06,1.4742313e-06,1.04654e-06,4.1501104e-07,5.035744e-07,1.3493316e-06,1.7480897e-06,1.1087025e-06,8.4899006e-07,8.329459e-07,8.9801216e-07,6.846118e-07,5.1600676e-07,2.2764674e-07,8.36936e-08,5.040477e-08,4.798586e-08,2.7108312e-08,1.8777106e-08,9.579253e-09,5.3145057e-09,4.743254e-09,5.064203e-09,4.8223425e-09,4.825934e-09,5.1036517e-09,5.3501843e-09,5.943662e-09,5.5364198e-09,4.962289e-09,3.0953822e-09,2.9883754e-10,0.40562007,0.28848776,0.21173385,0.2109646,0.2693369,0.33310723,0.3338818,0.36599368,0.48590842,0.6476602,0.64363164,0.5633457,12.104833514696544,13.059570405368222,15.79594528572064,18.464249288228846,18.010703158436744,16.108768282387768,40.4648798245331,1249.4039766019787,1443.926729859117,0.0034620916,1861.2328314012098,ABNORMAL
Cold (159),-741.5287,144.10857,20.252285,2.2961786,-30.468735,-0.34744245,-10.879304,-14.256871,-12.144565,-11.771925,-15.575367,-13.008527,-3.739891,-0.19701308,0.7725424,0.38958508,-0.07488641,0.29263517,-0.15440987,0.12897916,0.034579236,0.054038517,-0.13884191,-0.124401644,0.07932579,-0.17890416,-0.061298195,0.011919099,-0.02637714,-0.13168254,-0.06651677,-0.033239745,0.03057476,0.0644168,0.015198654,0.013870943,0.059823964,0.012515393,0.026976468,3.9012522e-07,7.9083924e-07,3.0716676e-06,1.5775202e-06,1.711276e-05,0.00014518408,0.00030624363,0.0017644597,0.00094291795,0.0018940391,8.526768e-05,0.00011154667,4.3196123e-05,2.4008381e-05,0.0009448635,0.0014949258,0.0033716247,0.0030161066,0.0017427352,0.0015310823,0.00011432219,0.00013744032,0.00082727196,0.0004967366,0.0036030645,0.0013249893,0.002892545,0.0015934587,0.0009939241,0.0003765221,9.2174676e-05,0.000185128,0.00031739345,0.00020558918,0.0009557812,0.0004493556,0.0010547774,0.00020479604,0.00013250753,0.00043883023,0.00029119515,0.00033101297,0.00031410123,0.0002026766,0.00020487254,0.00022845808,0.00020571912,0.0002066913,0.00014511598,6.629827e-05,7.0548194e-05,4.4202046e-05,3.888469e-05,2.9433004e-05,1.4765498e-05,2.2648643e-05,4.2586733e-05,3.132001e-05,1.0476692e-05,1.1752678e-05,9.0645135e-06,4.1206526e-06,7.0664196e-06,7.655311e-06,4.122939e-06,8.289725e-07,3.5458856e-07,5.5390876e-07,2.8608625e-07,8.5817426e-08,1.0455796e-07,1.4912092e-07,1.9534657e-07,1.9001325e-07,2.1152181e-07,2.0083547e-07,1.2083429e-07,3.5697798e-07,1.2903068e-06,9.4852305e-07,3.355859e-07,5.5420054e-07,7.2063466e-07,1.7961152e-06,7.1093666e-07,2.0192913e-07,1.4993391e-07,1.0896125e-07,2.5316578e-07,5.058048e-07,8.0740176e-07,1.0482605e-06,1.5060806e-06,8.2284896e-07,3.7779313e-07,1.0055666e-06,1.2275588e-06,1.4742313e-06,1.04654e-06,4.1501104e-07,5.035744e-07,1.3493316e-06,1.7480897e-06,1.1087025e-06,8.4899006e-07,8.329459e-07,8.9801216e-07,6.846118e-07,5.1600676e-07,2.2764674e-07,8.36936e-08,5.040477e-08,4.798586e-08,2.7108312e-08,1.8777106e-08,9.579253e-09,5.3145057e-09,4.743254e-09,5.064203e-09,4.8223425e-09,4.825934e-09,5.1036517e-09,5.3501843e-09,5.943662e-09,5.5364198e-09,4.962289e-09,3.0953822e-09,2.9883754e-10,0.40562007,0.28848776,0.21173385,0.2109646,0.2693369,0.33310723,0.3338818,0.36599368,0.48590842,0.6476602,0.64363164,0.5633457,12.104833514696544,13.059570405368222,15.79594528572064,18.464249288228846,18.010703158436744,16.108768282387768,40.4648798245331,1249.4039766019787,1443.926729859117,0.0034620916,1861.2328314012098,ABNORMAL
Cold (16),-569.89996,73.73765,15.19093,31.523495,-21.402546,-17.55767,-32.729836,3.560785,-27.940125,-18.011503,0.45039862,-31.665884,-14.799254,-0.42989233,-0.018306904,0.123067684,0.0976148,0.14660397,0.047123685,-0.024432182,0.054514397,-0.031045428,-0.0030614964,-0.014160289,-0.061824236,0.034660194,-0.32149863,-0.11350039,-0.02589798,0.017812718,0.07695669,0.05644957,-0.044355668,-0.005982182,0.043107253,0.06556779,0.090247445,0.034228917,0.024710532,2.2720294e-06,4.605727e-06,7.860884e-06,4.0371237e-06,3.1032298e-05,0.0003115396,0.0006572537,0.020697745,0.011060766,0.08335981,0.015561783,0.030899843,0.005651133,0.0031408963,0.005304588,0.0018031708,0.0038025584,0.0023446102,0.0013547381,0.0067235245,0.0059445645,0.013642916,0.0087016765,0.005224935,0.0018841963,0.0012753165,0.002970131,0.0036469596,0.002274801,0.003817271,0.0021736792,0.0051186294,0.006570704,0.004256123,0.004426601,0.00089403073,0.0016357274,0.00032734033,0.00021179633,0.0001914512,3.6808007e-05,4.0086456e-05,1.9009454e-05,8.164061e-06,7.948811e-06,8.372847e-06,1.2431618e-05,2.0940859e-05,2.5931413e-05,3.2145395e-05,4.526437e-05,7.421682e-05,8.21225e-05,4.9110673e-05,2.9833656e-05,2.5404255e-05,1.9363499e-05,1.6741811e-05,2.5678812e-05,2.5717256e-05,1.8812674e-05,1.990764e-05,1.086373e-05,7.097102e-06,9.03165e-06,1.1569327e-05,9.582664e-06,1.216039e-05,3.172235e-05,5.0474882e-05,0.00013765102,0.00015404185,0.00015981143,0.00027525978,0.0004449917,0.00069083937,0.0008186222,0.001390614,0.0016659837,0.0012689485,0.00046637087,0.00022707715,0.00015986255,0.0001208698,9.0098496e-05,8.8469365e-05,6.957094e-05,4.0717252e-05,1.994306e-05,1.3620289e-05,9.14585e-06,7.663551e-06,7.728669e-06,2.1873424e-05,6.246196e-05,4.764575e-05,6.258479e-05,0.00013413583,0.0002547586,0.0002563548,0.00019389381,0.00025163795,0.0005752943,0.0004474738,0.00039455824,0.00066230306,0.0018995722,0.0019695621,0.0034661456,0.0018103579,0.0006189163,0.0003334792,0.00026035056,6.450554e-05,8.892591e-06,3.899298e-06,4.3296545e-06,2.1356232e-06,2.0940292e-06,1.4517351e-06,2.147082e-06,9.1497e-06,1.44863625e-05,3.628105e-05,4.7596393e-05,4.2014784e-05,3.1751955e-05,5.521636e-06,0.58369637,0.5522009,0.5037729,0.44364816,0.33536232,0.32822916,0.32855642,0.38524917,0.432715,0.41373786,0.42838,0.51026285,9.460438680241797,13.678213195254587,12.130104622296914,14.646629651952534,16.371182149733624,17.2274766574907,42.44633400449631,2355.669427933706,2201.1203609118734,0.012580205,4326.233899915541,ABNORMAL
Cold (160),-741.5287,144.10857,20.252285,2.2961786,-30.468735,-0.34744245,-10.879304,-14.256871,-12.144565,-11.771925,-15.575367,-13.008527,-3.739891,-0.19701308,0.7725424,0.38958508,-0.07488641,0.29263517,-0.15440987,0.12897916,0.034579236,0.054038517,-0.13884191,-0.124401644,0.07932579,-0.17890416,-0.061298195,0.011919099,-0.02637714,-0.13168254,-0.06651677,-0.033239745,0.03057476,0.0644168,0.015198654,0.013870943,0.059823964,0.012515393,0.026976468,3.9012522e-07,7.9083924e-07,3.0716676e-06,1.5775202e-06,1.711276e-05,0.00014518408,0.00030624363,0.0017644597,0.00094291795,0.0018940391,8.526768e-05,0.00011154667,4.3196123e-05,2.4008381e-05,0.0009448635,0.0014949258,0.0033716247,0.0030161066,0.0017427352,0.0015310823,0.00011432219,0.00013744032,0.00082727196,0.0004967366,0.0036030645,0.0013249893,0.002892545,0.0015934587,0.0009939241,0.0003765221,9.2174676e-05,0.000185128,0.00031739345,0.00020558918,0.0009557812,0.0004493556,0.0010547774,0.00020479604,0.00013250753,0.00043883023,0.00029119515,0.00033101297,0.00031410123,0.0002026766,0.00020487254,0.00022845808,0.00020571912,0.0002066913,0.00014511598,6.629827e-05,7.0548194e-05,4.4202046e-05,3.888469e-05,2.9433004e-05,1.4765498e-05,2.2648643e-05,4.2586733e-05,3.132001e-05,1.0476692e-05,1.1752678e-05,9.0645135e-06,4.1206526e-06,7.0664196e-06,7.655311e-06,4.122939e-06,8.289725e-07,3.5458856e-07,5.5390876e-07,2.8608625e-07,8.5817426e-08,1.0455796e-07,1.4912092e-07,1.9534657e-07,1.9001325e-07,2.1152181e-07,2.0083547e-07,1.2083429e-07,3.5697798e-07,1.2903068e-06,9.4852305e-07,3.355859e-07,5.5420054e-07,7.2063466e-07,1.7961152e-06,7.1093666e-07,2.0192913e-07,1.4993391e-07,1.0896125e-07,2.5316578e-07,5.058048e-07,8.0740176e-07,1.0482605e-06,1.5060806e-06,8.2284896e-07,3.7779313e-07,1.0055666e-06,1.2275588e-06,1.4742313e-06,1.04654e-06,4.1501104e-07,5.035744e-07,1.3493316e-06,1.7480897e-06,1.1087025e-06,8.4899006e-07,8.329459e-07,8.9801216e-07,6.846118e-07,5.1600676e-07,2.2764674e-07,8.36936e-08,5.040477e-08,4.798586e-08,2.7108312e-08,1.8777106e-08,9.579253e-09,5.3145057e-09,4.743254e-09,5.064203e-09,4.8223425e-09,4.825934e-09,5.1036517e-09,5.3501843e-09,5.943662e-09,5.5364198e-09,4.962289e-09,3.0953822e-09,2.9883754e-10,0.40562007,0.28848776,0.21173385,0.2109646,0.2693369,0.33310723,0.3338818,0.36599368,0.48590842,0.6476602,0.64363164,0.5633457,12.104833514696544,13.059570405368222,15.79594528572064,18.464249288228846,18.010703158436744,16.108768282387768,40.4648798245331,1249.4039766019787,1443.926729859117,0.0034620916,1861.2328314012098,ABNORMAL
Cold (161),-741.5287,144.10857,20.252285,2.2961786,-30.468735,-0.34744245,-10.879304,-14.256871,-12.144565,-11.771925,-15.575367,-13.008527,-3.739891,-0.19701308,0.7725424,0.38958508,-0.07488641,0.29263517,-0.15440987,0.12897916,0.034579236,0.054038517,-0.13884191,-0.124401644,0.07932579,-0.17890416,-0.061298195,0.011919099,-0.02637714,-0.13168254,-0.06651677,-0.033239745,0.03057476,0.0644168,0.015198654,0.013870943,0.059823964,0.012515393,0.026976468,3.9012522e-07,7.9083924e-07,3.0716676e-06,1.5775202e-06,1.711276e-05,0.00014518408,0.00030624363,0.0017644597,0.00094291795,0.0018940391,8.526768e-05,0.00011154667,4.3196123e-05,2.4008381e-05,0.0009448635,0.0014949258,0.0033716247,0.0030161066,0.0017427352,0.0015310823,0.00011432219,0.00013744032,0.00082727196,0.0004967366,0.0036030645,0.0013249893,0.002892545,0.0015934587,0.0009939241,0.0003765221,9.2174676e-05,0.000185128,0.00031739345,0.00020558918,0.0009557812,0.0004493556,0.0010547774,0.00020479604,0.00013250753,0.00043883023,0.00029119515,0.00033101297,0.00031410123,0.0002026766,0.00020487254,0.00022845808,0.00020571912,0.0002066913,0.00014511598,6.629827e-05,7.0548194e-05,4.4202046e-05,3.888469e-05,2.9433004e-05,1.4765498e-05,2.2648643e-05,4.2586733e-05,3.132001e-05,1.0476692e-05,1.1752678e-05,9.0645135e-06,4.1206526e-06,7.0664196e-06,7.655311e-06,4.122939e-06,8.289725e-07,3.5458856e-07,5.5390876e-07,2.8608625e-07,8.5817426e-08,1.0455796e-07,1.4912092e-07,1.9534657e-07,1.9001325e-07,2.1152181e-07,2.0083547e-07,1.2083429e-07,3.5697798e-07,1.2903068e-06,9.4852305e-07,3.355859e-07,5.5420054e-07,7.2063466e-07,1.7961152e-06,7.1093666e-07,2.0192913e-07,1.4993391e-07,1.0896125e-07,2.5316578e-07,5.058048e-07,8.0740176e-07,1.0482605e-06,1.5060806e-06,8.2284896e-07,3.7779313e-07,1.0055666e-06,1.2275588e-06,1.4742313e-06,1.04654e-06,4.1501104e-07,5.035744e-07,1.3493316e-06,1.7480897e-06,1.1087025e-06,8.4899006e-07,8.329459e-07,8.9801216e-07,6.846118e-07,5.1600676e-07,2.2764674e-07,8.36936e-08,5.040477e-08,4.798586e-08,2.7108312e-08,1.8777106e-08,9.579253e-09,5.3145057e-09,4.743254e-09,5.064203e-09,4.8223425e-09,4.825934e-09,5.1036517e-09,5.3501843e-09,5.943662e-09,5.5364198e-09,4.962289e-09,3.0953822e-09,2.9883754e-10,0.40562007,0.28848776,0.21173385,0.2109646,0.2693369,0.33310723,0.3338818,0.36599368,0.48590842,0.6476602,0.64363164,0.5633457,12.104833514696544,13.059570405368222,15.79594528572064,18.464249288228846,18.010703158436744,16.108768282387768,40.4648798245331,1249.4039766019787,1443.926729859117,0.0034620916,1861.2328314012098,ABNORMAL
Cold (162),-741.5287,144.10857,20.252285,2.2961786,-30.468735,-0.34744245,-10.879304,-14.256871,-12.144565,-11.771925,-15.575367,-13.008527,-3.739891,-0.19701308,0.7725424,0.38958508,-0.07488641,0.29263517,-0.15440987,0.12897916,0.034579236,0.054038517,-0.13884191,-0.124401644,0.07932579,-0.17890416,-0.061298195,0.011919099,-0.02637714,-0.13168254,-0.06651677,-0.033239745,0.03057476,0.0644168,0.015198654,0.013870943,0.059823964,0.012515393,0.026976468,3.9012522e-07,7.9083924e-07,3.0716676e-06,1.5775202e-06,1.711276e-05,0.00014518408,0.00030624363,0.0017644597,0.00094291795,0.0018940391,8.526768e-05,0.00011154667,4.3196123e-05,2.4008381e-05,0.0009448635,0.0014949258,0.0033716247,0.0030161066,0.0017427352,0.0015310823,0.00011432219,0.00013744032,0.00082727196,0.0004967366,0.0036030645,0.0013249893,0.002892545,0.0015934587,0.0009939241,0.0003765221,9.2174676e-05,0.000185128,0.00031739345,0.00020558918,0.0009557812,0.0004493556,0.0010547774,0.00020479604,0.00013250753,0.00043883023,0.00029119515,0.00033101297,0.00031410123,0.0002026766,0.00020487254,0.00022845808,0.00020571912,0.0002066913,0.00014511598,6.629827e-05,7.0548194e-05,4.4202046e-05,3.888469e-05,2.9433004e-05,1.4765498e-05,2.2648643e-05,4.2586733e-05,3.132001e-05,1.0476692e-05,1.1752678e-05,9.0645135e-06,4.1206526e-06,7.0664196e-06,7.655311e-06,4.122939e-06,8.289725e-07,3.5458856e-07,5.5390876e-07,2.8608625e-07,8.5817426e-08,1.0455796e-07,1.4912092e-07,1.9534657e-07,1.9001325e-07,2.1152181e-07,2.0083547e-07,1.2083429e-07,3.5697798e-07,1.2903068e-06,9.4852305e-07,3.355859e-07,5.5420054e-07,7.2063466e-07,1.7961152e-06,7.1093666e-07,2.0192913e-07,1.4993391e-07,1.0896125e-07,2.5316578e-07,5.058048e-07,8.0740176e-07,1.0482605e-06,1.5060806e-06,8.2284896e-07,3.7779313e-07,1.0055666e-06,1.2275588e-06,1.4742313e-06,1.04654e-06,4.1501104e-07,5.035744e-07,1.3493316e-06,1.7480897e-06,1.1087025e-06,8.4899006e-07,8.329459e-07,8.9801216e-07,6.846118e-07,5.1600676e-07,2.2764674e-07,8.36936e-08,5.040477e-08,4.798586e-08,2.7108312e-08,1.8777106e-08,9.579253e-09,5.3145057e-09,4.743254e-09,5.064203e-09,4.8223425e-09,4.825934e-09,5.1036517e-09,5.3501843e-09,5.943662e-09,5.5364198e-09,4.962289e-09,3.0953822e-09,2.9883754e-10,0.40562007,0.28848776,0.21173385,0.2109646,0.2693369,0.33310723,0.3338818,0.36599368,0.48590842,0.6476602,0.64363164,0.5633457,12.104833514696544,13.059570405368222,15.79594528572064,18.464249288228846,18.010703158436744,16.108768282387768,40.4648798245331,1249.4039766019787,1443.926729859117,0.0034620916,1861.2328314012098,ABNORMAL
Cold (163),-741.5287,144.10857,20.252285,2.2961786,-30.468735,-0.34744245,-10.879304,-14.256871,-12.144565,-11.771925,-15.575367,-13.008527,-3.739891,-0.19701308,0.7725424,0.38958508,-0.07488641,0.29263517,-0.15440987,0.12897916,0.034579236,0.054038517,-0.13884191,-0.124401644,0.07932579,-0.17890416,-0.061298195,0.011919099,-0.02637714,-0.13168254,-0.06651677,-0.033239745,0.03057476,0.0644168,0.015198654,0.013870943,0.059823964,0.012515393,0.026976468,3.9012522e-07,7.9083924e-07,3.0716676e-06,1.5775202e-06,1.711276e-05,0.00014518408,0.00030624363,0.0017644597,0.00094291795,0.0018940391,8.526768e-05,0.00011154667,4.3196123e-05,2.4008381e-05,0.0009448635,0.0014949258,0.0033716247,0.0030161066,0.0017427352,0.0015310823,0.00011432219,0.00013744032,0.00082727196,0.0004967366,0.0036030645,0.0013249893,0.002892545,0.0015934587,0.0009939241,0.0003765221,9.2174676e-05,0.000185128,0.00031739345,0.00020558918,0.0009557812,0.0004493556,0.0010547774,0.00020479604,0.00013250753,0.00043883023,0.00029119515,0.00033101297,0.00031410123,0.0002026766,0.00020487254,0.00022845808,0.00020571912,0.0002066913,0.00014511598,6.629827e-05,7.0548194e-05,4.4202046e-05,3.888469e-05,2.9433004e-05,1.4765498e-05,2.2648643e-05,4.2586733e-05,3.132001e-05,1.0476692e-05,1.1752678e-05,9.0645135e-06,4.1206526e-06,7.0664196e-06,7.655311e-06,4.122939e-06,8.289725e-07,3.5458856e-07,5.5390876e-07,2.8608625e-07,8.5817426e-08,1.0455796e-07,1.4912092e-07,1.9534657e-07,1.9001325e-07,2.1152181e-07,2.0083547e-07,1.2083429e-07,3.5697798e-07,1.2903068e-06,9.4852305e-07,3.355859e-07,5.5420054e-07,7.2063466e-07,1.7961152e-06,7.1093666e-07,2.0192913e-07,1.4993391e-07,1.0896125e-07,2.5316578e-07,5.058048e-07,8.0740176e-07,1.0482605e-06,1.5060806e-06,8.2284896e-07,3.7779313e-07,1.0055666e-06,1.2275588e-06,1.4742313e-06,1.04654e-06,4.1501104e-07,5.035744e-07,1.3493316e-06,1.7480897e-06,1.1087025e-06,8.4899006e-07,8.329459e-07,8.9801216e-07,6.846118e-07,5.1600676e-07,2.2764674e-07,8.36936e-08,5.040477e-08,4.798586e-08,2.7108312e-08,1.8777106e-08,9.579253e-09,5.3145057e-09,4.743254e-09,5.064203e-09,4.8223425e-09,4.825934e-09,5.1036517e-09,5.3501843e-09,5.943662e-09,5.5364198e-09,4.962289e-09,3.0953822e-09,2.9883754e-10,0.40562007,0.28848776,0.21173385,0.2109646,0.2693369,0.33310723,0.3338818,0.36599368,0.48590842,0.6476602,0.64363164,0.5633457,12.104833514696544,13.059570405368222,15.79594528572064,18.464249288228846,18.010703158436744,16.108768282387768,40.4648798245331,1249.4039766019787,1443.926729859117,0.0034620916,1861.2328314012098,ABNORMAL
Cold (164),-741.5287,144.10857,20.252285,2.2961786,-30.468735,-0.34744245,-10.879304,-14.256871,-12.144565,-11.771925,-15.575367,-13.008527,-3.739891,-0.19701308,0.7725424,0.38958508,-0.07488641,0.29263517,-0.15440987,0.12897916,0.034579236,0.054038517,-0.13884191,-0.124401644,0.07932579,-0.17890416,-0.061298195,0.011919099,-0.02637714,-0.13168254,-0.06651677,-0.033239745,0.03057476,0.0644168,0.015198654,0.013870943,0.059823964,0.012515393,0.026976468,3.9012522e-07,7.9083924e-07,3.0716676e-06,1.5775202e-06,1.711276e-05,0.00014518408,0.00030624363,0.0017644597,0.00094291795,0.0018940391,8.526768e-05,0.00011154667,4.3196123e-05,2.4008381e-05,0.0009448635,0.0014949258,0.0033716247,0.0030161066,0.0017427352,0.0015310823,0.00011432219,0.00013744032,0.00082727196,0.0004967366,0.0036030645,0.0013249893,0.002892545,0.0015934587,0.0009939241,0.0003765221,9.2174676e-05,0.000185128,0.00031739345,0.00020558918,0.0009557812,0.0004493556,0.0010547774,0.00020479604,0.00013250753,0.00043883023,0.00029119515,0.00033101297,0.00031410123,0.0002026766,0.00020487254,0.00022845808,0.00020571912,0.0002066913,0.00014511598,6.629827e-05,7.0548194e-05,4.4202046e-05,3.888469e-05,2.9433004e-05,1.4765498e-05,2.2648643e-05,4.2586733e-05,3.132001e-05,1.0476692e-05,1.1752678e-05,9.0645135e-06,4.1206526e-06,7.0664196e-06,7.655311e-06,4.122939e-06,8.289725e-07,3.5458856e-07,5.5390876e-07,2.8608625e-07,8.5817426e-08,1.0455796e-07,1.4912092e-07,1.9534657e-07,1.9001325e-07,2.1152181e-07,2.0083547e-07,1.2083429e-07,3.5697798e-07,1.2903068e-06,9.4852305e-07,3.355859e-07,5.5420054e-07,7.2063466e-07,1.7961152e-06,7.1093666e-07,2.0192913e-07,1.4993391e-07,1.0896125e-07,2.5316578e-07,5.058048e-07,8.0740176e-07,1.0482605e-06,1.5060806e-06,8.2284896e-07,3.7779313e-07,1.0055666e-06,1.2275588e-06,1.4742313e-06,1.04654e-06,4.1501104e-07,5.035744e-07,1.3493316e-06,1.7480897e-06,1.1087025e-06,8.4899006e-07,8.329459e-07,8.9801216e-07,6.846118e-07,5.1600676e-07,2.2764674e-07,8.36936e-08,5.040477e-08,4.798586e-08,2.7108312e-08,1.8777106e-08,9.579253e-09,5.3145057e-09,4.743254e-09,5.064203e-09,4.8223425e-09,4.825934e-09,5.1036517e-09,5.3501843e-09,5.943662e-09,5.5364198e-09,4.962289e-09,3.0953822e-09,2.9883754e-10,0.40562007,0.28848776,0.21173385,0.2109646,0.2693369,0.33310723,0.3338818,0.36599368,0.48590842,0.6476602,0.64363164,0.5633457,12.104833514696544,13.059570405368222,15.79594528572064,18.464249288228846,18.010703158436744,16.108768282387768,40.4648798245331,1249.4039766019787,1443.926729859117,0.0034620916,1861.2328314012098,ABNORMAL
Cold (165),-741.5287,144.10857,20.252285,2.2961786,-30.468735,-0.34744245,-10.879304,-14.256871,-12.144565,-11.771925,-15.575367,-13.008527,-3.739891,-0.19701308,0.7725424,0.38958508,-0.07488641,0.29263517,-0.15440987,0.12897916,0.034579236,0.054038517,-0.13884191,-0.124401644,0.07932579,-0.17890416,-0.061298195,0.011919099,-0.02637714,-0.13168254,-0.06651677,-0.033239745,0.03057476,0.0644168,0.015198654,0.013870943,0.059823964,0.012515393,0.026976468,3.9012522e-07,7.9083924e-07,3.0716676e-06,1.5775202e-06,1.711276e-05,0.00014518408,0.00030624363,0.0017644597,0.00094291795,0.0018940391,8.526768e-05,0.00011154667,4.3196123e-05,2.4008381e-05,0.0009448635,0.0014949258,0.0033716247,0.0030161066,0.0017427352,0.0015310823,0.00011432219,0.00013744032,0.00082727196,0.0004967366,0.0036030645,0.0013249893,0.002892545,0.0015934587,0.0009939241,0.0003765221,9.2174676e-05,0.000185128,0.00031739345,0.00020558918,0.0009557812,0.0004493556,0.0010547774,0.00020479604,0.00013250753,0.00043883023,0.00029119515,0.00033101297,0.00031410123,0.0002026766,0.00020487254,0.00022845808,0.00020571912,0.0002066913,0.00014511598,6.629827e-05,7.0548194e-05,4.4202046e-05,3.888469e-05,2.9433004e-05,1.4765498e-05,2.2648643e-05,4.2586733e-05,3.132001e-05,1.0476692e-05,1.1752678e-05,9.0645135e-06,4.1206526e-06,7.0664196e-06,7.655311e-06,4.122939e-06,8.289725e-07,3.5458856e-07,5.5390876e-07,2.8608625e-07,8.5817426e-08,1.0455796e-07,1.4912092e-07,1.9534657e-07,1.9001325e-07,2.1152181e-07,2.0083547e-07,1.2083429e-07,3.5697798e-07,1.2903068e-06,9.4852305e-07,3.355859e-07,5.5420054e-07,7.2063466e-07,1.7961152e-06,7.1093666e-07,2.0192913e-07,1.4993391e-07,1.0896125e-07,2.5316578e-07,5.058048e-07,8.0740176e-07,1.0482605e-06,1.5060806e-06,8.2284896e-07,3.7779313e-07,1.0055666e-06,1.2275588e-06,1.4742313e-06,1.04654e-06,4.1501104e-07,5.035744e-07,1.3493316e-06,1.7480897e-06,1.1087025e-06,8.4899006e-07,8.329459e-07,8.9801216e-07,6.846118e-07,5.1600676e-07,2.2764674e-07,8.36936e-08,5.040477e-08,4.798586e-08,2.7108312e-08,1.8777106e-08,9.579253e-09,5.3145057e-09,4.743254e-09,5.064203e-09,4.8223425e-09,4.825934e-09,5.1036517e-09,5.3501843e-09,5.943662e-09,5.5364198e-09,4.962289e-09,3.0953822e-09,2.9883754e-10,0.40562007,0.28848776,0.21173385,0.2109646,0.2693369,0.33310723,0.3338818,0.36599368,0.48590842,0.6476602,0.64363164,0.5633457,12.104833514696544,13.059570405368222,15.79594528572064,18.464249288228846,18.010703158436744,16.108768282387768,40.4648798245331,1249.4039766019787,1443.926729859117,0.0034620916,1861.2328314012098,ABNORMAL
Cold (166),-741.5287,144.10857,20.252285,2.2961786,-30.468735,-0.34744245,-10.879304,-14.256871,-12.144565,-11.771925,-15.575367,-13.008527,-3.739891,-0.19701308,0.7725424,0.38958508,-0.07488641,0.29263517,-0.15440987,0.12897916,0.034579236,0.054038517,-0.13884191,-0.124401644,0.07932579,-0.17890416,-0.061298195,0.011919099,-0.02637714,-0.13168254,-0.06651677,-0.033239745,0.03057476,0.0644168,0.015198654,0.013870943,0.059823964,0.012515393,0.026976468,3.9012522e-07,7.9083924e-07,3.0716676e-06,1.5775202e-06,1.711276e-05,0.00014518408,0.00030624363,0.0017644597,0.00094291795,0.0018940391,8.526768e-05,0.00011154667,4.3196123e-05,2.4008381e-05,0.0009448635,0.0014949258,0.0033716247,0.0030161066,0.0017427352,0.0015310823,0.00011432219,0.00013744032,0.00082727196,0.0004967366,0.0036030645,0.0013249893,0.002892545,0.0015934587,0.0009939241,0.0003765221,9.2174676e-05,0.000185128,0.00031739345,0.00020558918,0.0009557812,0.0004493556,0.0010547774,0.00020479604,0.00013250753,0.00043883023,0.00029119515,0.00033101297,0.00031410123,0.0002026766,0.00020487254,0.00022845808,0.00020571912,0.0002066913,0.00014511598,6.629827e-05,7.0548194e-05,4.4202046e-05,3.888469e-05,2.9433004e-05,1.4765498e-05,2.2648643e-05,4.2586733e-05,3.132001e-05,1.0476692e-05,1.1752678e-05,9.0645135e-06,4.1206526e-06,7.0664196e-06,7.655311e-06,4.122939e-06,8.289725e-07,3.5458856e-07,5.5390876e-07,2.8608625e-07,8.5817426e-08,1.0455796e-07,1.4912092e-07,1.9534657e-07,1.9001325e-07,2.1152181e-07,2.0083547e-07,1.2083429e-07,3.5697798e-07,1.2903068e-06,9.4852305e-07,3.355859e-07,5.5420054e-07,7.2063466e-07,1.7961152e-06,7.1093666e-07,2.0192913e-07,1.4993391e-07,1.0896125e-07,2.5316578e-07,5.058048e-07,8.0740176e-07,1.0482605e-06,1.5060806e-06,8.2284896e-07,3.7779313e-07,1.0055666e-06,1.2275588e-06,1.4742313e-06,1.04654e-06,4.1501104e-07,5.035744e-07,1.3493316e-06,1.7480897e-06,1.1087025e-06,8.4899006e-07,8.329459e-07,8.9801216e-07,6.846118e-07,5.1600676e-07,2.2764674e-07,8.36936e-08,5.040477e-08,4.798586e-08,2.7108312e-08,1.8777106e-08,9.579253e-09,5.3145057e-09,4.743254e-09,5.064203e-09,4.8223425e-09,4.825934e-09,5.1036517e-09,5.3501843e-09,5.943662e-09,5.5364198e-09,4.962289e-09,3.0953822e-09,2.9883754e-10,0.40562007,0.28848776,0.21173385,0.2109646,0.2693369,0.33310723,0.3338818,0.36599368,0.48590842,0.6476602,0.64363164,0.5633457,12.104833514696544,13.059570405368222,15.79594528572064,18.464249288228846,18.010703158436744,16.108768282387768,40.4648798245331,1249.4039766019787,1443.926729859117,0.0034620916,1861.2328314012098,ABNORMAL
Cold (167),-741.5287,144.10857,20.252285,2.2961786,-30.468735,-0.34744245,-10.879304,-14.256871,-12.144565,-11.771925,-15.575367,-13.008527,-3.739891,-0.19701308,0.7725424,0.38958508,-0.07488641,0.29263517,-0.15440987,0.12897916,0.034579236,0.054038517,-0.13884191,-0.124401644,0.07932579,-0.17890416,-0.061298195,0.011919099,-0.02637714,-0.13168254,-0.06651677,-0.033239745,0.03057476,0.0644168,0.015198654,0.013870943,0.059823964,0.012515393,0.026976468,3.9012522e-07,7.9083924e-07,3.0716676e-06,1.5775202e-06,1.711276e-05,0.00014518408,0.00030624363,0.0017644597,0.00094291795,0.0018940391,8.526768e-05,0.00011154667,4.3196123e-05,2.4008381e-05,0.0009448635,0.0014949258,0.0033716247,0.0030161066,0.0017427352,0.0015310823,0.00011432219,0.00013744032,0.00082727196,0.0004967366,0.0036030645,0.0013249893,0.002892545,0.0015934587,0.0009939241,0.0003765221,9.2174676e-05,0.000185128,0.00031739345,0.00020558918,0.0009557812,0.0004493556,0.0010547774,0.00020479604,0.00013250753,0.00043883023,0.00029119515,0.00033101297,0.00031410123,0.0002026766,0.00020487254,0.00022845808,0.00020571912,0.0002066913,0.00014511598,6.629827e-05,7.0548194e-05,4.4202046e-05,3.888469e-05,2.9433004e-05,1.4765498e-05,2.2648643e-05,4.2586733e-05,3.132001e-05,1.0476692e-05,1.1752678e-05,9.0645135e-06,4.1206526e-06,7.0664196e-06,7.655311e-06,4.122939e-06,8.289725e-07,3.5458856e-07,5.5390876e-07,2.8608625e-07,8.5817426e-08,1.0455796e-07,1.4912092e-07,1.9534657e-07,1.9001325e-07,2.1152181e-07,2.0083547e-07,1.2083429e-07,3.5697798e-07,1.2903068e-06,9.4852305e-07,3.355859e-07,5.5420054e-07,7.2063466e-07,1.7961152e-06,7.1093666e-07,2.0192913e-07,1.4993391e-07,1.0896125e-07,2.5316578e-07,5.058048e-07,8.0740176e-07,1.0482605e-06,1.5060806e-06,8.2284896e-07,3.7779313e-07,1.0055666e-06,1.2275588e-06,1.4742313e-06,1.04654e-06,4.1501104e-07,5.035744e-07,1.3493316e-06,1.7480897e-06,1.1087025e-06,8.4899006e-07,8.329459e-07,8.9801216e-07,6.846118e-07,5.1600676e-07,2.2764674e-07,8.36936e-08,5.040477e-08,4.798586e-08,2.7108312e-08,1.8777106e-08,9.579253e-09,5.3145057e-09,4.743254e-09,5.064203e-09,4.8223425e-09,4.825934e-09,5.1036517e-09,5.3501843e-09,5.943662e-09,5.5364198e-09,4.962289e-09,3.0953822e-09,2.9883754e-10,0.40562007,0.28848776,0.21173385,0.2109646,0.2693369,0.33310723,0.3338818,0.36599368,0.48590842,0.6476602,0.64363164,0.5633457,12.104833514696544,13.059570405368222,15.79594528572064,18.464249288228846,18.010703158436744,16.108768282387768,40.4648798245331,1249.4039766019787,1443.926729859117,0.0034620916,1861.2328314012098,ABNORMAL
Cold (168),-741.5287,144.10857,20.252285,2.2961786,-30.468735,-0.34744245,-10.879304,-14.256871,-12.144565,-11.771925,-15.575367,-13.008527,-3.739891,-0.19701308,0.7725424,0.38958508,-0.07488641,0.29263517,-0.15440987,0.12897916,0.034579236,0.054038517,-0.13884191,-0.124401644,0.07932579,-0.17890416,-0.061298195,0.011919099,-0.02637714,-0.13168254,-0.06651677,-0.033239745,0.03057476,0.0644168,0.015198654,0.013870943,0.059823964,0.012515393,0.026976468,3.9012522e-07,7.9083924e-07,3.0716676e-06,1.5775202e-06,1.711276e-05,0.00014518408,0.00030624363,0.0017644597,0.00094291795,0.0018940391,8.526768e-05,0.00011154667,4.3196123e-05,2.4008381e-05,0.0009448635,0.0014949258,0.0033716247,0.0030161066,0.0017427352,0.0015310823,0.00011432219,0.00013744032,0.00082727196,0.0004967366,0.0036030645,0.0013249893,0.002892545,0.0015934587,0.0009939241,0.0003765221,9.2174676e-05,0.000185128,0.00031739345,0.00020558918,0.0009557812,0.0004493556,0.0010547774,0.00020479604,0.00013250753,0.00043883023,0.00029119515,0.00033101297,0.00031410123,0.0002026766,0.00020487254,0.00022845808,0.00020571912,0.0002066913,0.00014511598,6.629827e-05,7.0548194e-05,4.4202046e-05,3.888469e-05,2.9433004e-05,1.4765498e-05,2.2648643e-05,4.2586733e-05,3.132001e-05,1.0476692e-05,1.1752678e-05,9.0645135e-06,4.1206526e-06,7.0664196e-06,7.655311e-06,4.122939e-06,8.289725e-07,3.5458856e-07,5.5390876e-07,2.8608625e-07,8.5817426e-08,1.0455796e-07,1.4912092e-07,1.9534657e-07,1.9001325e-07,2.1152181e-07,2.0083547e-07,1.2083429e-07,3.5697798e-07,1.2903068e-06,9.4852305e-07,3.355859e-07,5.5420054e-07,7.2063466e-07,1.7961152e-06,7.1093666e-07,2.0192913e-07,1.4993391e-07,1.0896125e-07,2.5316578e-07,5.058048e-07,8.0740176e-07,1.0482605e-06,1.5060806e-06,8.2284896e-07,3.7779313e-07,1.0055666e-06,1.2275588e-06,1.4742313e-06,1.04654e-06,4.1501104e-07,5.035744e-07,1.3493316e-06,1.7480897e-06,1.1087025e-06,8.4899006e-07,8.329459e-07,8.9801216e-07,6.846118e-07,5.1600676e-07,2.2764674e-07,8.36936e-08,5.040477e-08,4.798586e-08,2.7108312e-08,1.8777106e-08,9.579253e-09,5.3145057e-09,4.743254e-09,5.064203e-09,4.8223425e-09,4.825934e-09,5.1036517e-09,5.3501843e-09,5.943662e-09,5.5364198e-09,4.962289e-09,3.0953822e-09,2.9883754e-10,0.40562007,0.28848776,0.21173385,0.2109646,0.2693369,0.33310723,0.3338818,0.36599368,0.48590842,0.6476602,0.64363164,0.5633457,12.104833514696544,13.059570405368222,15.79594528572064,18.464249288228846,18.010703158436744,16.108768282387768,40.4648798245331,1249.4039766019787,1443.926729859117,0.0034620916,1861.2328314012098,ABNORMAL
Cold (169),-741.5287,144.10857,20.252285,2.2961786,-30.468735,-0.34744245,-10.879304,-14.256871,-12.144565,-11.771925,-15.575367,-13.008527,-3.739891,-0.19701308,0.7725424,0.38958508,-0.07488641,0.29263517,-0.15440987,0.12897916,0.034579236,0.054038517,-0.13884191,-0.124401644,0.07932579,-0.17890416,-0.061298195,0.011919099,-0.02637714,-0.13168254,-0.06651677,-0.033239745,0.03057476,0.0644168,0.015198654,0.013870943,0.059823964,0.012515393,0.026976468,3.9012522e-07,7.9083924e-07,3.0716676e-06,1.5775202e-06,1.711276e-05,0.00014518408,0.00030624363,0.0017644597,0.00094291795,0.0018940391,8.526768e-05,0.00011154667,4.3196123e-05,2.4008381e-05,0.0009448635,0.0014949258,0.0033716247,0.0030161066,0.0017427352,0.0015310823,0.00011432219,0.00013744032,0.00082727196,0.0004967366,0.0036030645,0.0013249893,0.002892545,0.0015934587,0.0009939241,0.0003765221,9.2174676e-05,0.000185128,0.00031739345,0.00020558918,0.0009557812,0.0004493556,0.0010547774,0.00020479604,0.00013250753,0.00043883023,0.00029119515,0.00033101297,0.00031410123,0.0002026766,0.00020487254,0.00022845808,0.00020571912,0.0002066913,0.00014511598,6.629827e-05,7.0548194e-05,4.4202046e-05,3.888469e-05,2.9433004e-05,1.4765498e-05,2.2648643e-05,4.2586733e-05,3.132001e-05,1.0476692e-05,1.1752678e-05,9.0645135e-06,4.1206526e-06,7.0664196e-06,7.655311e-06,4.122939e-06,8.289725e-07,3.5458856e-07,5.5390876e-07,2.8608625e-07,8.5817426e-08,1.0455796e-07,1.4912092e-07,1.9534657e-07,1.9001325e-07,2.1152181e-07,2.0083547e-07,1.2083429e-07,3.5697798e-07,1.2903068e-06,9.4852305e-07,3.355859e-07,5.5420054e-07,7.2063466e-07,1.7961152e-06,7.1093666e-07,2.0192913e-07,1.4993391e-07,1.0896125e-07,2.5316578e-07,5.058048e-07,8.0740176e-07,1.0482605e-06,1.5060806e-06,8.2284896e-07,3.7779313e-07,1.0055666e-06,1.2275588e-06,1.4742313e-06,1.04654e-06,4.1501104e-07,5.035744e-07,1.3493316e-06,1.7480897e-06,1.1087025e-06,8.4899006e-07,8.329459e-07,8.9801216e-07,6.846118e-07,5.1600676e-07,2.2764674e-07,8.36936e-08,5.040477e-08,4.798586e-08,2.7108312e-08,1.8777106e-08,9.579253e-09,5.3145057e-09,4.743254e-09,5.064203e-09,4.8223425e-09,4.825934e-09,5.1036517e-09,5.3501843e-09,5.943662e-09,5.5364198e-09,4.962289e-09,3.0953822e-09,2.9883754e-10,0.40562007,0.28848776,0.21173385,0.2109646,0.2693369,0.33310723,0.3338818,0.36599368,0.48590842,0.6476602,0.64363164,0.5633457,12.104833514696544,13.059570405368222,15.79594528572064,18.464249288228846,18.010703158436744,16.108768282387768,40.4648798245331,1249.4039766019787,1443.926729859117,0.0034620916,1861.2328314012098,ABNORMAL
Cold (17),-560.4945,63.372963,19.27325,32.60149,-26.173319,-26.030127,-32.39607,7.5589976,-26.295765,-17.34412,-1.3563237,-30.082735,-16.935743,-0.36190334,-0.04540835,0.07060549,0.098990306,0.11392719,0.052519977,0.10992112,0.06031295,0.061403155,0.07380948,0.11889325,0.047672957,0.011260883,-0.08826091,-0.022925649,-0.009252309,-0.034439113,0.00953054,0.04357113,0.021157553,-0.03216102,0.014743934,0.0067704264,-0.0021818008,0.04837472,0.07853373,3.0088147e-06,6.0992957e-06,8.616629e-06,4.425253e-06,3.9128383e-05,0.0005695128,0.001201835,0.024414988,0.0130472435,0.09142875,0.02026979,0.040937424,0.013655575,0.0075897593,0.0057447995,0.0014010947,0.0028516653,0.005076497,0.002933248,0.017077284,0.010663973,0.024027038,0.021546716,0.012937759,0.0158876,0.005189536,0.011120567,0.026367733,0.016446944,0.03365337,0.0042629917,0.0061465316,0.00078142236,0.0005061604,0.001632596,0.00043388185,0.0008883599,0.00028024064,0.00018132181,0.00019893772,2.492848e-05,2.6254924e-05,1.4181572e-05,4.7459907e-06,5.966606e-06,1.0449367e-05,9.895966e-06,4.309088e-06,3.4368004e-06,3.4517413e-06,4.1718263e-06,7.545051e-06,8.022084e-06,9.4315e-06,8.354564e-06,6.543387e-06,5.181642e-06,4.4766534e-06,3.7848533e-06,3.6859672e-06,4.061593e-06,5.8294027e-06,6.517714e-06,8.552723e-06,2.3048435e-05,4.469141e-05,6.66897e-05,0.00011405777,0.00013724851,0.00011426678,0.00015183518,0.00020245538,0.00016819581,0.00023636136,0.00029893717,0.0003761861,0.000597008,0.0012555317,0.0009036183,0.00048946467,0.00035587032,0.00031225855,0.00014185107,7.169144e-05,6.543857e-05,5.0085197e-05,3.426641e-05,1.9118634e-05,9.691259e-06,3.8872313e-06,3.3014508e-06,4.8810907e-06,6.6040916e-06,4.3426375e-05,0.00033232203,0.0004857586,0.00068958895,0.0003224967,0.00028004844,0.0005907565,0.00051400875,0.00042887506,0.00010437438,6.161326e-05,4.7261223e-05,6.5947344e-05,0.00038302905,0.0011095856,0.00129318,0.0013781721,0.00035160533,5.6076668e-05,4.013852e-05,2.5877642e-05,1.7637043e-05,2.1801556e-05,2.3369887e-05,1.6851034e-05,1.703044e-05,1.1990998e-05,5.6100585e-06,6.6788944e-06,1.20939985e-05,1.9745752e-05,0.00014140052,0.00034671323,8.650602e-05,8.978793e-07,0.4547015,0.41932774,0.4020736,0.41177902,0.39012882,0.35169622,0.38555026,0.4044995,0.4161902,0.34328973,0.35778674,0.4213883,9.75346871800462,14.037179629870321,12.665039033397518,16.436256329680894,17.192268810159046,17.660678319718546,43.84899325747626,2645.099930544507,2287.1627525302156,0.020801552,5039.601732336957,ABNORMAL
Cold (170),-579.1041,2.199663,-10.577547,83.889244,-54.812756,-4.2259026,-13.674955,-27.814621,-13.246411,-3.3038187,-14.726763,2.1639028,2.560991,-0.17872024,0.3154355,0.0483726,-0.19117002,0.09013584,-0.06779525,0.18967777,0.040387303,-0.02778608,-0.18541798,0.020667713,0.018248245,-0.08478485,-0.22298172,-0.18319644,-0.0059376997,-0.0039364514,0.0010333678,0.06350007,0.04476458,0.09179359,-0.04157734,-0.070114836,-0.08156804,0.0070237103,0.026735522,4.0823916e-06,8.27559e-06,1.293729e-05,6.6442203e-06,1.6723106e-05,3.567355e-05,7.500875e-05,0.0007443703,0.00039778763,0.002326077,0.0010492983,0.0022159214,0.000876738,0.0004872904,0.00035141263,0.0013593129,0.003097984,0.00677201,0.003912932,0.006566845,0.0013024189,0.0025351075,0.0006399958,0.0003842864,0.0006384306,0.00013680509,0.00026736318,0.0001961518,0.00012235022,0.00023733733,0.00011496558,0.00026545188,0.00019364379,0.00012543128,0.00012568795,3.96687e-05,8.554204e-05,4.2066662e-05,2.7218048e-05,2.7491045e-05,8.715919e-06,9.722482e-06,7.3724135e-05,0.00012251856,0.00011812408,0.00010810912,2.535864e-05,4.5963992e-05,9.444507e-05,0.00014179101,0.0001407696,8.717281e-05,4.0562198e-05,5.1044164e-05,4.02403e-05,5.247402e-05,5.2708532e-05,4.8951402e-05,5.120246e-05,3.1183718e-05,3.278757e-05,4.1905136e-05,5.1367726e-05,7.903474e-05,0.00010604161,9.487064e-05,5.516199e-05,4.920839e-05,7.2778625e-05,9.9057936e-05,0.00014906577,9.013143e-05,0.000111557514,0.00013683797,0.00013168687,0.0001321953,0.000210754,0.00030097927,0.00037329172,0.00033655716,0.0005682465,0.0010034357,0.0013282986,0.0013076733,0.0012655426,0.0012751411,0.0016871113,0.0027145455,0.0035760736,0.0061041643,0.0090777185,0.009055543,0.007677041,0.006128325,0.0055490234,0.004864691,0.0027857006,0.0011264101,0.0014159741,0.0015786532,0.0010009772,0.0010994491,0.0013541115,0.001119414,0.001071386,0.0013045958,0.0009800959,0.00057235203,0.0005530061,0.00053664355,0.0004591579,0.00044303256,0.00015363988,8.9873196e-05,6.510675e-05,3.344747e-05,1.7081944e-05,5.5479545e-06,2.7879614e-06,3.6667273e-06,3.3214353e-06,5.3787926e-06,7.026089e-06,3.2242972e-06,1.2202928e-06,5.2963287e-07,2.7707455e-07,4.1184798e-08,0.50913185,0.4212029,0.296879,0.20875835,0.17095423,0.16967204,0.18904597,0.264643,0.34032813,0.38470992,0.4942506,0.5868666,9.373772173171597,11.049723333870281,13.628487370540933,12.527227265004392,18.261775553647258,20.635245189708932,44.748222722929405,3536.76047716833,1763.484329702493,0.012186691,5170.4726108284885,ABNORMAL
Cold (171),-571.2584,-4.337263,-14.098945,71.85014,-47.530308,-0.23813951,-10.484903,-25.131044,-19.249866,2.3474143,-9.709974,-0.14109646,3.215803,-0.4983673,0.15201764,0.1441718,0.035706416,-0.16516805,-0.0455552,-0.01631864,-0.06338331,0.18245853,-0.0726543,-0.06988805,-0.0033326307,-0.02983995,-0.28399724,0.119585946,-0.054340955,0.03223177,0.010861932,-0.12229309,0.068665735,-0.06913023,0.060496133,-0.010163529,-0.026650216,0.0012715181,-0.072222754,1.6314734e-06,3.3072286e-06,1.1798509e-05,6.0593748e-06,1.7765735e-05,2.1435928e-05,4.4924673e-05,0.0011443858,0.0006115539,0.0073702573,0.0018561428,0.0037889879,0.0008065392,0.000448274,0.00016417743,0.0004939777,0.0011235006,0.010503972,0.0060692946,0.026137648,0.0042071026,0.0077500013,0.0033852435,0.0020326744,0.0020941447,0.00028209126,0.00045995534,8.987427e-05,5.6059318e-05,0.00018598148,5.740269e-05,0.00012250437,0.00029458167,0.000190813,0.00056165433,6.1905695e-05,6.649486e-05,5.997221e-05,3.8803333e-05,3.9851126e-05,1.8203533e-05,2.053243e-05,2.092777e-05,2.3022796e-05,2.574422e-05,3.4956753e-05,6.518017e-05,0.00014338986,0.000134001,8.452199e-05,2.4667594e-05,3.069722e-05,6.40494e-05,7.296854e-05,4.903277e-05,4.533939e-05,7.030654e-05,0.00010073485,0.00015863375,0.00024095036,0.00028405758,0.00011327255,2.1687832e-05,1.919039e-05,2.6191256e-05,5.3500476e-05,4.760479e-05,2.581188e-05,2.3934943e-05,2.8394854e-05,3.6425427e-05,4.640723e-05,5.2192445e-05,8.2529004e-05,0.00022162267,0.0003523556,0.00027130486,0.00022007004,0.000307011,0.00038987203,0.00042306838,0.0008142375,0.0014079142,0.0012570913,0.0012945139,0.0018041028,0.0023194314,0.0046737944,0.006051352,0.0042621107,0.00262338,0.0016869123,0.0015128227,0.002234738,0.0025038924,0.002469797,0.0016594259,0.0018651539,0.0011760597,0.0009574412,0.0009831857,0.0011779197,0.001168954,0.00080037274,0.0007606209,0.00089935807,0.0006542816,0.00075626984,0.0009995492,0.0012073055,0.0013957283,0.0011768749,0.00058013236,0.00023787485,7.411725e-05,2.1395741e-05,2.0167949e-05,9.941315e-06,1.13801225e-05,6.494204e-06,9.521342e-06,1.0196851e-05,6.0412685e-06,8.474591e-06,6.343546e-06,9.888056e-06,9.154435e-06,1.127941e-06,0.4845835,0.4180078,0.34728137,0.28078467,0.26290375,0.21662413,0.19600137,0.27766803,0.42020026,0.4894975,0.48374408,0.5241345,10.615817470621632,11.009881562301482,13.949963751952236,12.934476614059774,17.797477125356508,20.666011587867494,44.75467457741377,3759.401764994924,1794.2987904580452,0.017741797,5457.470703125,ABNORMAL
Cold (172),-541.0435,29.081814,-45.5375,70.69312,-37.877823,-7.6134596,-5.3583694,-19.419771,-19.116165,-1.7065445,-11.961248,-1.3136587,-0.3084933,-0.14403623,-0.6940019,0.5504381,-0.575713,-0.19212836,0.15433407,-0.0111378925,0.2249053,-0.18936849,0.29695752,-0.12737153,-0.075193174,-0.0057840403,-0.31651318,0.15999185,-0.058973804,-0.22123513,0.03527316,-0.1282734,0.12221832,-0.05265893,0.043172497,-0.008195035,-0.072795555,-0.024017835,-0.05116044,8.110391e-06,1.6440916e-05,2.7718972e-05,1.42356685e-05,2.5258872e-05,3.189526e-05,6.686743e-05,0.0022674974,0.0012117387,0.0118363,0.0053931596,0.011394134,0.0043694484,0.0024285368,0.00056181836,0.00036808333,0.0008092806,0.0045896494,0.002651943,0.012463875,0.002460249,0.004783502,0.0036488462,0.0021909548,0.005754607,0.00052631076,0.0006411643,0.00012223184,7.624243e-05,0.00089219894,0.0002892629,0.00062401517,0.00025166976,0.00016301718,0.0024323142,0.0009150454,0.002058809,0.00039515548,0.00025567424,0.0002831463,0.00023461418,0.00026760384,0.00019835922,7.8990946e-05,0.00013341324,0.00030826326,0.00031950473,0.00025766582,0.00025823995,0.00022048938,9.0535614e-05,8.34129e-05,0.00011939538,0.00028831643,0.0005214076,0.0005223579,0.00025216513,0.00010048791,0.00011491466,0.00021840824,0.00085237925,0.0016159674,0.002272787,0.0011863397,0.0005981014,0.00096425205,0.0015795989,0.0024603442,0.0036786108,0.003083882,0.0034016958,0.0041189515,0.0034766204,0.0023164884,0.001992309,0.0013682588,0.0013854331,0.0016256794,0.0018072904,0.002134522,0.0027054276,0.002454375,0.0022524772,0.0025660046,0.0031482093,0.0033879997,0.0037877923,0.0043627853,0.005273959,0.009479718,0.015251892,0.011547913,0.006892183,0.0043280656,0.0032789987,0.0017972272,0.0011898177,0.00088529073,0.00062038074,0.0004762101,0.00040426533,0.0004370947,0.00032902,0.00023309895,0.00026491098,0.00037397927,0.0004488292,0.000704877,0.00080644735,0.0006261203,0.0005341455,0.00031081442,0.00012560468,5.9291895e-05,5.2088457e-05,2.4523139e-05,1.4514229e-05,5.1141083e-06,2.0197378e-06,1.1172688e-06,6.274117e-07,4.6975276e-07,3.1039332e-07,3.579435e-07,5.684914e-07,7.2352157e-07,7.200214e-07,2.0228866e-07,0.5873416,0.42768887,0.3471357,0.28391457,0.2107078,0.17038049,0.20919548,0.32090798,0.35157913,0.4214462,0.5372009,0.6344721,9.118834147844561,12.812348742031093,13.90211545925538,14.301483036759736,17.772360496970446,21.704660944555993,42.91067116008019,2996.9061667953956,1756.1299092858683,0.012127323,4752.919407894737,ABNORMAL
Cold (173),-601.57477,33.136883,-20.726841,78.13653,-29.712502,-14.907101,-2.1504707,-15.8582,-27.186197,-3.0585978,-4.7777643,1.3236494,1.8221858,-0.56821483,0.2685264,0.11426888,-0.2973409,0.12650351,-0.027204664,0.1790645,-0.061875876,0.15285352,-0.023853151,-0.055045027,-0.103139974,-0.030648442,-0.327358,0.17426905,0.082425855,-0.06724807,0.11667438,-0.010304085,0.11351335,-0.07049774,0.037986185,0.067560904,-0.039389916,0.045754686,-0.0028140612,3.3182573e-06,6.726579e-06,3.0814623e-05,1.5825504e-05,3.3516084e-05,4.0257335e-05,8.436702e-05,0.0011557749,0.0006176401,0.0061605605,0.0018146408,0.0037462628,0.00064431527,0.00035811006,0.00019543491,0.00051891035,0.0011787498,0.0075089694,0.004338754,0.019546365,0.0031030697,0.0056923716,0.00050300267,0.00030202867,7.665434e-05,3.587298e-05,8.076756e-05,0.00058314274,0.00036373688,0.0006871449,5.6136847e-05,4.4650187e-05,1.5069332e-05,9.761044e-06,3.4569235e-05,1.4499514e-05,3.3351385e-05,0.00012033685,7.7860575e-05,0.000114532995,1.1747904e-05,1.2104862e-05,1.5713103e-05,1.4803e-05,3.0190444e-05,7.724956e-05,0.00024625845,0.00013583893,7.84854e-05,2.4098592e-05,1.0409797e-05,1.5433205e-05,1.5663865e-05,9.087235e-06,7.76396e-06,7.5206613e-06,8.5615775e-06,9.854324e-06,1.4994455e-05,1.07385085e-05,1.859736e-05,0.00010154181,0.000155558,8.740364e-05,3.8583796e-05,4.561592e-05,4.1947987e-05,4.3267122e-05,7.40212e-05,7.924931e-05,4.5421973e-05,6.490477e-05,0.00011868379,0.0001263456,9.543316e-05,0.0001941229,0.0003907506,0.00042164695,0.00059441087,0.0007742847,0.0006546867,0.00063727907,0.00076309964,0.0005104939,0.0004540267,0.0005384027,0.0005538001,0.0004326109,0.00027187544,0.00020613094,0.00019654028,0.00013890423,0.000196049,0.00022940393,0.00018673264,0.00016989735,0.00014696029,0.000120898,0.00014601903,0.00022641887,0.00024520734,0.000118553595,7.506533e-05,9.5177966e-05,7.027744e-05,7.053585e-05,7.792552e-05,9.8022596e-05,0.000111534624,0.000120717916,6.86864e-05,7.0437665e-05,2.6709435e-05,1.2523804e-05,4.1232825e-06,3.7952973e-06,1.7701118e-06,6.3220176e-07,2.6772818e-07,2.824154e-07,1.741635e-07,2.07394e-07,1.8136365e-07,1.901618e-07,1.7961328e-07,1.5963928e-07,8.678794e-08,1.2122312e-08,0.49157435,0.3821463,0.30978283,0.28014356,0.22799523,0.26341647,0.30801287,0.39496273,0.41968113,0.46776348,0.5140992,0.4992676,9.14875343272462,11.623012142652303,14.573555851046008,12.305432035328822,19.87400335642931,20.664076998923328,43.68572363832429,2973.3093861346933,1864.698083639802,0.017341569,4695.454846398305,ABNORMAL
Cold (174),-571.4666,73.96005,-31.649843,79.54841,-27.88555,-35.486874,-7.971339,-27.165562,-18.145615,-4.3242116,-9.151077,-7.505747,-8.15395,-0.23015045,-0.13876875,-0.029351262,0.057871398,0.40903956,0.13202353,0.0848936,-0.08132555,-0.04469442,0.08338041,0.019089192,0.03641491,-0.030371502,-0.21816283,-0.13175826,-0.041842293,0.031643063,0.13306105,0.10206489,-0.0405009,0.060840946,0.010053646,-0.03460151,0.032355554,0.028822757,-0.061368056,2.599238e-06,5.269025e-06,1.7715169e-05,9.098e-06,2.4288207e-05,4.0260802e-05,8.4550644e-05,0.002961713,0.001582724,0.016919076,0.0031589235,0.0062725265,0.0019033379,0.0010578738,0.00081820105,0.00070656923,0.0015700014,0.0060064546,0.0034705866,0.03016705,0.011311638,0.024412118,0.008842645,0.0053095794,0.0010289568,0.00032015092,0.000680311,0.00048573097,0.000302976,0.0007657959,0.00036340705,0.0008367795,0.00035286066,0.0002285628,0.0002004834,3.4268334e-05,5.7049878e-05,2.2492235e-05,1.45529675e-05,4.42164e-05,3.651155e-05,4.164355e-05,8.032725e-05,2.3601806e-05,1.9512334e-05,1.1859456e-05,1.729789e-05,2.6375441e-05,5.0296527e-05,7.288708e-05,6.985254e-05,5.863006e-05,2.7748962e-05,2.0663174e-05,3.4384146e-05,9.437221e-05,0.00023507708,0.00025634447,0.00022911187,0.0002497908,0.00028299895,0.0003189188,0.00035664343,0.00036010356,0.00061598775,0.00077116897,0.0004638935,0.0003865683,0.0004129417,0.00025213414,0.0002398253,0.0003595561,0.00030283615,0.000442725,0.00030040927,0.00030777455,0.00048842526,0.0006927241,0.0007714182,0.0013676245,0.002709773,0.0032569058,0.005036763,0.0042710216,0.0027730956,0.0016419712,0.0007914085,0.00043961193,0.00042027447,0.0004513445,0.00033996406,0.00024940624,0.00022721867,0.00022797375,0.00028770976,0.00024546473,7.657759e-05,4.8475216e-05,2.514261e-05,2.1917574e-05,2.216685e-05,1.8549972e-05,1.3255801e-05,4.8821953e-06,3.5786309e-06,4.619054e-06,4.716738e-06,2.7008707e-06,1.2890262e-06,7.6917485e-07,7.9244614e-07,7.5098626e-07,3.0068625e-07,1.5319816e-07,1.1465018e-07,1.2635252e-07,1.4828576e-07,1.3803775e-07,1.2569998e-07,1.118524e-07,1.0758164e-07,9.725225e-08,9.921673e-08,1.0702258e-07,1.16565765e-07,1.09711756e-07,7.070318e-08,7.5097315e-09,0.66789573,0.5647391,0.39967686,0.2495082,0.1646471,0.14820006,0.1872859,0.30268937,0.34919414,0.38797522,0.4408559,0.5495702,10.259225603716374,14.815263246763898,16.186669683596556,15.120749161850485,19.312700051224073,22.93690462019445,39.61417348897123,2248.7676789038264,1779.3725598493206,0.005818284,3940.453125,ABNORMAL
Cold (175),-569.7954,53.693844,-29.467194,75.600044,-35.15896,-29.426805,-7.9443965,-23.844276,-17.984386,-5.7218204,-2.4357817,-7.7973695,-9.259987,-0.47350934,0.05056312,0.20927283,-0.0849013,0.103626154,0.14043723,0.14539208,0.06374277,0.08114787,0.033243835,-0.040068563,0.0037564426,-0.054709688,-0.008454404,-0.29160386,-0.09887584,-0.0070489226,0.026427936,0.0984802,0.0022096776,0.1046376,-0.030054541,-0.009636583,0.04606932,0.009806079,0.042147964,1.7664053e-06,3.5807552e-06,1.3836312e-05,7.105931e-06,1.920509e-05,5.0159713e-05,0.0001055503,0.002364729,0.0012636988,0.011610538,0.003044948,0.0062350216,0.00227323,0.0012634599,0.000592879,0.0007651741,0.0017188257,0.010994942,0.0063529825,0.031466957,0.007636563,0.015491424,0.0030058355,0.0018048584,0.0077268453,0.0017471133,0.0034645349,0.00046904222,0.0002925663,0.0036081073,0.0013886846,0.003096172,0.00046419248,0.00030067714,8.66678e-05,7.93055e-05,0.00020118838,0.00024635214,0.00015939523,0.00034793786,0.00018432141,0.00020862,5.8205347e-05,1.1990346e-05,1.0545666e-05,9.6194735e-06,7.543686e-05,0.00035507607,0.0003941441,0.00030155227,6.75818e-05,2.2229635e-05,2.1797614e-05,2.4786803e-05,3.4725424e-05,7.638725e-05,7.236223e-05,5.6978683e-05,5.809882e-05,6.0232676e-05,8.363103e-05,0.0002016461,0.00021717178,0.00035509668,0.0004056557,0.000240374,0.0004294302,0.0005004878,0.00053196406,0.00038219002,0.0002792226,0.00024698375,0.0003212105,0.00042227935,0.0007609679,0.00074146985,0.00089804566,0.0014757762,0.003351156,0.0029026663,0.0022827985,0.0028183663,0.0017543936,0.0009773958,0.00097443216,0.00078339165,0.0006113156,0.00043725007,0.00026686466,0.00032724158,0.0003369259,0.00023672626,0.00029156308,0.00036028985,0.00036766208,0.00046486128,0.00038240524,0.00021930851,0.00015363657,0.00013736241,0.00012997554,0.0001433411,0.00014777407,0.00012373208,0.00018483082,0.0002800801,0.00041461154,0.00037916246,0.0002666756,0.00018488332,0.00015326831,8.6130574e-05,7.187513e-06,2.9990945e-06,3.357761e-06,5.922621e-06,6.58223e-06,4.7221893e-06,7.0351434e-06,6.7868805e-06,8.414822e-06,3.4943555e-06,1.3128268e-06,7.672799e-07,7.9262804e-07,1.2570628e-06,1.4021649e-06,2.194189e-07,0.5088406,0.47381926,0.38139662,0.31389892,0.30553773,0.30663472,0.34931016,0.44023275,0.41857657,0.38192782,0.40945092,0.46372622,9.530053722924055,13.122765281778726,14.92429462156683,14.067478828911065,19.212461305003274,21.714328515494174,40.11692659389852,2678.1229775261627,1838.0706718123324,0.014993217,4438.1967117537315,ABNORMAL
Cold (176),-582.8056,26.06,-34.53274,74.111946,-29.934036,-17.561014,-9.196656,-12.641088,-18.633625,3.5080953,-5.74598,-2.0046842,3.5025787,-0.32511848,-0.43905035,-0.05186031,-0.06572496,-0.15876818,0.17030688,0.062567115,0.12272171,0.033612147,0.082822874,0.06011902,0.050485395,-0.0013305071,-0.3704433,-0.056862224,0.009251204,-0.08993619,-0.009740529,0.072615236,0.09098872,0.027045807,0.030715471,-0.019727573,-0.017270837,-0.047362644,-0.008798229,2.9256619e-06,5.9307336e-06,2.8981633e-05,1.4884133e-05,3.115882e-05,2.1893968e-05,4.5636007e-05,0.0015305793,0.0008179336,0.007283335,0.0017583931,0.0035773444,0.0010972214,0.00060983497,0.00019765834,0.00013454715,0.00029630886,0.0029807936,0.0017223308,0.015213598,0.0034862051,0.006996448,0.0010365198,0.0006223798,0.0015173969,0.00038048235,0.00077391835,0.00026983029,0.00016830736,0.00069776893,0.00034457658,0.0007976367,0.00042271832,0.0002738125,0.00024335762,6.6000575e-05,0.00013604831,0.00012805301,8.2853105e-05,8.991486e-05,1.8681938e-05,2.0439551e-05,3.1788455e-05,2.4803294e-05,2.2987815e-05,1.9203606e-05,1.6199405e-05,3.8546696e-05,4.7395395e-05,4.91504e-05,4.3164047e-05,6.0442973e-05,1.9612495e-05,2.2383227e-05,3.1366966e-05,4.437769e-05,5.8010915e-05,5.730109e-05,5.422091e-05,6.6703e-05,0.000131706,0.00017683471,0.00017834603,0.00026446267,0.00025432528,0.00028016634,0.00029552123,0.00030243117,0.0003940132,0.0002705894,0.0002128174,0.0002772013,0.00034257857,0.00043732947,0.0005495978,0.0007355338,0.0006931784,0.0007664448,0.0009636874,0.0011749384,0.001497903,0.0018924776,0.0025003094,0.0027179166,0.0019421129,0.0016659126,0.0015660288,0.0012546534,0.0008088806,0.0006451703,0.0005251573,0.00039929705,0.00033248184,0.00031991562,0.000248519,0.0002552499,0.00030008657,0.0001752612,0.00013545124,0.00013203782,0.00019089768,0.00024523365,0.0002625162,0.00036487132,0.00025387306,0.00030629575,0.00034848214,0.00021939825,0.00029972114,0.00030904688,0.00025458174,0.00020480381,7.841338e-05,2.5538237e-05,1.5436583e-05,5.508085e-06,4.208303e-06,3.6294116e-06,1.0707699e-06,1.2737049e-06,9.92501e-07,8.8024126e-07,2.84555e-07,2.626148e-07,4.4956337e-07,7.982086e-07,9.406866e-07,1.237084e-07,0.48971367,0.41408432,0.34756595,0.26272002,0.24803443,0.27384242,0.30601305,0.40914023,0.54839784,0.5677034,0.5255341,0.4906339,10.229115221631913,11.454921130879436,13.61578561113689,13.822038398261757,17.50451639368313,20.420228557167984,43.76391485908191,3136.534013510004,1799.0525232554264,0.021675851,4862.67578125,ABNORMAL
Cold (177),-606.47974,49.433346,-32.357292,80.11586,-33.317135,-31.439531,7.210853,-24.478113,-22.76925,0.4207249,-4.3208566,-8.334028,-7.353,0.11767809,0.42361525,0.35733047,0.08193678,0.056539636,0.03516145,0.019746326,0.0066596195,-0.0218793,-0.10655827,-0.102820545,-0.034225993,-0.097606696,-0.023598883,-0.04071655,0.065030955,0.038359843,0.059240412,0.06918119,-0.028868796,0.0005742134,0.06537087,0.020469083,0.0521474,0.038631782,0.020311974,1.7580027e-06,3.563722e-06,1.3122263e-05,6.7392166e-06,1.7580316e-05,4.2154505e-05,8.867753e-05,0.0024654693,0.001317534,0.014690104,0.0036602907,0.0074655665,0.004000013,0.0022232048,0.00092525204,0.00021795319,0.00044159807,0.004771722,0.0027571467,0.029135475,0.0063575064,0.0126348175,0.0009771405,0.0005867254,0.0012499654,0.00020113522,0.00035651907,0.0001249654,7.7947516e-05,0.0020457837,0.0009017584,0.0020547376,0.00024363081,0.00015780999,1.9232411e-05,4.190921e-06,7.946012e-06,2.7078293e-05,1.7520248e-05,0.00018795383,6.8741516e-05,7.7052624e-05,3.1347e-05,5.301684e-06,5.098582e-06,6.3403922e-06,1.7065016e-05,5.122332e-05,6.196315e-05,5.5686196e-05,2.2793654e-05,1.093093e-05,5.1424704e-06,7.076404e-06,1.9827983e-05,3.0417183e-05,4.048639e-05,2.789961e-05,1.1964736e-05,1.5774076e-05,3.183678e-05,3.4073666e-05,4.394122e-05,4.8922502e-05,4.7291585e-05,6.621315e-05,6.173713e-05,6.179866e-05,0.00014985741,0.00018671385,0.00019138283,0.00016368127,0.0002809159,0.00066688395,0.0008500491,0.00085223996,0.0010071737,0.0019967356,0.0033025004,0.0021026295,0.0019592026,0.00280731,0.003691663,0.0025432117,0.0010187816,0.0008803159,0.0009239237,0.0006935186,0.00044732128,0.0004224754,0.0004211092,0.00032774828,0.00037801516,0.00040018512,0.00023484998,0.00016023491,0.000113042544,0.00010171358,8.150304e-05,5.412269e-05,4.5161585e-05,2.467887e-05,1.0549649e-05,1.1086069e-05,8.745331e-06,9.792002e-06,6.199792e-06,5.007132e-06,5.114153e-06,5.489791e-06,5.168404e-06,3.015116e-06,9.3163885e-07,3.7266167e-07,1.6740903e-07,1.6328035e-07,1.8462235e-07,1.4887189e-07,1.3942034e-07,1.5741949e-07,1.6215701e-07,1.3486998e-07,1.2188893e-07,1.07547926e-07,1.1172738e-07,1.2921907e-07,9.151177e-08,3.0920827e-08,0.46824992,0.44047162,0.35120934,0.24057528,0.20673801,0.2265297,0.30183488,0.3564597,0.59008694,0.4091194,0.3650277,0.3767754,8.98018317828976,12.825320627291816,14.376491841047617,13.623459634558168,20.204016834000456,25.08717434229575,40.63569226453083,2673.488949240273,1705.3214455982354,0.00847637,4121.546708776596,ABNORMAL
Cold (178),-587.1235,44.868736,-11.387906,78.91334,-40.59149,-22.965908,-6.079924,-23.366926,-21.06905,-5.653837,-7.132777,-7.1980944,-3.8974938,0.045380846,-0.47765604,-0.5016814,-0.21500038,-0.31900644,0.023312569,-0.029194321,-0.058734324,0.062001657,0.08316478,0.12400811,0.1505077,0.0698666,-0.63598603,0.06754181,0.10439533,-0.087292425,0.08125298,-0.036474153,0.16064453,0.043454915,-0.020138996,-0.022351779,-0.06409776,-0.017015878,-0.10579685,1.7542026e-06,3.5560183e-06,1.287094e-05,6.610144e-06,2.2264221e-05,6.537891e-05,0.0001376287,0.0022526816,0.0012038213,0.008378228,0.0034512212,0.0072590923,0.0037795678,0.0021006814,0.00057305174,0.00088738254,0.002000611,0.011570783,0.006685709,0.026657704,0.0055403206,0.0108978115,0.0027875977,0.0016738173,0.00081956957,0.00030369655,0.0006637283,0.00038767754,0.0002418149,0.000120125915,5.1136813e-05,0.00011590795,0.00022731189,0.00014723952,0.0002367715,0.00012436883,0.00029702115,6.1477294e-05,3.977715e-05,1.9076379e-05,5.6229246e-06,6.254988e-06,0.0001224591,0.00014563932,0.00013187004,9.639493e-05,2.42216e-05,1.2870603e-05,9.414513e-06,8.066034e-06,1.251434e-05,3.8729355e-05,3.7663813e-05,2.993064e-05,1.8728266e-05,8.556749e-06,5.839003e-06,7.2380767e-06,8.926194e-06,9.950948e-06,1.5213215e-05,3.2441978e-05,5.340159e-05,3.8973827e-05,2.2254015e-05,1.6511785e-05,1.3551427e-05,3.3209548e-05,7.3892166e-05,4.4193854e-05,3.826996e-05,9.28578e-05,0.00017184748,0.00012346814,9.629745e-05,0.00013796287,0.00018667457,0.00022127912,0.0002857815,0.0006468,0.0012889443,0.0017961742,0.0015323717,0.0011475236,0.0007324179,0.0005778007,0.00047418298,0.00044717817,0.00036483654,0.0006369882,0.0010663696,0.00064855674,0.00042027523,0.00039970624,0.00041828924,0.00047216617,0.00039845213,0.00018651613,8.543387e-05,0.00011383256,0.0001203463,0.00017557295,0.00023463412,0.00018212297,0.00014868619,0.00012973008,0.00019184522,0.00016034485,0.00015192389,8.819048e-05,4.7074343e-05,2.4135217e-05,1.1987332e-05,2.5272836e-06,5.043164e-07,8.608837e-07,2.9351913e-06,2.4240653e-06,1.3244114e-06,1.2029399e-06,2.1700369e-06,1.964075e-06,8.5020673e-07,5.580949e-07,2.7295522e-07,5.228532e-07,5.2923605e-07,7.11655e-08,0.551443,0.46427017,0.41327333,0.30729547,0.21280774,0.21152498,0.22620387,0.337543,0.43350276,0.42874306,0.45698082,0.5159322,9.971112830745923,12.89886438858202,14.165364557210236,14.159244267285677,19.336959645050243,21.020638841122754,42.73625553642831,2828.993288172286,1899.1665634231488,0.013887241,4684.217879795792,ABNORMAL
Cold (179),-575.80206,54.513996,-29.24717,73.77104,-40.830856,-30.396172,-7.7492647,-21.811384,-20.608652,-4.6419206,-2.9360392,-7.328733,-2.6659276,-0.39798528,0.11961614,0.10717138,-0.4172706,-0.12767582,-0.09990741,0.20221823,0.11580932,0.059184995,0.06007076,0.0684655,0.0645047,-0.018391436,-0.7304511,-0.08180543,0.09752371,-0.11552809,0.19570135,0.0731701,0.16153431,0.14622569,0.070496656,0.034088533,-0.07074897,0.009851597,0.006365205,2.0732682e-06,4.2028096e-06,1.2790551e-05,6.5688596e-06,1.876957e-05,4.5551198e-05,9.5827294e-05,0.0016342002,0.0008733081,0.006859049,0.0013846981,0.0027719287,0.0028877745,0.0016050234,0.0017667911,0.00046506865,0.0009554495,0.008348789,0.0048240097,0.02552693,0.0047664335,0.009144491,0.0017622719,0.0010581588,0.0006515845,0.00023872005,0.0005208573,0.0023954744,0.0014941836,0.0035275368,0.00040983086,0.0005474462,6.807176e-05,4.409296e-05,5.306467e-05,2.6762778e-05,6.352809e-05,0.00020341633,0.00013161481,0.00021030779,3.5905603e-05,3.8799797e-05,6.9131704e-05,2.5927917e-05,2.5256664e-05,2.717377e-05,0.00015273785,0.00019270349,0.00015129895,7.2615825e-05,1.968025e-05,1.605817e-05,2.3029754e-05,4.2594555e-05,3.1534684e-05,1.8140207e-05,1.6851047e-05,2.7805527e-05,8.175905e-05,0.00014091136,0.00016146693,0.00015516867,9.522901e-05,0.00027703642,0.00046663583,0.00023092661,7.740678e-05,0.00014898446,0.0004206751,0.00029347255,0.00014046462,0.0001894033,0.00033928547,0.00049386115,0.0004756705,0.00044891477,0.0007027989,0.00055334537,0.00095462,0.0015767918,0.0018255581,0.002271668,0.0018699451,0.0016212984,0.0014467047,0.00094102736,0.0007315005,0.0006314557,0.00034571972,0.00025604965,0.00020216468,0.00021724707,0.00020442954,0.00021267834,0.00022347439,0.00021128653,0.00015409882,0.00017680693,0.00014579424,6.606017e-05,5.0400828e-05,6.764695e-05,0.00015100527,0.00027419665,0.0002794801,0.00040430526,0.0006187732,0.00020292337,0.00020320302,0.00021323159,0.00017541535,3.5500736e-05,6.6538964e-06,9.846857e-07,2.0227651e-07,1.5754902e-07,3.2130947e-07,2.8310117e-07,2.1774134e-07,2.9396818e-07,5.077865e-07,5.0015586e-07,5.640827e-07,2.645518e-07,2.8924225e-07,3.4142587e-07,3.8442042e-07,7.657056e-08,0.52827007,0.44052222,0.33901727,0.26070854,0.24206237,0.26509473,0.35715976,0.48995873,0.4933052,0.46104774,0.4472838,0.47332528,9.173004331558671,12.619851926980107,13.951323302007209,14.841034938677772,18.91236668008579,22.129313581812745,40.52661787161323,2788.270942065657,1828.8911178199637,0.014913879,4502.566189236111,ABNORMAL
Cold (18),-562.46936,71.50208,-7.822746,44.730225,-5.2253194,-20.82427,-24.360912,-19.848679,-10.526989,-22.577572,-3.6841762,-12.82068,-13.948883,-0.21828726,-0.03389404,0.03422323,-0.18388954,0.10732961,-0.007976874,0.059352703,-0.04729999,-0.017452264,0.00091305067,-0.035392977,-0.006190427,0.065724954,-0.14295578,-0.05457226,0.01012959,0.0069824522,0.057306424,0.0104761245,0.011511322,-0.023336621,-0.017646628,0.03365984,0.027762558,0.017435474,-0.007234056,8.067046e-06,1.6353051e-05,2.4426896e-05,1.2544951e-05,6.2655425e-05,0.0005054343,0.0010660774,0.020012867,0.010694772,0.084621504,0.016311985,0.032500256,0.008872677,0.004931429,0.0056714537,0.0020214973,0.0042804442,0.004023444,0.002324784,0.016018441,0.009053875,0.020263888,0.020293634,0.0121853445,0.009134054,0.0014847452,0.002642682,0.0011166893,0.00069653796,0.0014464757,0.0005142497,0.0011301448,0.0002870953,0.00018596377,0.00010132806,1.7190994e-05,2.8481354e-05,2.4268596e-05,1.5702311e-05,3.6915048e-05,1.272248e-05,1.4233204e-05,3.4371256e-05,2.5936193e-05,2.7696857e-05,3.4808752e-05,4.4897704e-05,8.239343e-05,0.00010028908,0.000116093965,0.00014385059,0.00014431895,5.4507615e-05,3.733278e-05,3.9517934e-05,9.436664e-05,0.00011882639,8.7180124e-05,8.399549e-05,0.00027833704,0.00044196448,0.0004586785,0.00039166622,0.00028985154,0.0002769059,0.00033080304,0.00034975057,0.0004961753,0.0012416751,0.0021921694,0.0029135307,0.002477029,0.0017985121,0.0018120174,0.0012975605,0.0011197834,0.000900475,0.00057947316,0.00030272274,0.00016525674,0.0003086578,0.00076156267,0.0012305508,0.0011328113,0.00066293724,0.00036536227,0.00027262638,0.00033365857,0.00042781545,0.00087449246,0.0019454344,0.0046915417,0.0039370134,0.006992945,0.0054477556,0.0050838804,0.003958362,0.00474543,0.001675174,0.0014936245,0.0017809852,0.0011593056,0.00096023764,0.0011737774,0.0017861009,0.0009801795,0.0006279006,0.0002584802,0.00020679372,0.00021159145,6.992557e-05,4.6419063e-05,1.93432e-05,1.0041837e-05,5.606594e-06,4.680146e-06,4.4345365e-06,5.543494e-06,8.445246e-06,1.5391648e-05,1.3084315e-05,1.730221e-05,2.2223387e-05,5.8193094e-05,9.214704e-05,5.71594e-05,0.00010063832,2.1618478e-05,0.6266434,0.59138715,0.5319277,0.42478207,0.32570675,0.25703454,0.25400153,0.30178,0.33693275,0.36186397,0.46413267,0.60189515,8.891675982461743,13.600248456391817,12.162750662457043,13.261719138243578,16.854665652223616,17.63110339784202,36.89342903563793,2124.901605029374,1961.7835414160618,0.010613369,3572.1548507462685,ABNORMAL
Cold (180),-554.62823,55.47992,-30.98808,86.44008,-34.318653,-33.82848,-13.755207,-21.509645,-9.049119,-0.35459116,-4.1270022,-5.919982,-1.1850916,-0.08078924,0.55401886,-0.04853389,-0.10165009,0.16197675,-0.22498713,0.17013937,-0.0529691,0.08079443,-0.05245195,0.04264997,0.20467766,-0.029836424,-0.3905728,-0.32868463,-0.11709108,-0.12837094,-0.040510155,0.24934937,0.1779642,0.13847089,0.07400909,0.0833029,0.07987039,0.09120078,0.08159454,7.5058265e-06,1.5215378e-05,2.7194128e-05,1.3966123e-05,2.9878001e-05,3.0896885e-05,6.467102e-05,0.002619511,0.0013998528,0.013082149,0.003972982,0.008218392,0.007044698,0.003915439,0.002089023,0.00039410792,0.00077211345,0.01042935,0.006026178,0.0467032,0.0165158,0.035406623,0.013371942,0.008029202,0.0026866747,0.0007674066,0.0016048462,0.0019201079,0.0011976726,0.0032799924,0.0005479138,0.00094549486,0.00025422432,0.00016467187,9.255847e-05,2.1019352e-05,4.0567837e-05,7.740183e-05,5.0080675e-05,0.0001428171,2.8999619e-05,3.168607e-05,1.5586655e-05,8.543889e-06,1.5598533e-05,3.76654e-05,9.9172896e-05,5.115294e-05,3.2120584e-05,1.6426098e-05,1.4108349e-05,2.4071069e-05,7.745872e-05,0.000109850225,6.107695e-05,3.904051e-05,2.654661e-05,5.3292566e-05,9.129806e-05,8.196738e-05,0.000112481655,0.0001141643,0.00012528076,0.0002787478,0.00047320052,0.00043885465,0.00013518224,0.00014375351,0.00020576587,0.00018637674,0.0002254405,0.00020347052,0.00015398022,0.0002619547,0.00030158446,0.0003521755,0.00048821993,0.00093252404,0.001114866,0.0015498259,0.0029150313,0.0036840625,0.0030759133,0.0019847564,0.0016199654,0.001430364,0.0013921518,0.0010323109,0.0015654649,0.0011332687,0.0007045354,0.00080717023,0.0005298473,0.00033063293,0.00038986705,0.00036424812,0.0002708037,0.00024552783,0.0001973835,0.00017197622,0.00023652571,0.0001447879,0.00015388173,0.00017761339,0.0003866841,0.00040049042,0.00046299526,0.00030078556,0.00030819193,0.00015906848,0.00012628187,5.879756e-05,2.2474991e-05,3.479588e-06,8.9125047e-07,1.1315435e-06,4.7157014e-06,4.600797e-06,4.8738398e-06,2.8095506e-06,6.5858712e-06,7.149346e-06,4.7490494e-06,2.200755e-06,1.1059504e-06,7.75127e-07,9.791769e-07,1.6908436e-07,0.5674906,0.5253366,0.44544163,0.3336992,0.22777309,0.23107202,0.30528125,0.39148253,0.39600533,0.33539653,0.3795282,0.462227,7.889704211655219,14.051400437244647,15.40634232661208,15.203874360375227,19.292707576905084,22.198398679800622,41.02502525834018,2671.313430631554,1787.3735808107483,0.011901253,4387.8515625,ABNORMAL
Cold (181),-576.6386,52.988834,-18.522577,73.73361,-40.775475,-21.288513,-4.299646,-29.34878,-24.355654,-3.1406853,-4.4409122,-6.730017,-6.6084065,0.21871367,0.70622844,0.22097255,-0.19397365,0.15529704,0.046238992,-0.007321176,-0.05729131,0.042855926,0.18319772,-0.10862833,0.05899645,-0.04522322,-0.14920527,-0.107896425,-0.0007565799,-0.1683917,0.033893585,0.021214142,-0.0010600919,0.09043797,0.023241883,-0.0256302,0.018754648,0.059712514,0.08860378,2.2143681e-06,4.4888393e-06,1.4399134e-05,7.3949805e-06,2.3850493e-05,3.9137813e-05,8.218771e-05,0.0027386027,0.0014634951,0.017457593,0.0039157043,0.007916486,0.0014693713,0.00081667566,0.00029703983,0.00024667633,0.0005473936,0.008402566,0.004855083,0.05756786,0.016640306,0.034736615,0.0069279163,0.004159878,0.0040776986,0.0004402372,0.0006227307,0.00023147246,0.00014438156,0.0010342516,0.00025160794,0.00050437986,7.655685e-05,4.958911e-05,4.1440748e-05,2.6960599e-05,6.620028e-05,5.0996034e-05,3.299555e-05,9.418768e-05,3.1738437e-05,3.5480145e-05,3.5995305e-05,1.8558709e-05,1.925668e-05,2.3350514e-05,0.00017276959,0.00034771592,0.00036002923,0.00028890555,0.00016839195,9.086738e-05,3.245311e-05,0.00010530078,0.00028141766,0.0002878342,0.00021560304,0.00010043743,5.298422e-05,8.316089e-05,9.105261e-05,7.7996454e-05,7.6450146e-05,8.762218e-05,0.00011915832,0.00020689666,0.00017339959,0.00017600578,0.0002451707,0.00026163654,0.00016667525,0.00010838075,0.00021519857,0.0003486572,0.0001915407,0.00020277879,0.00042194105,0.0007652883,0.0008535934,0.0011734142,0.001614116,0.0015178274,0.0028818655,0.0043964707,0.002970999,0.0053592143,0.0032849188,0.0032152566,0.0022859045,0.0016546784,0.0013504599,0.00137975,0.0017918862,0.0012146523,0.00082935847,0.0012950387,0.00083158823,0.00058257347,0.00044038994,0.00030725397,0.00026030935,0.0005050385,0.0005670067,0.0003700939,0.00028454364,0.0003636673,0.00037353943,0.0003462653,0.0003356497,0.0003107124,0.0001566279,0.00010246615,3.181707e-05,5.694756e-06,8.1277767e-07,7.364059e-07,1.1557252e-06,8.2475896e-07,6.8482643e-07,9.289851e-07,9.378924e-07,8.7361127e-07,4.3079467e-07,3.07646e-07,2.0934482e-07,2.8606462e-07,2.789945e-07,4.7958917e-08,0.63130933,0.5950307,0.50066614,0.36099637,0.26692337,0.20976661,0.18667662,0.24873967,0.32509527,0.33054978,0.35085565,0.44796968,10.07459326505829,14.135254848278759,15.674146258802006,14.596853859666625,19.2650226843071,21.641785602238425,41.48986371340084,2512.3853878598543,1824.2781629623535,0.008236716,4358.601180366848,ABNORMAL
Cold (182),-571.8179,29.17871,-29.42031,86.526474,-32.95839,-24.042244,-13.391184,-19.27699,-18.9645,-9.150668,-5.344501,-3.4801364,-1.8163222,-0.916735,-0.3005628,0.64592046,-0.054893397,0.07520729,0.30333066,0.20425111,0.061368994,-0.10292195,0.114031546,-0.032429203,-0.047702536,0.06460972,-0.064841345,-0.090981446,-0.09280222,0.025953181,-0.09430171,-0.061358243,0.052269474,0.08380867,0.09304178,0.046045136,0.03391949,0.08293564,0.0051795477,1.4171685e-06,2.872802e-06,1.0394816e-05,5.338479e-06,1.7390206e-05,3.8378086e-05,8.07069e-05,0.0015302445,0.00081775466,0.010505493,0.0046613123,0.009836893,0.0023785422,0.0013219924,0.0003216894,0.0005063938,0.001142007,0.006500301,0.0037559362,0.013515077,0.0073214513,0.016336411,0.023344016,0.014016948,0.007856853,0.000410364,0.00010409003,5.1044735e-05,3.183929e-05,0.00014730099,5.2109037e-05,0.000114409326,0.00016589677,0.00010745838,0.000334531,4.7474277e-05,6.862574e-05,5.967083e-06,3.8608327e-06,7.338911e-06,3.9267425e-06,4.445342e-06,2.7322492e-05,9.95417e-05,0.00013891891,0.00025791064,0.00016353847,4.0542647e-05,1.5645952e-05,8.764608e-06,1.0226573e-05,8.645651e-05,0.000641466,0.0006565808,0.00021282918,3.5034478e-05,1.2210588e-05,1.7500315e-05,0.000100933146,0.00017333544,9.353602e-05,7.014083e-05,9.105272e-05,0.000115379196,0.00019561539,0.000390825,0.0006743749,0.00051334227,0.00025884437,0.00015575296,0.0002528081,0.0003063921,0.00032868795,0.00036999583,0.00036545243,0.00043452784,0.0006814314,0.0010412628,0.0010343557,0.0016894352,0.0031932397,0.0031221558,0.0017176713,0.0018305643,0.0021339674,0.0014479284,0.0015001085,0.001966611,0.0018420122,0.000795389,0.0006016948,0.00044484637,0.00039398656,0.00042290555,0.0004894917,0.00043690472,0.0005264493,0.00027262978,0.00014049895,0.00010390464,8.213827e-05,9.479966e-05,0.00015113983,0.00015272576,0.00013334828,0.00010241839,0.00010316969,0.00011234761,0.00014925242,0.00022887431,0.00020159267,0.00013145182,2.5967853e-05,1.645043e-06,5.7835376e-07,7.018127e-07,9.778657e-07,1.2156269e-06,8.942442e-07,2.0574116e-06,2.1223814e-06,2.0178743e-06,5.092776e-07,2.1642704e-07,2.5081664e-07,6.011453e-07,9.040164e-07,1.7995693e-07,0.4444676,0.4205209,0.41176596,0.2743147,0.21710664,0.2504247,0.3564577,0.45693937,0.4947554,0.4395088,0.4302145,0.45726958,10.890406594561362,13.15287370093054,14.529040610952341,13.562907698605782,19.717698332127004,21.39257237285327,42.42098491944005,3123.4557108677077,1834.5019540726419,0.018963745,4860.274174528302,ABNORMAL
Cold (183),-558.8226,28.31523,-44.75672,74.5343,-39.585247,-15.020658,-8.227321,-22.118374,-20.668972,-5.465645,-2.7556176,-4.694515,-0.66542286,-0.2716893,0.51215446,0.2143022,0.18976194,-0.06147707,-0.11719259,0.25341433,-0.055520296,0.0822205,0.04985677,-0.25837067,-0.10533099,0.06226625,-0.33935052,0.2291,0.06432555,-0.09744869,0.071858786,-0.043763522,0.12779821,-0.03188659,-0.016508883,-0.049242523,-0.015303127,-0.06035368,-0.04479799,2.094914e-06,4.2466886e-06,1.2169016e-05,6.2496574e-06,2.1130698e-05,5.682391e-05,0.0001195856,0.0017653345,0.00094338576,0.008623866,0.0032360116,0.006775565,0.0039175586,0.0021773768,0.00093686825,0.00036086421,0.0007689111,0.0057965885,0.003349324,0.02209227,0.0042534196,0.008221508,0.0016217766,0.0009737982,0.0025753982,0.0004768832,0.0008908901,0.00063518755,0.0003962,0.001605589,0.000269776,0.0004669279,7.338093e-05,4.7531932e-05,5.022666e-05,3.204794e-05,7.8514844e-05,0.0002756393,0.00017834466,0.0003613575,5.878075e-05,6.3298605e-05,9.003083e-05,5.222373e-05,8.757594e-05,0.00019878394,0.00037978307,0.00037522352,0.00043348785,0.0004075765,0.00014942155,0.00010670084,0.00014450765,0.00021040805,0.00025796765,0.00038387137,0.0004499121,0.00042895498,0.00051171315,0.00081762404,0.0006007257,0.0006092848,0.0007309259,0.000583563,0.0004959463,0.0006028817,0.00036222686,0.0003904608,0.00045447453,0.00039082862,0.00034820076,0.0003723983,0.00057750003,0.00061762705,0.0006704551,0.0007495476,0.0008943983,0.001215676,0.0015124995,0.0018198753,0.0013589811,0.0016296391,0.001780196,0.0017598597,0.002085657,0.0023041868,0.0028998652,0.00393023,0.0039612413,0.0037029951,0.0031927794,0.0017603505,0.0017078217,0.002059135,0.0012703794,0.0010227237,0.0008090952,0.000830924,0.0006238599,0.00060223317,0.0004404142,0.00036725696,0.0004335638,0.0004355756,0.00045724332,0.00032422764,0.0002560735,0.00023470157,0.0003109555,0.0003193352,0.00028430473,0.00013829803,4.730917e-05,5.735654e-06,6.914335e-07,1.0870497e-06,1.0087128e-06,7.037153e-07,6.3737417e-07,8.869903e-07,1.2954507e-06,8.829178e-07,5.0413774e-07,3.253971e-07,4.8721597e-07,2.7674246e-06,2.2966942e-06,8.532463e-08,0.47888634,0.41359398,0.37600788,0.34701443,0.34098125,0.35754773,0.36112484,0.3839891,0.4185289,0.49486992,0.47434974,0.47625437,9.717974736255998,11.83595434769784,12.697570291463098,14.159818471487652,18.751808396967935,20.473812464451676,42.009106573823544,2957.190170437299,1718.7306077928758,0.015019443,4673.101394746933,ABNORMAL
Cold (184),-569.5866,39.590164,-22.634962,80.762886,-41.38066,-20.542896,-4.782978,-24.591934,-25.661245,-6.52502,-4.961093,-4.2134414,-5.5222692,-0.18870828,-0.22063938,-0.37946883,-0.28048047,-0.11101154,-0.022480331,-0.0011771836,0.03440555,0.018826729,-0.014568204,0.11709403,0.1196063,0.06744205,-0.7596429,0.13052718,0.15536185,-0.19685583,0.1260854,0.027386183,0.16766499,-0.016278246,-0.014892687,-0.03883094,0.015547668,-0.0030821636,-0.0917497,1.8895169e-06,3.8303197e-06,1.2866763e-05,6.6079992e-06,1.9886043e-05,6.873806e-05,0.0001447673,0.0041088928,0.0021957709,0.015116629,0.0047848434,0.009923456,0.005860982,0.0032575303,0.0025266015,0.0003910339,0.0007372914,0.005870918,0.0033922726,0.020622285,0.0048791384,0.009851633,0.0068654283,0.0041223564,0.0034686453,0.00026555828,0.0002571389,0.0007598194,0.00047393946,0.0009010562,0.000116272175,0.00017014892,0.0002858157,0.00018513491,0.00033734145,4.665019e-05,6.585489e-05,4.5090954e-05,2.9174835e-05,4.6850488e-05,1.7510998e-05,1.9641413e-05,0.000116751115,7.699851e-05,9.9974044e-05,0.0001753399,0.00026852146,0.00012082068,8.847299e-05,0.00011868155,0.00028499812,0.0003230552,8.1223276e-05,3.5797213e-05,3.2445776e-05,2.4383255e-05,1.3436652e-05,1.0008736e-05,1.1068949e-05,2.8249313e-05,3.69162e-05,2.0043652e-05,1.913848e-05,3.262144e-05,8.040884e-05,0.000313419,0.00020699337,5.90225e-05,0.00017713074,0.0006482659,0.0010135084,0.00039375885,0.00015310211,0.00038201062,0.00070531294,0.00048071647,0.00080701115,0.0023369,0.002414545,0.0015773422,0.0013410613,0.0022437589,0.0052938825,0.0031157897,0.0021658218,0.0027704171,0.0039775814,0.0036015569,0.0021548122,0.0017206738,0.0012980034,0.0008538709,0.0006912291,0.0008527649,0.0011632708,0.0010512553,0.0008817123,0.00064677786,0.0003480843,0.00037488167,0.00041722303,0.0005782427,0.000747428,0.0003881048,0.0003601592,0.00032443606,0.00026804232,0.0002695877,0.00026247895,0.00024833824,0.00025136536,0.00014154144,4.1383395e-05,5.637418e-06,1.3752672e-06,2.5734837e-06,2.0664402e-06,1.7225706e-06,1.4986771e-06,1.7924172e-06,3.9403117e-06,2.8741024e-06,7.210637e-07,3.7210606e-07,4.9339326e-07,1.4964415e-06,1.0712939e-06,1.0542274e-07,0.5121286,0.44068572,0.39333156,0.32977188,0.2652564,0.2946139,0.3350321,0.3535642,0.45029598,0.45843896,0.48218256,0.5017693,9.939617501660459,13.849203224170799,14.09050619762332,13.550737567440718,20.029788857650324,21.97560631056869,42.93000227010948,2881.122694335727,1807.395539649936,0.013701644,4627.947582624345,ABNORMAL
Cold (185),-556.9478,63.649254,-29.802076,69.25458,-41.45637,-19.244339,-6.0066023,-23.888931,-20.72035,-6.092212,-7.589936,-7.6913924,-8.650023,-0.4205954,-0.22776428,0.12616095,0.22114451,0.36251146,0.072871685,-0.07436342,0.20601608,0.059702843,-0.040204454,-0.06326058,0.056606654,0.25237316,-0.40692884,-0.23768717,-0.10242393,0.024182651,0.06870855,0.035999235,-0.07108744,-0.061521936,0.042088725,0.007647478,0.058277298,0.05824626,0.05294185,2.5260276e-06,5.120618e-06,1.8960081e-05,9.737352e-06,2.9983024e-05,0.000107240114,0.00022587528,0.0044082976,0.0023557711,0.018796777,0.0075219884,0.015799746,0.006314021,0.0035093292,0.0009506725,0.0016752712,0.003785236,0.010134983,0.00585609,0.026955666,0.007650261,0.015926303,0.012793629,0.007681954,0.009557295,0.0007973744,0.000872845,0.0030139186,0.0018799396,0.0041110395,0.0007395775,0.0013232833,0.0010399424,0.0006736147,0.002822923,0.00050122826,0.000854509,0.0003838419,0.00024835407,0.00020153628,5.4746346e-05,6.069636e-05,0.00016206338,0.00020623684,0.0003402938,0.0007509948,0.0014819023,0.0009866422,0.0006400286,0.00026087175,0.00014610786,0.00022632183,0.00036444367,0.0001917741,0.0001374185,0.00019929123,0.00020214709,0.0002408403,0.00034519323,0.00020755542,0.0001434633,0.00010797241,0.00010395611,0.00015060697,0.00016313755,0.00019528199,0.00012813168,9.788624e-05,0.0002554477,0.00033717713,0.00024525737,0.00023750491,0.00025537956,0.0002413942,0.00029555126,0.0004149866,0.00047541648,0.0005274443,0.00069238455,0.0010352732,0.0015076224,0.00147441,0.001204585,0.0010496385,0.000950037,0.0011657501,0.0011692037,0.00090103486,0.0008460357,0.0007188329,0.0005157545,0.0005560681,0.00044549612,0.0006269949,0.0005922813,0.0006429406,0.00047382776,0.00032664713,0.0003258936,0.00024793565,0.00022279123,0.00019855498,0.000112562135,8.951917e-05,6.5898545e-05,4.7175326e-05,4.1432442e-05,3.7691378e-05,3.761905e-05,5.0609862e-05,5.9837243e-05,4.520421e-05,1.4133372e-05,1.2970409e-06,2.0199822e-07,2.4410105e-07,2.9418624e-07,3.2752567e-07,3.9821435e-07,4.0465804e-07,3.9305843e-07,3.506956e-07,1.5292413e-07,1.1692447e-07,1.4027708e-07,1.5732664e-07,1.1244953e-07,1.2295885e-08,0.49632633,0.46324784,0.45787582,0.38848874,0.2899194,0.2421314,0.26149058,0.31669277,0.36199307,0.41034156,0.44719622,0.483557,10.759289850902855,14.149838262438083,15.06144901298883,15.462062089443377,18.633707065283435,21.4994297882924,42.92470361803005,2433.5337457283567,1789.6968958017824,0.009387463,4251.403277853261,ABNORMAL
Cold (186),-577.21765,41.557682,-17.345835,76.500404,-37.699425,-22.976683,-12.779613,-20.826113,-20.140507,-2.112601,-4.0868692,-7.155138,-4.8108134,0.71697325,-0.60561633,-0.69032437,-0.13524179,-0.27921435,0.09737521,-0.38947648,0.058819804,0.039814886,-0.08843067,0.2469336,0.105220795,0.12894468,-0.17407213,0.12934862,0.101334736,-0.06688443,-0.09397262,-0.0726335,0.07707727,0.07395385,0.079700656,-0.0024558858,0.0045455433,0.03661507,-0.0087979045,1.94088e-06,3.93444e-06,1.3978956e-05,7.1791883e-06,1.7571081e-05,8.8109045e-05,0.0001857153,0.0034860584,0.0018629312,0.013924448,0.0030826654,0.00622504,0.00060725224,0.0003375104,0.0001365365,0.000464071,0.0010566042,0.011478511,0.0066323928,0.0340896,0.004474176,0.007681156,0.0016468352,0.0009888447,0.0006769569,0.0001002788,0.0001714321,0.00044123383,0.0002752208,0.0006354835,0.00011589957,0.00020867532,6.2359075e-05,4.0392617e-05,8.082037e-05,1.4379942e-05,2.4546083e-05,1.3833275e-05,8.950431e-06,4.0834548e-05,2.2374496e-05,2.5342144e-05,1.986774e-05,7.8237745e-06,1.17202935e-05,2.4561223e-05,4.3116233e-05,1.6956257e-05,1.0790984e-05,8.57018e-06,1.1123626e-05,1.4530932e-05,2.3772038e-05,2.8384642e-05,2.7526823e-05,2.0953286e-05,1.7184515e-05,2.2761036e-05,6.6565466e-05,9.987921e-05,0.00021202149,0.000121451565,8.079381e-05,0.00012539141,7.5897784e-05,6.0628652e-05,7.295486e-05,7.251072e-05,9.190005e-05,0.00018880318,0.00048817863,0.0005239164,0.0002710479,0.0005431508,0.0006433769,0.000507913,0.00067329523,0.0011573713,0.0014300349,0.0018575068,0.0026838882,0.0020760666,0.0017324216,0.0011376077,0.0007000065,0.0005183343,0.00041564644,0.00029913062,0.000354317,0.0002685514,0.00024184289,0.00020625863,0.00019245013,0.00017516586,0.0002535849,0.00039677523,0.0002885738,0.00021155155,0.000112712725,8.788137e-05,7.9291356e-05,7.1246744e-05,7.799672e-05,0.00010118067,0.000102090286,0.00013617895,0.00017675837,0.00029347432,0.00032255225,0.00040533594,0.00037149328,0.00030931915,8.952865e-05,1.0808532e-05,5.0524045e-06,7.419044e-07,1.4139176e-06,2.5495867e-06,2.732769e-06,3.7995828e-06,1.9014979e-06,1.5177594e-06,2.6809842e-06,2.2590461e-06,6.549671e-07,5.240309e-07,3.0497856e-07,3.5388755e-08,0.6255711,0.49964127,0.39816958,0.3053071,0.21482736,0.20682833,0.2570743,0.37297902,0.46192914,0.45443642,0.48657328,0.5527913,9.604238284687314,12.607486937312043,14.303756407448764,14.155749095047229,19.76947058308972,20.859773410613187,43.03417564615071,2863.2494696195795,1959.9608675246723,0.019418778,4838.4057021722565,ABNORMAL
Cold (187),-533.39905,48.655193,-33.06668,77.68256,-49.355785,-27.342596,-9.330847,-18.386097,-14.6732,-5.9028606,-3.2714503,-2.0338485,-6.2414637,-0.044427667,0.26939845,0.014516573,-0.6477651,-0.02188064,0.33447203,0.44787115,0.050399967,-0.09173803,0.145014,0.135,0.2622991,0.024361063,-0.15501162,-0.18985267,0.096100554,-0.025243407,0.07142403,0.09603952,-0.1400109,-0.030591182,-0.09858116,0.060053542,0.0072496473,-0.09701866,-0.032691415,9.519893e-06,1.9298175e-05,3.297486e-05,1.6934935e-05,6.425635e-05,0.00012238655,0.00025720373,0.004381609,0.002341509,0.018276352,0.002873706,0.0055902423,0.0006909496,0.00038402938,0.0002948519,0.00053856906,0.001217568,0.012116595,0.007001084,0.0524946,0.010045912,0.019389745,0.003965977,0.0023813772,0.004914455,0.0009933383,0.0019085675,0.002267718,0.001414495,0.004059744,0.0013626368,0.002960855,0.0016427302,0.0010640657,0.0011762257,0.00021051164,0.00036060569,8.410308e-05,5.4416534e-05,7.2416806e-05,5.3164054e-05,6.0533046e-05,0.00025247392,0.00024773856,0.00044755664,0.0010610191,0.0021758766,0.0012322841,0.0007164134,0.0002268447,0.0001375317,0.00013506236,5.5613185e-05,6.485589e-05,8.93522e-05,6.196461e-05,3.1042786e-05,2.3144656e-05,2.2478629e-05,5.651296e-05,0.000110058696,7.2000636e-05,7.693371e-05,0.00011939179,0.00019097178,0.0003453269,0.000709477,0.00076456094,0.00069002487,0.00074069755,0.00058904453,0.0005827638,0.00054051843,0.00075128494,0.001109889,0.0013140537,0.0013899581,0.0018756547,0.00180851,0.0023195464,0.0036260767,0.00321772,0.0023200868,0.0031884906,0.007880034,0.020125268,0.027315248,0.017200872,0.0043138172,0.0043883095,0.0046318616,0.0041043246,0.005475012,0.0046731154,0.005640121,0.005624929,0.0035335592,0.0018569301,0.0017884423,0.0015693137,0.0011974402,0.001211102,0.0009920734,0.00069416314,0.00068329205,0.00081049575,0.00071289804,0.00058516354,0.00060309964,0.000592464,0.00044673702,0.00023772779,5.7637997e-05,1.837287e-05,5.1257643e-06,1.1779464e-06,1.4347512e-06,2.5650736e-06,5.387054e-06,6.024699e-06,4.924924e-06,4.078656e-06,2.0900181e-06,1.4162666e-06,1.1490303e-06,7.139317e-07,2.7115718e-07,5.37061e-08,0.64680946,0.5746889,0.43078673,0.2893358,0.25500184,0.23246135,0.25278017,0.29793873,0.2889364,0.31524232,0.41030827,0.51414406,9.758190582346101,12.510874922292643,14.13291386297537,16.482769398825383,19.305939920458133,21.18287982654941,42.334270294954074,2648.231935692438,1693.1585034099605,0.006631329,4397.362480788935,ABNORMAL
Cold (188),-552.80237,40.270382,-22.654116,71.199615,-45.098537,-17.458443,-11.019927,-15.869327,-21.263361,-4.697542,-7.2972317,-5.5690665,-6.9506383,-0.0055308123,0.016506325,-0.22961925,-0.040767692,-0.21614094,-0.23271175,-0.13063712,-0.14265776,0.26468456,-0.09367154,0.124443404,0.11029158,0.020357197,-0.26968843,0.23829661,0.1658113,-0.076466314,0.063436404,-0.067764126,0.045435477,-0.02652902,0.028540157,0.003106158,-0.031669702,0.005614145,0.015964573,4.498695e-06,9.119495e-06,1.9396824e-05,9.961651e-06,2.583614e-05,4.2629075e-05,8.952191e-05,0.0028930714,0.0015460422,0.014901603,0.005376899,0.011235154,0.011006541,0.0061174273,0.010538265,0.0012570411,0.0022168318,0.009183743,0.0053064544,0.030189775,0.005342458,0.010108975,0.0027218186,0.0016343199,0.0016972714,0.00039208596,0.0007818289,0.0007230493,0.00045100396,0.002590831,0.0010366336,0.0023265053,0.00067957497,0.00044018953,0.0006908138,0.00011938563,0.00020015342,4.5826488e-05,2.9650742e-05,0.00023586066,0.00015289549,0.00017373203,0.00013623439,6.8629386e-05,6.985275e-05,8.110018e-05,0.00010091777,0.00028714756,0.0005263833,0.00067718595,0.00044039535,0.00023588532,0.00016929161,7.2751514e-05,3.0970394e-05,2.7867716e-05,2.9138948e-05,4.357989e-05,5.6370514e-05,3.5605986e-05,3.2245644e-05,6.350449e-05,0.00011059248,0.00011469089,0.00012091308,0.00017662025,0.00025930244,0.000332125,0.0002476903,0.00010994729,7.33624e-05,0.000104008155,0.0001910931,0.0002518285,0.00023079048,0.00034963206,0.00080116576,0.0011826471,0.0013992656,0.0027819225,0.0022222085,0.0035727667,0.0035686037,0.0027599393,0.0027453108,0.0024681792,0.0031521937,0.0014695004,0.0013398854,0.00084902043,0.00071482273,0.0005014444,0.00040525652,0.00033087525,0.00020986376,0.0002914916,0.00060970505,0.00043777877,0.00041443325,0.00024142,0.00019047617,0.00041696892,0.000393979,0.0003707944,0.0004584559,0.0005135088,0.00055904355,0.00054884615,0.00051407446,0.00049498794,0.0005228001,0.00035593126,0.00012598292,3.6101825e-05,1.3816819e-05,9.373615e-06,1.1313291e-05,8.61233e-06,4.526022e-06,3.2367059e-06,3.9376205e-06,3.851803e-06,6.8689604e-07,3.187325e-07,4.0436433e-07,5.28194e-07,4.845189e-07,9.468861e-08,0.48674166,0.42185718,0.35275504,0.28509668,0.30962285,0.35406142,0.4121971,0.46859065,0.4291541,0.37336162,0.4368704,0.5226947,9.341625846962621,13.073410036171135,13.548992973263383,14.539616545754518,18.9286013466015,20.74201149766925,43.218933936716965,3054.348907628979,1841.5570270191618,0.016493611,4935.263338955966,ABNORMAL
Cold (189),-546.87994,76.91466,-44.50028,78.279686,-30.543953,-29.438507,-2.4171302,-28.415768,-22.809639,-9.479657,-4.7347956,-4.546558,-11.752298,0.68785995,0.07284545,-0.43931323,-0.33518687,-0.23390609,0.017149912,0.15858716,-0.08664582,0.0088632945,0.09110541,0.1268217,0.025599768,-0.07571153,-0.63620394,-0.03764929,0.15789637,-0.0093208235,0.25516692,0.14161298,0.2120642,-0.01622533,-0.09277492,0.03496751,-0.024013067,-0.041350808,0.047714878,4.0588375e-06,8.22784e-06,2.1079377e-05,1.0825761e-05,3.3609616e-05,8.230161e-05,0.00017314588,0.0033603502,0.0017957534,0.020432718,0.009272112,0.01958585,0.0077796127,0.004323903,0.0008520975,0.00037192652,0.00079968333,0.017787497,0.010277785,0.080178745,0.012721782,0.023333345,0.0031681259,0.0019023058,0.0044509894,0.0005884348,0.00094974536,0.0024993985,0.0015590067,0.006383336,0.0010174147,0.0017121338,0.00043909965,0.0002844234,0.00047224388,0.000393938,0.0009917228,0.00039383062,0.00025481702,0.00020517119,5.4360116e-05,6.0202896e-05,8.373864e-05,5.693558e-05,0.000103541504,0.00024814837,0.0016267096,0.001347797,0.00095584284,0.0004561344,0.0003029733,0.0001847794,4.9830844e-05,6.908816e-05,0.00015554646,0.0002627067,0.00017901916,0.00012585874,0.0001373029,0.00015668578,0.0002895129,0.00055660243,0.00093609124,0.00070011185,0.00030431346,0.00021793634,0.00016646767,0.00016009451,0.00035003075,0.00051093573,0.00053612574,0.00063410273,0.0008538334,0.002149725,0.004320615,0.0033065802,0.003126364,0.002867825,0.0033718478,0.0036925857,0.0048296903,0.006161588,0.0065132743,0.002861642,0.0014732165,0.0012318117,0.0009777638,0.0010678935,0.0011188368,0.0006844946,0.00045566758,0.00043455965,0.00029397424,0.0002539334,0.00029546782,0.00025585515,0.00022054647,0.00038973126,0.00020430917,6.8985006e-05,3.894443e-05,1.7379341e-05,1.2569994e-05,9.320985e-06,9.5055275e-06,8.421904e-06,7.807046e-06,4.9249115e-06,5.3798235e-06,2.277856e-06,2.123845e-06,1.4907712e-06,6.046163e-07,1.5100576e-07,1.0154725e-07,1.0787657e-07,1.3251463e-07,1.3418784e-07,1.1174923e-07,9.30787e-08,9.872227e-08,1.08251236e-07,1.272678e-07,1.2958137e-07,1.0391473e-07,8.714974e-08,7.003743e-08,1.0814395e-08,0.5138327,0.42500046,0.37972832,0.3699765,0.33059904,0.30158603,0.36484224,0.37850848,0.3104822,0.3578886,0.48580787,0.5846862,10.152936878307134,14.619808900318903,15.138386735971201,14.792498695573107,19.07417626196682,23.54285026401783,40.02477870965922,2262.3568746493047,1670.4942588052415,0.006233264,3912.3707086267605,ABNORMAL
Cold (19),-589.1525,64.41167,37.872795,-1.8511199,-2.1887968,-23.943624,-24.562248,-0.6542544,-17.647802,-11.722638,-14.859384,-9.855027,-22.66315,-0.033221498,-0.45238736,0.17389919,-0.11152894,0.022900904,-0.042615466,0.048520204,0.02187576,0.013352704,0.07786293,0.0058137337,0.14092793,0.053873982,-0.13167375,0.10368095,-0.04818109,0.033745114,-0.03453479,-0.024822036,0.03920918,-0.02109179,0.0051318686,0.0051133432,0.0029420217,-0.0022777617,-0.011990456,2.0237906e-06,4.102512e-06,8.244959e-06,4.234374e-06,4.1369705e-05,0.00034297406,0.00072343333,0.015979122,0.008539159,0.06540482,0.01579365,0.032131746,0.008233864,0.004576376,0.0018746826,0.0010546434,0.0023019637,0.0046888664,0.0027092716,0.0106284665,0.00568024,0.012661618,0.008666735,0.005203954,0.0021219836,0.0015241987,0.0035650218,0.0055810316,0.0034811834,0.0038494556,0.00073135615,0.0013406838,0.001968504,0.0012750833,0.0038139564,0.0008013237,0.0014942696,0.000259904,0.00016816356,8.2453735e-05,1.5237294e-05,1.655318e-05,1.6512608e-05,6.186949e-06,6.003474e-06,6.391885e-06,4.6343707e-06,3.181332e-06,3.4067878e-06,4.0914642e-06,5.3602807e-06,6.4438223e-06,4.549344e-06,5.70291e-06,5.8243245e-06,4.7402345e-06,4.6747814e-06,4.621249e-06,4.130245e-06,3.9361266e-06,3.9865545e-06,4.1794674e-06,4.52363e-06,5.383255e-06,5.114568e-06,4.5992592e-06,4.7268636e-06,8.850651e-06,2.9518482e-05,6.0848422e-05,4.559285e-05,3.4823224e-05,5.717234e-05,0.00013623523,9.888628e-05,4.7730577e-05,2.4931469e-05,1.51605e-05,6.5318627e-06,7.937108e-06,2.9584715e-05,4.6506386e-05,2.1177744e-05,7.1713207e-06,4.507244e-06,2.1923092e-06,2.1936378e-06,2.2021118e-06,6.5765066e-06,2.5005893e-05,4.1403946e-05,8.3222454e-05,5.7738413e-05,5.562483e-05,3.753311e-05,1.7129238e-05,9.240736e-06,8.096398e-06,6.9550347e-06,7.751591e-06,7.16171e-06,8.032292e-06,5.4487737e-06,2.7760557e-06,3.3248887e-06,6.92108e-06,2.044731e-05,6.185491e-05,0.00013161784,0.0001283988,0.00030290923,0.00058884546,0.00095598295,0.0020505027,0.0010113762,0.00043969945,0.0003293858,7.999629e-05,6.177564e-05,6.917092e-05,5.447403e-05,6.029759e-05,0.00015665063,0.00048576805,0.0007597271,0.00066737185,0.00036856142,6.042075e-05,0.49329942,0.45639154,0.5010396,0.48378175,0.30661482,0.25776157,0.24418484,0.25439397,0.32626313,0.43690446,0.5199454,0.5156491,9.845434583153576,12.77924069477831,12.272651489467203,14.980819604623722,14.634460775032396,17.317834063161506,40.183573298348755,3354.953584175408,2531.9050902402437,0.026600607,5683.868408203125,ABNORMAL
Cold (190),-546.05164,32.190956,-36.582405,72.54186,-38.291145,-21.024939,-12.862615,-19.820208,-18.06456,-3.6576185,-2.776473,-9.351937,-6.3061824,-0.23660056,-0.5861844,-0.23967259,-0.18600324,0.0111240605,0.11385331,0.022893947,0.22873998,0.041396696,0.08142684,-0.081946544,0.026330188,0.0839662,-0.60856336,0.18036401,0.1439266,-0.01750397,0.11428165,0.12139709,0.060125325,0.055800367,-0.036023773,-0.012498387,-0.081446216,0.014934275,-0.016907249,2.2015095e-06,4.4627736e-06,1.3996861e-05,7.1883846e-06,2.1088557e-05,3.8524122e-05,8.094462e-05,0.0021450955,0.0011463278,0.012613024,0.0032004348,0.006536943,0.0057196966,0.003179004,0.0062695974,0.0008482008,0.0015492061,0.011997683,0.0069323764,0.036868326,0.006006755,0.011105299,0.003729018,0.0022390943,0.0019601693,0.00076705747,0.001689305,0.0045759673,0.002854272,0.0045698527,0.00075957435,0.001307352,0.00054103904,0.00035045386,0.0004903214,0.0001121673,0.0002171464,0.0002166281,0.00014016312,0.0007639809,0.0004200744,0.00047582563,0.0005989398,0.0003426421,0.00037260095,0.00049551297,0.0008702212,0.0005145488,0.00043398287,0.00037774336,0.00035856536,0.00019868108,0.00013054679,0.00043344672,0.0007569201,0.0010286109,0.0007710404,0.00076101854,0.000903956,0.0010066009,0.0011817353,0.0007848127,0.0003363831,0.00020594137,0.00020662669,0.0001824081,0.00018017091,0.00028561748,0.00034785995,0.0005365655,0.0006997226,0.00065695646,0.00070533005,0.00054069445,0.0006059219,0.0007412401,0.0011321824,0.0017887638,0.0017719204,0.0030700308,0.0033716904,0.002603678,0.0033307471,0.003041817,0.002634804,0.0018157072,0.0012608245,0.0011336,0.0008937486,0.0007491875,0.00069216907,0.00068265287,0.0005353738,0.00084455573,0.0009898877,0.0007076647,0.0010586783,0.00084969914,0.00029056246,0.00017337737,0.0002498461,0.0003526482,0.00043547477,0.00071100565,0.00072212983,0.0009014834,0.00074889074,0.0005511007,0.0003325177,0.0004517506,0.00036573384,0.00015875488,6.376603e-05,1.6371714e-05,4.879665e-06,7.638162e-06,1.5071237e-05,2.3100773e-05,1.1539035e-05,1.0048211e-05,1.0063009e-05,1.03164775e-05,4.6312557e-06,3.550362e-06,2.7253682e-06,1.5231773e-06,1.3428797e-06,3.547598e-07,0.49160296,0.4196212,0.3781513,0.31330672,0.23347093,0.2845104,0.39444876,0.46642622,0.48585218,0.47311383,0.45719978,0.46392307,9.697717986538168,12.213913950017336,13.741662153207482,14.43522934398121,18.309270922394294,20.04414806711225,42.72124278873007,3146.1564462673014,1839.8433990341478,0.0255636,4943.0390625,ABNORMAL
Cold (191),-545.07556,42.41924,-27.952805,79.43843,-36.328384,-22.136782,-13.22023,-20.364836,-14.744177,-5.595128,-3.8668506,-7.3968854,-6.2620115,0.5475261,0.6565443,0.43351167,-0.1261979,-0.06296557,-0.09185022,0.16287562,-0.17048617,-0.32497305,0.149139,0.17450614,0.06759572,-0.06437309,-0.42050728,-0.2659547,-0.1371543,-0.012639208,0.042350538,-0.049213234,-0.12541401,0.011991269,0.016192835,0.0025795656,0.08019408,0.09138291,0.13502307,3.283535e-06,6.656192e-06,1.983078e-05,1.0184519e-05,3.119784e-05,5.7795092e-05,0.00012144403,0.0031266573,0.0016708693,0.021407729,0.0050240983,0.010197202,0.0043238886,0.0024032146,0.01283423,0.0018168641,0.0033562107,0.00606403,0.0035038542,0.012641996,0.0050586876,0.010993035,0.0037030037,0.0022234744,0.00095544785,0.00029554774,0.0006273763,0.0019510805,0.0012169916,0.0026654685,0.0003913075,0.0006272119,0.00048228554,0.00031239673,0.00017158633,3.1961823e-05,5.6033437e-05,5.074662e-05,3.2834174e-05,2.7337026e-05,1.7812454e-05,2.024175e-05,0.00010198812,8.940994e-05,9.6617594e-05,0.0001235514,0.00010926208,4.900683e-05,5.448339e-05,6.629589e-05,5.6362907e-05,6.926646e-05,9.481449e-05,0.000264581,0.0002785252,0.00012719845,5.487863e-05,4.0596762e-05,5.2790798e-05,8.308074e-05,0.00014062322,0.00035857278,0.00055155467,0.00031154725,0.00010060283,0.00015256042,0.00017584884,0.00047967577,0.0005167365,0.00024250972,0.00024517626,0.00035002202,0.0003793321,0.00022441415,0.0003539883,0.00062742806,0.00050056755,0.0004921931,0.0006882955,0.0012515972,0.0019473907,0.0017962451,0.0021702542,0.002796088,0.00515751,0.003109536,0.0014321432,0.00093238807,0.00085175346,0.0014390979,0.001017794,0.00088337366,0.00092196505,0.00085373205,0.001341353,0.0020810382,0.0015742789,0.0008398956,0.0005029297,0.0006854778,0.0007535645,0.0008567076,0.0007921907,0.0014485865,0.0014384772,0.00090412964,0.00081634894,0.0008407648,0.00046537796,0.0009978372,0.00068426185,0.00040964916,9.090808e-05,1.4577916e-05,5.272103e-06,1.2532885e-05,1.623564e-05,1.4362891e-05,1.3575374e-05,1.2515548e-05,1.6662696e-05,2.6213747e-05,8.749806e-06,6.8824397e-06,4.3971954e-06,4.1601797e-06,5.7743005e-06,7.7332965e-07,0.48147756,0.48233896,0.379063,0.25902483,0.23580511,0.2801945,0.35993996,0.42739165,0.49791354,0.48355713,0.47455904,0.49031192,8.61002985388211,12.362546369042517,13.690751470769932,14.098296685222062,18.889924132819466,20.692627926360856,41.723961801578845,2928.1458828767263,1799.1987944668342,0.01727414,4675.301279920212,ABNORMAL
Cold (192),-564.0676,47.433964,-29.847878,73.43528,-39.104485,-23.005014,-9.037528,-22.465807,-18.565731,-4.714679,-5.584944,-7.405784,-8.47249,-0.021351252,-0.3876919,-0.25244167,0.024878796,-0.037918147,0.009257089,0.005834672,0.2787905,0.10667325,0.07999813,0.089106575,0.18406108,0.13931905,-0.49669132,0.117291525,0.12746806,-0.08311117,0.20045735,0.09902943,0.17339122,0.09613263,0.002237499,-0.049112428,-0.06889037,0.015161806,-0.021889057,2.0370785e-06,4.129448e-06,1.0676826e-05,5.4833104e-06,1.5533271e-05,8.943142e-05,0.00018854655,0.0028917363,0.0015453289,0.0084242,0.0034865316,0.007334959,0.008251922,0.0045864126,0.003859645,0.0010225575,0.0021023583,0.008161094,0.004715558,0.02247248,0.004031005,0.007654756,0.0014517938,0.0008717318,0.0014882948,0.00074005773,0.0016771632,0.0015878653,0.0009904352,0.002579747,0.00052604015,0.0009924266,0.00045383137,0.00029396583,0.0010662393,0.00020467662,0.00036479492,7.874915e-05,5.0952418e-05,0.00017838518,5.2132156e-05,5.797261e-05,0.00010915336,5.785002e-05,4.9117065e-05,2.8898356e-05,7.508895e-05,9.043384e-05,9.622624e-05,0.00010412277,0.00013749901,7.798105e-05,3.334708e-05,0.000104129096,0.00026470993,0.00035559083,0.0002235852,8.16713e-05,4.7528145e-05,6.3711275e-05,8.988064e-05,6.8270216e-05,7.293188e-05,0.00012291121,0.00016409312,0.00024361844,0.00034302557,0.0005238886,0.0008436599,0.00077650853,0.00077290117,0.0006381012,0.0005801561,0.0004952994,0.00045489773,0.00041746759,0.00066929526,0.0009549542,0.000879404,0.0013710842,0.0014986554,0.0014297592,0.0014039101,0.0018249544,0.0015787877,0.0012104699,0.0010967889,0.0016457912,0.0016597168,0.0016068568,0.0020664826,0.00134593,0.0012645689,0.0011520884,0.0006727837,0.0007554731,0.00058807683,0.00029284463,0.00023670148,0.00018899191,0.00019696471,0.00013076818,0.00017590108,0.00013773594,0.00016336532,0.0002213752,0.00023773928,0.00031692474,0.00028706025,0.00029381525,0.00014943053,4.9977258e-05,1.076523e-05,1.5612745e-06,6.098573e-07,5.7659173e-07,7.567524e-07,1.2612394e-06,9.684463e-07,9.329586e-07,7.7724707e-07,7.236307e-07,6.3386545e-07,6.64127e-07,5.6384897e-07,3.8444253e-07,2.3025736e-07,5.0524317e-08,0.48163962,0.42711616,0.37056723,0.3075636,0.2895763,0.33415374,0.35362568,0.41771656,0.4734752,0.47986183,0.48109758,0.49424645,9.238618002478418,12.292455300129866,12.793800090245826,13.887818971341034,17.963507759623816,20.859608587262258,42.0088113227853,2803.7232285252994,1822.2473015062967,0.016806383,4558.520903716216,ABNORMAL
Cold (193),-579.3535,45.147137,-20.551922,79.57074,-31.54263,-33.539574,-8.727957,-18.868961,-22.096249,-6.2315335,-6.032743,-3.016467,-4.1900373,-0.71622205,-0.035711844,0.30141747,-0.11408668,-0.055605635,0.17691858,0.055308457,-0.1240614,0.09860909,0.13049115,-0.102514684,-0.10639603,-0.08366436,-0.74540365,-0.30544314,-0.0045381268,-0.31125602,-0.027701251,0.22859871,-0.023606205,0.046619304,0.19559984,0.035615873,0.06079673,0.1274672,0.09396169,1.9264837e-06,3.9052566e-06,1.2749592e-05,6.5478234e-06,1.696546e-05,5.9986432e-05,0.00012634315,0.0017837643,0.0009532344,0.013324593,0.0051272484,0.010749076,0.015383839,0.008550328,0.00826385,0.0012574302,0.0023620443,0.008775793,0.005070736,0.049652144,0.017441079,0.03736061,0.0045319223,0.0027211993,0.00030355572,6.1129984e-05,0.00011732155,0.00013662041,8.521736e-05,0.0004326233,0.0003093281,0.0007448633,0.000263703,0.00017081159,3.5603844e-05,5.8914984e-06,9.599886e-06,6.796021e-06,4.3971736e-06,2.5886222e-05,6.1953906e-05,7.1296156e-05,0.00015480426,4.6811125e-05,4.4057604e-05,4.471008e-05,2.4826304e-05,2.073558e-05,2.1487935e-05,2.3762455e-05,3.0388945e-05,2.4722205e-05,7.6758915e-06,8.675911e-06,9.135735e-06,1.0861665e-05,9.1466345e-06,6.3574707e-06,6.316105e-06,9.317669e-06,5.4235166e-05,0.0001849596,0.00015844898,6.921276e-05,5.4690718e-05,9.181188e-05,0.00016978131,0.00027322167,0.00031578768,0.00034365457,0.0005672444,0.0004496807,0.00043486766,0.0003897145,0.00035995085,0.0005040761,0.00087398675,0.0011224351,0.001311262,0.0021681266,0.0022377116,0.0015853241,0.00094224716,0.00079939375,0.00069592823,0.0005845817,0.0005741294,0.00040276078,0.00021443247,0.00021294586,0.00018987735,0.00018767155,0.0001548987,0.00021296667,0.00025084167,0.00029299775,0.00033187284,0.00016267622,5.237797e-05,3.7618065e-05,2.648474e-05,4.618092e-05,4.811672e-05,7.297334e-05,0.00011802367,0.000117299714,0.00011743019,0.00020791055,0.0002619121,0.0005262184,0.00058091263,0.00020467295,3.0504147e-05,8.803937e-06,3.3663387e-06,1.8617948e-06,5.976514e-06,1.8536626e-05,1.9982253e-05,1.9636484e-05,9.034205e-06,8.930316e-06,9.88763e-06,6.0720254e-06,2.746881e-06,2.1324674e-06,3.597528e-06,6.0762454e-07,0.5204977,0.5304668,0.43240863,0.26182842,0.19584978,0.24002348,0.30525577,0.39897558,0.43509877,0.46040055,0.4170672,0.42712206,9.3520029232597,13.593801879098208,15.715077419232898,14.95428246321858,20.255800276419155,20.928881877024068,41.20598765987116,2787.843124293894,1904.9523915454997,0.01828077,4597.269405241936,ABNORMAL
Cold (194),-575.5302,56.421436,-25.978264,17.349072,-34.712257,26.27715,-24.2231,-10.910545,-14.200162,-18.733213,-0.96711785,-17.284433,3.3814895,0.030075388,0.990222,0.22037874,-0.21939994,-0.028178683,-0.0477887,-0.014352687,-0.12453392,-0.21783997,-0.06658451,0.029958028,0.1605846,0.0068375557,-0.14408794,-0.029893184,-0.015881242,0.048836913,0.050205145,0.056487575,-0.016272275,-0.07965859,-0.004743484,-0.019011827,0.078074135,0.0481929,-0.06743859,4.6191147e-07,9.3636027e-07,3.1786094e-05,1.6324424e-05,0.00035274093,7.10434e-05,0.00014327618,0.00014869141,7.945992e-05,0.00070945086,0.00015507136,0.00031278498,0.0002926671,0.00016266419,0.0013387746,0.0004733489,0.0010016157,0.0015784027,0.00091201614,0.0028812615,0.00031992924,0.0005097061,0.0004427358,0.00026584137,0.00061073067,6.457917e-05,8.987353e-05,0.00028641694,0.00017865334,0.00051777496,8.3366154e-05,0.00014107481,0.0002614607,0.00016935918,0.00035014455,7.005001e-05,0.00012755799,0.00030646747,0.00019829112,0.00044811112,0.00011609305,0.00012844279,0.0006031806,0.0002593364,0.00027685057,0.00036348746,0.0010895252,0.0007715167,0.0006606003,0.000533954,0.00046777006,0.0007982847,0.0019100218,0.0012052178,0.0006025929,0.0010722392,0.0009142456,0.00037277958,0.00020252001,0.00015325552,0.0001823139,0.00012156492,9.859575e-05,7.975044e-05,7.309462e-05,0.00013434421,9.0160596e-05,6.859857e-05,9.3123155e-05,6.444725e-05,5.5972872e-05,5.161823e-05,6.376698e-05,0.00016956603,8.329971e-05,2.8757035e-05,9.25564e-06,5.886657e-06,7.188956e-06,1.0670376e-05,1.4472172e-05,1.6685075e-05,2.8426595e-05,4.526103e-05,4.2846e-05,0.00012214233,0.000135713,0.0001558673,0.00023229387,0.0005889927,0.0006583508,0.0005397203,0.0005626428,0.0003686666,0.00026230412,0.00017871922,0.00016455923,0.00019153382,0.0005978211,0.0011603752,0.0014431687,0.0028426675,0.0036134538,0.0015763518,0.0006353202,0.00066120026,0.0003305582,6.272047e-05,6.3565305e-05,2.7209559e-05,1.9922873e-05,2.6025045e-05,5.7457305e-06,1.7544927e-06,1.8598187e-06,1.2705076e-06,9.982798e-07,1.396421e-06,4.2446914e-06,3.1487366e-06,3.829222e-06,1.3227414e-05,1.4671605e-05,2.42489e-05,8.808459e-06,6.5654745e-06,6.978697e-06,4.997874e-07,0.418277,0.31850487,0.29378343,0.3419666,0.4082007,0.44526047,0.42500427,0.32891497,0.32698804,0.35533687,0.43441954,0.50347245,16.266888409105178,7.420578004649964,11.450327361623234,12.781855995468316,16.844576908059114,17.090233601183964,44.66088938202175,3100.1836391486836,2044.060456824477,0.025076058,5336.076239224138,ABNORMAL
Cold (195),-535.92505,64.87199,-48.411552,39.60823,-42.656887,-20.759678,-15.2570715,-1.361589,-25.4271,-22.545248,3.9203916,-23.959301,14.541777,-0.28957462,0.270221,0.095937945,-0.62971973,-0.30810773,-0.0121069215,0.17481682,-0.035836432,-0.0021095807,0.062121112,0.04222818,0.15599103,-0.039748687,-0.312235,-0.07923493,0.07385186,-0.07977313,0.1669865,0.14467914,-0.0040929383,0.012356218,-0.038159948,-0.012527956,-0.029627068,0.11310104,0.00885774,3.2446394e-07,6.5773463e-07,1.7098364e-05,8.781228e-06,7.443539e-05,2.1727965e-05,4.4458688e-05,0.00037103856,0.00019828108,0.0009891047,0.00011635983,0.00021634574,0.00045256197,0.00025153367,0.0010763432,0.0007398699,0.0016300627,0.0060221385,0.0034796488,0.0061197663,0.0024814624,0.0053997356,0.006865988,0.0041226926,0.0036820571,0.000624646,0.0011306787,0.00071632635,0.0004468105,0.00073511084,0.00019071647,0.00038958003,0.00035167098,0.00022779219,0.0005634439,0.00044306286,0.0011094697,0.00062065106,0.0004015748,0.000778589,0.0007255756,0.0008288531,0.0008693794,0.0005044079,0.00058442657,0.00087258883,0.0004866356,0.00024271203,0.0001998237,0.00016385273,8.971262e-05,0.00010947609,0.0001330233,0.00010522324,0.0001262754,9.000759e-05,8.733614e-05,0.0001543432,0.00028799195,0.00043760127,0.00032598898,0.0006988698,0.001021898,0.00045244733,0.00042742092,0.00055878964,0.0009899221,0.00090444565,0.0010085307,0.0006286024,0.00045098815,0.0003849854,0.00051197316,0.0006941071,0.00065703783,0.00049856014,0.00058759976,0.00085663877,0.0011725879,0.0018358824,0.0019002352,0.0016575188,0.0020365724,0.0022474283,0.0027404432,0.002944645,0.0020257225,0.0021850422,0.0026555972,0.002004359,0.0013129426,0.0007098717,0.00020058767,0.0001408837,0.00014839486,8.9281384e-05,7.0415386e-05,0.00020123107,0.000811748,0.0015909732,0.0009886783,0.001759271,0.0015843556,0.0010148652,0.0012005507,0.0013847784,0.0009673119,0.00052052207,0.00040271023,0.00013268695,8.395295e-05,7.130539e-05,3.0691226e-05,6.6875273e-06,6.9362086e-06,2.9958676e-06,4.089676e-06,4.250749e-06,2.778446e-06,4.716e-06,6.6434927e-06,8.471597e-06,1.0415156e-05,7.3327997e-06,9.1819975e-06,6.947079e-06,3.5327075e-06,8.271868e-07,0.40147987,0.38530102,0.44035858,0.43027383,0.3860078,0.37152827,0.4305132,0.39133143,0.42855644,0.47636667,0.5928842,0.46245596,16.952841871742386,7.6689120703975355,11.116421885274857,13.605133761880147,17.2132229739871,20.5149313461762,43.80158893268189,2786.0225024438873,1797.5015158196147,0.017568827,4528.55224609375,ABNORMAL
Cold (196),-597.32513,53.878525,-0.21287408,53.29302,-23.152534,0.397346,-29.065353,-5.2873874,-19.771963,-19.869678,-8.75248,-14.799017,0.55996567,-0.12376216,0.24513467,0.07614953,0.056391437,0.16964021,-0.0056926515,-0.13339724,0.013830652,-0.12846425,-0.041640997,-0.11134659,-0.07654371,-0.00067678443,-0.28048193,-0.14726004,-0.03806494,0.004923784,0.023508037,0.1244876,0.034008402,-0.029475609,0.0921648,0.034707714,0.086410776,0.010390067,-0.032989766,7.994783e-07,1.6206562e-06,2.8109349e-05,1.4436155e-05,0.00023485743,4.9828574e-05,0.00010073109,0.0011494457,0.00061425776,0.007802068,0.0017714197,0.0035851668,0.0007233565,0.00040204113,0.0022335423,0.00046083017,0.00091610325,0.001742653,0.0010069216,0.007008664,0.0014842935,0.0029314714,0.00048324405,0.00029016455,0.00093890267,0.00028368746,0.00059963984,6.0598224e-05,3.7798305e-05,0.0003813485,0.00016804489,0.00038288877,5.441473e-05,3.524673e-05,7.6783705e-05,2.6058542e-05,5.7252666e-05,2.1047132e-05,1.3617955e-05,0.0002161253,0.00011481888,0.0001299631,3.143639e-05,2.0255879e-05,2.1032889e-05,2.5068894e-05,4.9608725e-06,9.444103e-06,1.6137872e-05,1.9677353e-05,1.0402413e-05,7.245093e-06,8.600929e-06,1.1209512e-05,8.788028e-06,4.4856556e-06,3.5338621e-06,4.500085e-06,5.0879353e-06,8.851157e-06,1.1114961e-05,1.2985242e-05,2.4587724e-05,3.6444904e-05,3.5161684e-05,6.9900976e-05,6.422783e-05,7.862974e-05,0.00018064522,0.00015631346,0.00017530494,0.0001900364,0.00029785806,0.00029247807,0.00024765564,7.7963414e-05,1.2388188e-05,1.5829874e-05,2.5052585e-05,3.7277074e-05,7.288877e-05,8.850849e-05,6.0021437e-05,8.326497e-05,0.00067988335,0.0017045712,0.0010049313,0.0002501333,5.3000356e-05,4.9217717e-05,3.983354e-05,5.7834688e-05,6.913821e-05,0.0001296525,0.00039754034,0.0004451097,0.0004292553,0.0004356299,0.0001165899,0.00037110297,0.00020417226,0.00016185305,9.941215e-05,0.00010414295,0.00026783728,0.00014167115,0.0004425848,0.00047955348,0.00029027808,0.00030300277,0.000428608,0.0002058044,4.1261326e-05,4.477316e-05,3.728439e-05,7.731727e-06,1.0281075e-05,1.4427389e-05,1.7198401e-05,2.5736688e-05,2.1362233e-05,8.950335e-06,9.003382e-06,1.178421e-05,1.8875355e-05,2.1570235e-05,2.3961155e-05,2.1919623e-06,0.6404963,0.5945797,0.5196071,0.43966648,0.3477479,0.23036829,0.26015761,0.38277367,0.364864,0.43386096,0.3776321,0.4732644,16.613506802139227,9.744897994682184,12.465477344996318,12.512916517917889,16.98639780200496,18.665101842893502,44.60075955386202,3075.0814072991884,2156.2662796133272,0.025312155,5325.587424651016,ABNORMAL
Cold (197),-542.761,34.48283,-27.042528,34.996548,-29.76625,-1.4282674,-33.160427,-7.3706145,-17.796516,-12.326193,-6.51781,-19.829731,9.121994,0.072966,-0.1964413,0.05333265,-0.03237035,0.18616933,0.16021004,0.0053456016,0.26091272,0.10627476,-0.027096577,-0.0060679526,-0.05529758,-0.0142977135,-0.10252205,0.038992465,-0.020581901,-0.031926353,0.10042637,0.01150044,0.05262723,0.024808398,0.038608175,-0.023189584,0.024742587,0.058942676,-0.041602187,4.3637354e-07,8.8459126e-07,2.7881844e-05,1.4319314e-05,0.00033830362,0.000119062606,0.00024494927,0.00029449223,0.0001573751,0.0014404416,0.00029303154,0.0005870442,0.0005400191,0.00030014224,0.0037774672,0.002107296,0.0045975735,0.0056473603,0.0032630982,0.013262296,0.0028223584,0.0055798944,0.0019980548,0.0011997347,0.0021154764,0.00084516115,0.0018665154,0.0011210415,0.0006992526,0.0006935628,0.00021428024,0.00045740334,0.00031445824,0.00020368789,0.00033493023,9.484887e-05,0.00019822625,0.00015890853,0.000102817285,0.0006431418,0.00029571282,0.00033359995,0.00046150386,0.00046720254,0.0004627883,0.0004726855,0.00027972626,0.00016427152,0.0001084268,6.2426756e-05,7.756222e-05,0.00018630852,0.00020063901,0.00028183078,0.00034027704,0.00028982395,0.00021972085,0.0003078698,0.00037132297,0.00034218098,0.0003153461,0.00036690335,0.00026094142,0.00035412115,0.00032214346,0.0005167897,0.00051163876,0.0006781137,0.0009318169,0.00051535433,0.000646958,0.0003480297,0.00013789294,5.9064456e-05,3.4143948e-05,5.0892977e-05,7.25765e-05,7.782213e-05,7.408862e-05,0.00013989382,0.00021215962,0.00028422568,0.00038736756,0.00044897886,0.00060416234,0.00086521136,0.000909536,0.0005103407,0.00045351143,0.00039537266,0.00012815965,4.936176e-05,7.484933e-05,0.00024662007,0.0005604425,0.0010480665,0.0013882021,0.001597041,0.0015982012,0.0026427412,0.003760827,0.0024451497,0.0024426156,0.003297761,0.002265476,0.0011062722,0.0007839914,0.0004907316,0.00023833306,0.0003087947,0.00018935915,0.000109681816,4.3811055e-05,1.9252566e-05,1.2913176e-05,2.0259693e-05,1.2469522e-05,2.3555158e-05,3.8520455e-05,3.5355002e-05,2.593179e-05,2.9958737e-05,3.0456342e-05,1.7999995e-05,2.9545146e-05,1.9356325e-05,9.577965e-06,3.2854604e-07,0.44044283,0.43968633,0.4520104,0.3775103,0.36406806,0.34425098,0.37513572,0.36166036,0.3430629,0.41721192,0.40454996,0.38542923,16.47314893942037,7.012092597185632,11.834980307256032,12.92022482713408,16.17658517396909,19.174971134621345,45.25171059032591,3329.8671451298405,1997.976617029517,0.031088583,5355.516003024193,ABNORMAL
Cold (198),-566.9915,44.834126,-33.02319,50.040337,-31.010212,-6.602111,-19.018328,-13.509198,-32.178833,-10.01032,-2.659663,-12.108013,6.6652975,-0.053048052,0.19865751,-0.104554996,0.053190604,0.04608453,-0.091400035,0.058650073,0.0005965823,-0.059828658,0.03603205,0.08017375,-0.09526795,0.14185405,-0.42953414,0.2337551,-0.15671638,-0.0710195,-0.033264652,-0.08913042,0.100489244,-0.01302868,-0.06711382,0.059304256,0.011744749,-0.053182803,0.02615687,9.774712e-07,1.9814734e-06,2.0282463e-05,1.0416489e-05,8.2603045e-05,2.2428017e-05,4.5780875e-05,0.0003587595,0.0001917192,0.0008884729,0.000118835575,0.00022583887,0.0006259446,0.00034789962,0.0013129419,0.00090940227,0.0020042085,0.005098766,0.0029461156,0.0050547905,0.0024605107,0.005444454,0.008345867,0.005011287,0.002693359,0.00035449216,0.00057075516,0.00054357393,0.00033905572,0.00017104125,2.996016e-05,5.2936106e-05,4.1466144e-05,2.685938e-05,4.303958e-05,4.634898e-05,0.00011897706,0.00010282472,6.652984e-05,0.0002477985,0.00017819328,0.00020282691,0.00023258751,8.627013e-05,7.232716e-05,4.3660268e-05,0.00010059953,0.00023438752,0.00027933213,0.00026146148,0.00015884549,0.0004679308,0.00048245146,0.0004970232,0.0006817689,0.0006863366,0.0006959901,0.00089145446,0.0007076027,0.0003707872,0.00020049122,6.304346e-05,2.2380014e-05,1.2400533e-05,1.3272975e-05,2.4945834e-05,5.842724e-05,0.00012743569,0.00033489714,0.00024443545,0.0003105475,0.0005266446,0.0007306215,0.000569302,0.00046513084,0.000304854,0.00022088115,0.00024719696,0.00021348344,0.00023283625,0.00048035377,0.0008321763,0.0014304138,0.0015518197,0.0016510163,0.0020105285,0.001890502,0.0011438098,0.00088777515,0.00042464357,0.00030776358,0.0007471428,0.0008670489,0.0010749564,0.0013129632,0.0030744616,0.003047255,0.0017372952,0.0013914699,0.0010366569,0.0012506953,0.00076945964,0.0009856354,0.00089705386,0.0016272827,0.001980583,0.0010863036,0.0013842742,0.001366734,0.00061503774,0.00029388376,0.0002473342,0.00015994314,5.5429162e-05,2.5233125e-05,1.8470619e-05,1.9026505e-05,1.1992799e-05,1.8348734e-05,2.9945728e-05,1.3686585e-05,1.3400446e-05,1.773592e-05,1.1556002e-05,5.0144763e-06,9.268897e-06,4.294498e-06,1.8192068e-07,0.32494622,0.40280092,0.50879246,0.43039536,0.307885,0.27763626,0.32502413,0.4298962,0.51396966,0.4887715,0.44784418,0.33129168,14.300674155990809,7.415068053838392,13.101235585554722,13.753134049280213,16.682613914762257,21.852809518063346,45.73730368219297,3153.784973587639,1753.9392121485027,0.01863145,4769.296875,ABNORMAL
Cold (199),-547.5752,56.963272,-22.24868,40.983715,-41.355667,7.4761634,-17.644281,2.3134658,-16.68716,-18.523542,-3.3612385,-19.375654,1.7238922,-0.10898401,0.071193814,0.012922503,0.011096283,-0.0019284704,-0.041067272,-0.009689713,-0.026522566,0.014865175,0.06377079,0.024512094,-0.023702962,-0.0063007767,-0.13619646,0.042780157,0.04905403,-0.049474858,0.039313234,-0.0048893183,-0.0477025,-0.01813685,-0.02553479,0.0018181427,0.03154795,0.014742432,-0.03180888,9.159007e-07,1.856661e-06,4.712706e-05,2.4203102e-05,0.0001798752,8.082914e-05,0.00016724228,0.0014214729,0.0007596275,0.0025990985,0.00046325094,0.0009151155,0.0022350256,0.0012422259,0.0016047739,0.0002944106,0.000573987,0.00064068567,0.0003701942,0.00096528017,0.0015831313,0.0037068778,0.002148927,0.0012903264,0.00049284345,0.00018673636,0.00040941476,0.0001564288,9.757288e-05,0.00068541855,0.0003401146,0.000787801,0.00032394845,0.00020983515,0.0005593751,0.00027115337,0.0006396651,0.00042524154,0.00027514057,0.0005496485,0.00020175247,0.00022617074,0.0006496802,0.00015816536,0.0001328222,9.45164e-05,0.0001179692,8.005971e-05,7.4096104e-05,6.602346e-05,5.1261613e-05,5.407001e-05,0.00010788929,7.362253e-05,6.544642e-05,0.00013396879,0.00011704425,0.00011013042,0.00011426297,6.5808104e-05,5.1614366e-05,3.4227756e-05,2.5985366e-05,5.6956167e-05,0.00012472893,0.0003922443,0.0005363569,0.0008245683,0.0009207566,0.0008712836,0.0005415271,0.00028592645,0.00014575485,0.00015866067,6.9044305e-05,5.4758933e-05,5.133397e-05,5.0773215e-05,0.00010638174,0.00015971171,0.00013572474,0.00014787937,0.0002605202,0.00039934146,0.0007819266,0.0011894288,0.00084972504,0.00047255942,0.00028912112,0.00017420747,0.00018676618,0.00044237985,0.0009701101,0.0005779813,0.000339365,0.0004521839,0.00079786294,0.001010071,0.00039988238,0.000408759,0.0011417553,0.0016662452,0.0013841458,0.0011618221,0.0012601389,0.00056712975,0.00037017325,0.00018138219,7.383162e-05,5.4870397e-05,5.977541e-05,3.1907493e-05,9.307129e-06,6.1126716e-06,5.275371e-06,2.350737e-06,9.695003e-07,8.1329085e-07,4.887967e-07,5.535248e-07,6.7597637e-07,5.5914825e-07,1.0838929e-06,4.176193e-06,1.7642982e-06,6.720123e-07,5.0006156e-07,9.0538364e-08,0.47330415,0.52666754,0.47274014,0.3791117,0.47557333,0.50596344,0.46270233,0.40016592,0.46478567,0.4701232,0.39230105,0.38698572,13.934723790770006,7.078606578155778,10.720162127691927,12.298255071383162,15.789405093515233,17.029615266807333,46.06436461179729,3107.156221093102,2025.9765598147717,0.03272453,5268.144955842391,ABNORMAL
Cold (2),-540.3787,60.18844,1.8295445,-22.44523,-15.407654,-3.9649389,-16.82011,-12.158304,-22.36541,-2.7972474,-17.881773,2.5398757,-16.279062,-0.015426662,-0.2111379,0.19285724,-0.034984868,0.067083284,0.026722437,-0.051135834,0.081562504,-0.055979375,0.029231815,0.011495794,0.027276136,0.022765467,-0.16136102,0.010738858,-0.03825268,0.015416258,0.0054641627,-0.011118606,0.008403327,-0.0359011,0.02524473,0.0039920458,0.056325853,0.04576899,-0.014668054,2.8255683e-06,5.7278294e-06,7.44038e-06,3.8211647e-06,1.40185275e-05,8.3454404e-05,0.00017595441,0.0030028448,0.0016047048,0.021170955,0.0071694455,0.014928418,0.004447452,0.0024718908,0.002701492,0.0010794203,0.002306375,0.0045004394,0.002600397,0.009378107,0.0030886012,0.006563939,0.0044862935,0.0026938012,0.003084503,0.0015738552,0.0035762321,0.005479946,0.0034181308,0.005078853,0.00170863,0.0037144006,0.002792247,0.0018086565,0.0032403395,0.0006784303,0.0012630323,0.0007889443,0.00051046425,0.0009643036,0.0003749828,0.0004211065,0.0007335869,0.0015052517,0.0020711557,0.0038011943,0.0025409618,0.001151771,0.0007169047,0.00038366322,0.00021650144,0.00023584058,0.00028591012,0.0003023881,0.00020744857,0.00011519578,0.000106168576,0.00011410557,0.000102086145,7.775103e-05,7.4812095e-05,5.8920108e-05,3.8450326e-05,3.647144e-05,4.3831304e-05,4.1010022e-05,2.4910622e-05,1.8071705e-05,2.5484002e-05,3.095949e-05,2.3864877e-05,1.9051138e-05,2.1520327e-05,3.1026964e-05,5.161847e-05,9.968697e-05,0.0002231246,0.0002445951,0.00015981524,0.00016415658,0.0001538127,0.00012866748,5.026934e-05,2.0082092e-05,1.3730498e-05,4.1948097e-06,8.1729795e-06,5.551358e-05,7.913213e-05,0.00011654221,0.00030710635,0.00063233817,0.00057607493,0.00020882349,0.00011179323,8.8563946e-05,7.4766365e-05,8.168746e-05,9.26339e-05,0.00011955832,5.5504413e-05,4.0507457e-05,5.6614826e-05,6.887743e-05,7.363182e-05,7.596668e-05,8.960802e-05,0.0001278737,0.00013859675,0.00018683134,0.000350739,0.00051328377,0.00075209234,0.0011244944,0.001321206,0.0011300612,0.00067329797,0.0006569687,0.00053526,0.00045986468,0.0005988222,0.00037584564,0.0001849002,6.964535e-05,4.0813156e-05,7.384901e-05,5.8546484e-05,4.9024748e-06,0.59063643,0.5655208,0.5269009,0.4844828,0.38284996,0.29859415,0.28536633,0.283889,0.2927643,0.35722825,0.5023792,0.59257644,7.831962646535323,11.218934463250063,10.929755472428047,12.443370532328055,15.857587859358592,17.633636906830503,43.079791514100236,3487.064563252655,2427.3627596363967,0.050093077,5758.781448622882,ABNORMAL
Cold (20),-580.82336,76.44673,25.74003,18.445747,-4.268591,-22.113432,-19.044384,-12.544826,-13.571906,-10.440934,-12.626513,-10.25,-23.742502,-0.3651052,0.10236514,0.034168717,0.060344893,0.04298074,0.14874847,-0.035925,0.041538592,-0.05185502,-0.0103063155,-0.004052335,0.05797778,-0.054118805,-0.05666568,-0.102249414,-0.06097656,-0.09910952,-0.04251221,-0.039828323,0.033174634,0.010956103,0.054398004,0.02850293,0.11644853,0.09913191,0.10174089,3.3986953e-06,6.8896397e-06,1.423427e-05,7.3103115e-06,7.6481556e-05,0.0011448986,0.0024161057,0.028386766,0.015169737,0.06845146,0.009961074,0.019172372,0.0035383152,0.0019665933,0.0028552692,0.0012148806,0.0026075633,0.0034936252,0.0020186498,0.015662953,0.008587694,0.019178681,0.009364393,0.005622864,0.0037484244,0.0016477158,0.003683085,0.005726165,0.0035717108,0.004136168,0.0010964934,0.0022532484,0.0013589596,0.00088025565,0.000796368,0.0001440242,0.0002482456,5.83955e-05,3.7783167e-05,2.3840463e-05,7.547706e-06,8.418916e-06,1.2959583e-05,9.182674e-06,1.22687225e-05,2.2238279e-05,5.10989e-05,9.195287e-05,0.000117077296,0.00011637241,5.8181675e-05,3.333567e-05,2.0183803e-05,1.6344698e-05,1.7437998e-05,1.5978558e-05,2.5534784e-05,4.6895573e-05,3.4917663e-05,2.3495564e-05,2.2990074e-05,2.4657404e-05,3.251395e-05,3.863167e-05,3.1909385e-05,2.0470321e-05,1.3881235e-05,1.91972e-05,3.967909e-05,3.8324502e-05,4.4781067e-05,7.486132e-05,0.000159458,0.00019911112,0.00029670118,0.00044816957,0.0004398528,0.0001557552,4.6242916e-05,1.49724065e-05,4.5120764e-06,6.9512653e-06,1.3446502e-05,1.9320063e-05,3.0010842e-05,4.5170807e-05,5.6048462e-05,4.6354548e-05,3.2930016e-05,3.2622112e-05,2.6399464e-05,1.94944e-05,1.4342617e-05,1.1877247e-05,1.271443e-05,1.2850569e-05,1.09358e-05,1.22118845e-05,1.3874765e-05,1.7072422e-05,3.8528528e-05,4.420477e-05,2.6479971e-05,7.772026e-06,1.4065173e-05,1.2821993e-05,7.438938e-06,8.387655e-06,1.573884e-05,2.2814489e-05,3.2242635e-05,3.0256935e-05,3.6986694e-05,2.2106848e-05,1.02862705e-05,6.1320125e-06,5.8928053e-06,8.626831e-06,3.7233099e-06,3.909072e-06,4.776017e-06,5.0825342e-06,5.5024675e-06,1.0308905e-05,1.384298e-05,1.1071422e-05,7.877233e-06,1.1598653e-06,0.6585143,0.5884555,0.48178467,0.39808097,0.37159163,0.3460761,0.30369458,0.34372038,0.44067493,0.53466225,0.57404566,0.5983072,9.834079893993923,13.018754653168658,12.343304290774793,14.745915126840732,15.441992207096202,15.596959140111627,38.72744299018546,2289.5124442293554,2654.117499878926,0.028888922,4956.680512764085,ABNORMAL
Cold (200),-583.75073,64.56026,-36.259846,40.783894,-31.672586,1.431213,-24.569252,3.245682,-18.979584,-16.748041,0.44795036,-22.210901,4.7741766,-0.05058098,-0.16961063,-0.16671386,0.023395173,0.080721855,0.066010736,0.07670981,-0.023268593,0.015676387,0.04208145,-0.010920121,0.016016027,0.042660642,-0.09222842,-0.015166892,-0.02086264,0.000119951175,0.030654576,0.03821993,0.027773354,-0.009424794,0.01819347,0.04259081,-0.0067028976,0.024530774,0.029125148,2.4706617e-07,5.008383e-07,1.7714136e-05,9.09747e-06,7.2845796e-05,5.315318e-05,0.0001108465,0.0009895094,0.0005287886,0.0018784773,0.00024878443,0.00047205665,0.0007187201,0.0003994642,0.0009883342,0.0003012843,0.0006288805,0.0012623232,0.00072938245,0.0019625216,0.0008907272,0.0019591204,0.0016872241,0.0010130961,0.0018782244,0.0004984805,0.001026824,0.00021962092,0.00013698913,0.0004903096,0.00015026575,0.0003201713,0.00014772563,9.568814e-05,0.00017567794,4.5301105e-05,9.17957e-05,4.5422734e-05,2.9389501e-05,0.00013297112,0.00012047372,0.00013757411,0.00021346712,0.00011598866,0.00015346865,0.00027791524,0.00017976115,7.181592e-05,8.781226e-05,0.00012218053,0.00012282476,6.3329004e-05,7.358876e-05,0.00012773795,0.00014356212,0.00013403602,0.00016788092,0.00017694916,9.742544e-05,8.694044e-05,0.00017438694,0.00019365981,0.00023515028,0.0002694849,0.00022292272,0.00014478994,0.00010155654,6.955118e-05,0.00012474456,0.0001466117,0.00026588628,0.00045040724,0.0005830443,0.0002984731,0.00012439066,9.835351e-05,7.750014e-05,6.218544e-05,0.00010792482,0.00015747275,0.00012283145,8.408403e-05,9.683853e-05,8.2859646e-05,0.000206315,0.00040670997,0.00028411485,8.806307e-05,3.102685e-05,1.5088422e-05,1.0429027e-05,9.1789725e-06,9.285799e-06,1.0848696e-05,9.194369e-06,8.313937e-06,9.810575e-06,1.6763723e-05,3.9688548e-05,3.369055e-05,2.231412e-05,3.8911323e-05,4.455338e-05,4.636482e-05,4.3784075e-05,6.3647494e-05,5.576545e-05,2.2803099e-05,9.534936e-06,1.2923483e-05,9.224399e-06,4.6484815e-06,2.370469e-06,1.1405849e-06,2.753235e-07,1.0225152e-07,5.17421e-08,4.519491e-08,4.3302062e-08,6.681875e-08,1.320091e-07,2.0519272e-07,2.1539273e-07,2.3805632e-07,3.628829e-07,4.6120414e-07,2.4782398e-07,7.14769e-09,0.49068645,0.45787454,0.46557683,0.5611789,0.50524443,0.4640521,0.48192632,0.503857,0.5306945,0.6078096,0.5640321,0.5192116,15.285270459969379,7.192623121940896,10.233514522864946,12.314344139324659,15.56101003666926,16.82198390276988,46.85445921373813,2952.1772881747925,2100.444377117647,0.03857724,5182.515115940824,ABNORMAL
Cold (201),-579.6888,79.13682,-24.473484,32.488262,-39.395397,2.1145494,-32.273163,-1.7736479,-13.707933,-27.339994,2.5668333,-21.323206,14.02768,-0.5929875,0.01390685,0.51346844,0.12905581,0.13243055,0.26090357,0.32969746,-0.054863185,-0.095204175,0.013053435,-0.11074686,-0.049775675,-0.07096343,-0.06882644,-0.08312625,0.006228031,0.05485671,0.08922525,-0.07640717,-0.026737763,0.02649285,-0.0025740867,0.013917484,-0.042718373,0.0038560613,0.076896,5.695471e-07,1.154553e-06,2.5082352e-05,1.2881574e-05,8.8056135e-05,3.825473e-05,7.909637e-05,0.0006894801,0.00036845458,0.0011705214,0.00013704928,0.0002545903,0.0005037711,0.0002799957,0.00046293935,0.00043924747,0.0009789108,0.002519098,0.0014555588,0.0027558669,0.0025040891,0.0057537495,0.0067550233,0.004056064,0.0027007014,0.00047382584,0.0008685216,0.0006606645,0.00041209118,0.0003774347,0.00012005576,0.00025792996,0.00011036318,7.148691e-05,0.00031639315,0.00021737606,0.0005370055,0.00020065016,0.00012982506,0.00087003375,0.00052521535,0.00059601956,0.00033956478,0.00028124911,0.00029436743,0.00035151,8.152556e-05,3.121862e-05,1.964116e-05,1.5340931e-05,1.971702e-05,8.123944e-05,0.00010621531,6.968978e-05,7.633575e-05,6.04958e-05,2.9019284e-05,2.473738e-05,2.9695322e-05,6.852405e-05,0.00017668052,0.0003670177,0.00068533013,0.0006627858,0.00020657324,8.364937e-05,1.7247063e-05,1.141975e-05,6.196932e-05,0.00015783194,0.00027138667,0.0003200445,0.00020884282,0.00014647117,7.7945064e-05,4.84978e-05,4.9050075e-05,3.086746e-05,2.4649842e-05,3.2192955e-05,4.2219894e-05,4.30925e-05,0.000100795434,0.0002411235,0.00020744273,0.000105073006,9.2532224e-05,7.577054e-05,4.7243037e-05,1.8947636e-05,3.285336e-05,1.12880025e-05,2.0465204e-05,7.097013e-05,0.00023195008,0.00030113777,0.00043678336,0.0009287949,0.0011362153,0.0014497755,0.0008571147,0.0003408722,0.0002861157,0.00042612306,0.00057793135,0.00047238308,0.000356606,0.00022599175,0.00020784793,0.00014999245,6.715019e-05,2.1470672e-05,3.2256996e-06,1.0290789e-06,1.2229384e-06,2.5098293e-06,1.7810142e-06,2.4832777e-06,2.7481024e-06,5.369856e-06,4.1381963e-06,6.9188395e-06,4.590375e-06,1.9051748e-06,4.039632e-06,3.1861673e-06,1.1060865e-06,2.0754696e-07,0.46765915,0.52112913,0.5774672,0.43982628,0.3612937,0.3457606,0.26835155,0.27082804,0.32855985,0.38000166,0.51352787,0.46566367,15.445850970066415,7.17126104266067,11.751325441721423,13.50132191088481,16.201508111851318,18.77278621422843,43.41982233056006,2675.244333840363,2061.5750498664183,0.013642582,5091.224822274881,ABNORMAL
Cold (202),-539.37396,58.16855,-22.159752,17.27261,-49.722404,14.417062,-22.000517,-12.124207,-20.075747,-14.747284,6.6847396,-12.4105425,2.3766496,-0.081595846,-0.5542231,0.07443456,0.14615849,-0.053257413,0.07310412,0.08119616,0.12061602,0.16949894,0.006690788,-0.041000422,-0.030162457,-0.025002439,-0.07142704,0.014646941,-0.0136386445,-0.052854687,0.07237143,0.026890565,0.04660988,0.037217643,0.06408483,0.0070310463,0.0015892838,0.040104054,-0.0035402118,8.897568e-07,1.8036636e-06,2.3130244e-05,1.1879028e-05,0.00014885144,5.298906e-05,0.00010904788,0.0004327397,0.00023125386,0.001568948,0.00037366393,0.0007593438,0.00031134934,0.00017304778,0.00048528556,0.0004346889,0.00096702884,0.0030384883,0.0017556675,0.0070007895,0.0023293784,0.0049568485,0.006518261,0.0039138994,0.009241155,0.0017422426,0.003274482,0.0029516236,0.0018410829,0.0046721217,0.00079722225,0.0013906287,0.00035566877,0.00023038173,0.0005749848,0.00020204001,0.00044762684,0.000888252,0.0005747185,0.0013438297,0.00037070716,0.00041126582,0.0009928087,0.0008030358,0.0012376871,0.0025963318,0.0048304014,0.0031946038,0.0026157007,0.0019054794,0.0011900342,0.0009499277,0.0006596347,0.0005463231,0.00040146604,0.00032280924,0.00022609833,0.00016148003,0.00017299826,0.00017257103,0.00018519754,9.46075e-05,2.2332384e-05,1.0503656e-05,8.9513205e-06,1.7030197e-05,2.329461e-05,2.7238713e-05,3.290704e-05,2.9363762e-05,4.5836132e-05,4.315728e-05,3.0461251e-05,2.2059896e-05,2.3081999e-05,2.347925e-05,2.5932724e-05,2.401738e-05,3.2063363e-05,3.1395444e-05,3.2667776e-05,4.521746e-05,0.000109043845,0.0001525416,0.00027447572,0.00033051326,0.00030870282,0.00034822812,0.00025854126,0.00018568712,0.0003173273,0.00035049973,0.00035205006,0.0006750641,0.00036076945,0.00060582417,0.00071560545,0.00092662394,0.0010834384,0.0011152014,0.0015684322,0.0014411818,0.0011139732,0.00096483144,0.0013588094,0.0014334965,0.0009847146,0.0003552469,0.00035070814,0.0004347475,0.00022915484,8.0943624e-05,3.2108397e-05,1.6814465e-05,1.0769375e-05,2.6709101e-06,2.2835643e-06,9.461327e-07,1.391434e-06,1.8306912e-06,1.8995613e-06,6.5773625e-06,1.0700684e-05,1.5148285e-05,1.1708139e-05,9.17563e-06,3.7427485e-06,9.459909e-08,0.45428526,0.4767805,0.5205518,0.57562166,0.50255835,0.3935041,0.39181903,0.36960393,0.3293578,0.36707896,0.38868138,0.40070578,15.26450329537553,7.303643784888667,11.167081695659158,12.802228063440767,15.108814047993345,15.697528564976388,45.31385785332861,2966.981692325415,2078.018430480768,0.029226832,5283.616901266164,ABNORMAL
Cold (203),-602.8186,53.31935,-32.73134,33.15146,-38.71602,0.3177455,-19.817945,-1.3893394,-18.369549,-14.08164,-1.2318362,-20.870811,5.501408,-0.088478416,-0.2759727,-0.078670904,0.001409805,0.049886532,-0.026181677,0.10345304,-0.010539758,0.07795425,0.14715883,-0.0072058258,0.0021263678,-0.027254833,-0.08272145,-0.06588298,-0.049493857,0.055234373,0.054362614,-0.043533623,0.037888397,-0.013153936,0.017536607,0.020652587,-0.022978615,0.013559331,0.012631247,1.2003602e-07,2.4333013e-07,7.97598e-06,4.0962345e-06,4.5089593e-05,2.0420914e-05,4.225936e-05,0.0005184436,0.00027705354,0.0016353301,0.00014873523,0.00026162982,0.0001919533,0.00010668752,0.00035116335,0.00014578244,0.00031235896,0.0020045056,0.0011582226,0.0038171124,0.0007762878,0.0015196552,0.0028287966,0.0016985551,0.001724817,0.0003268777,0.00061541167,0.0005620363,0.00035057167,0.00028536454,5.3476324e-05,9.74507e-05,0.000106788524,6.9171445e-05,0.00011299355,6.911799e-05,0.00016847753,0.000211272,0.00013669759,0.00019259461,0.00018760619,0.00021442233,0.0004087128,0.00013925161,0.00019791344,0.00039767864,0.00040428442,0.00013204839,7.3660296e-05,5.0118488e-05,4.1629068e-05,2.5252473e-05,3.3028722e-05,2.6378979e-05,2.0227682e-05,1.982169e-05,2.8148026e-05,2.9318146e-05,1.780153e-05,1.5792535e-05,2.6219135e-05,6.619132e-05,5.4108255e-05,3.3498545e-05,2.4077292e-05,2.0849271e-05,1.7806815e-05,1.4828032e-05,1.7723374e-05,2.1692653e-05,3.6571415e-05,5.2630978e-05,6.538515e-05,0.00011565177,0.000112354064,0.000102717735,6.887471e-05,3.613154e-05,3.0130095e-05,3.736744e-05,4.5504916e-05,4.389681e-05,4.279631e-05,3.929359e-05,6.1785104e-05,0.00023532363,0.00029194917,0.00022494124,0.0001422143,0.00010639445,4.514314e-05,3.4553854e-05,1.4691192e-05,1.1990821e-05,1.6123658e-05,2.1163429e-05,2.4538942e-05,4.0175815e-05,3.389557e-05,1.9228106e-05,2.0598505e-05,3.206006e-05,5.338995e-05,6.553289e-05,5.8949965e-05,2.2532653e-05,2.094744e-05,2.4940866e-05,2.0350415e-05,1.8875488e-05,1.9533962e-05,8.691967e-06,3.375043e-06,8.44494e-07,2.818095e-07,1.6498744e-07,2.3993707e-07,4.458845e-07,8.2774966e-07,1.0821876e-06,1.2132298e-06,1.1851932e-06,1.914733e-06,2.9423684e-06,2.535902e-06,1.3839582e-06,7.381348e-07,5.5360427e-08,0.48662683,0.3983997,0.37251645,0.3889951,0.33972332,0.36003867,0.36794102,0.31033805,0.33517513,0.47889248,0.7525878,0.5500345,15.354873016178775,7.8288267208003255,10.104373770946436,12.193588005173215,14.249839594838994,17.42739649315408,45.444983982231435,3153.190161512483,2184.505080102365,0.048834693,5592.281292153777,ABNORMAL
Cold (204),-568.4055,38.584694,-23.492641,40.685135,-42.702137,-0.4057579,-16.511806,-1.4945045,-24.12421,-18.407415,2.0482733,-23.352694,-0.9472616,-0.099427395,-0.15979938,0.022439316,0.11688901,0.040560607,0.16321705,0.15149572,0.16543391,0.08472323,0.039781403,0.003196279,0.06211925,0.015693786,-0.12372972,-0.09194417,0.029618949,0.0033292857,0.01825257,-0.0050795367,0.037003655,0.0147144925,0.051889054,-0.018390464,-0.044506397,-0.011227912,0.018571822,4.4707235e-07,9.0627924e-07,1.41581595e-05,7.2712237e-06,0.00010633821,3.4057146e-05,6.988348e-05,0.00038153108,0.00020388822,0.0011999842,0.0001472956,0.00027595737,0.00034102643,0.0001895423,0.0013674638,0.0007933783,0.001734418,0.002315545,0.0013379438,0.0027385408,0.00065022556,0.0013137585,0.0017180484,0.0010316046,0.001390664,0.00016177676,0.00024149979,0.0002782719,0.00017357283,0.00024383432,6.080513e-05,0.00012280024,0.00031512862,0.00020412217,0.00044671833,0.00023088497,0.0005500929,0.00080555485,0.0005212116,0.00036578692,8.637448e-05,9.5144904e-05,0.00012035166,5.0759274e-05,5.9876817e-05,9.407785e-05,8.2591214e-05,4.5157565e-05,3.164421e-05,2.146294e-05,2.2751185e-05,2.3277686e-05,1.3966411e-05,1.1202601e-05,1.1333825e-05,1.901105e-05,3.3323995e-05,4.1639563e-05,6.182426e-05,7.5243726e-05,4.230434e-05,2.5858155e-05,1.4525737e-05,7.4131885e-06,7.743456e-06,1.3631079e-05,1.2283175e-05,1.0435182e-05,2.0727124e-05,2.8837963e-05,5.0115497e-05,0.00011048958,0.0002670045,0.0003682004,0.00027463408,0.00017781071,0.00018442841,0.00018990555,0.0002659552,0.00037783055,0.0004696074,0.00044169207,0.00041465092,0.0007356805,0.0008966032,0.000550036,0.0005798686,0.00045053102,0.00032975985,0.00028060316,0.0005204573,0.0005682437,0.0011851634,0.0010811582,0.0007823469,0.0006096088,0.00051873364,0.00064185704,0.0006690505,0.00036394104,0.00028311377,0.00027142387,0.00024015432,0.00022454931,0.00041210547,0.0003656314,0.00021166522,0.00015177314,0.00015292045,0.00013259814,4.9862978e-05,1.754639e-05,9.480796e-06,1.181704e-05,1.3867598e-05,1.1788527e-05,6.136257e-06,3.816053e-06,4.786711e-06,2.5174663e-06,7.2435805e-06,1.4305671e-05,7.443839e-06,1.1676048e-05,1.2388831e-05,9.199143e-06,9.527577e-06,9.810839e-07,0.4767925,0.4146849,0.44039652,0.43080455,0.35148442,0.38320574,0.46932843,0.4924504,0.5584197,0.50529397,0.5152114,0.5051216,15.356369748185543,7.848404973820262,11.285910617556825,11.805441756240127,16.432798314172818,16.84630878079686,45.83324584704684,3312.4244297850164,2129.78303798442,0.038376234,5632.799887569188,ABNORMAL
Cold (205),-515.1441,64.64589,-35.640785,45.72238,-21.352476,-4.26147,-35.18959,-11.498377,-16.251596,-17.326128,-2.3376565,-23.409925,15.385923,0.0057073585,0.15264945,-0.11145439,0.12500812,0.21654058,-0.13139933,-0.24046856,-0.03234034,-0.07518827,-0.18257482,-0.14843099,-0.032481063,0.041285012,-0.1975628,-0.030574368,0.044751927,-0.05446671,-0.024515929,0.06360349,0.02096726,0.031059152,0.027295666,0.019109882,0.0023542694,-0.010624992,-0.010196295,2.0614705e-06,4.178894e-06,9.262293e-05,4.7568483e-05,0.00045760407,0.00011100885,0.00022566384,0.0010753053,0.0005746375,0.0025705465,0.00045175513,0.0008909619,0.0014581626,0.0008104458,0.0023777431,0.0021362435,0.0047528394,0.01343202,0.007761149,0.01624834,0.003360346,0.006602693,0.006473122,0.0038867958,0.003239045,0.0004925557,0.000852161,0.0010020917,0.00062505744,0.0006155723,0.00011239316,0.00020246397,0.00017018401,0.0001102354,0.00026259501,0.00010631768,0.0002428779,0.00023408525,0.00015145824,0.00048814045,0.00015602731,0.00017409763,0.00030553673,0.0001834505,0.00020536492,0.0002879108,0.00026265447,0.00012648004,0.00012030874,0.00014905138,0.00021652701,0.0004624265,0.0004515036,0.00030776812,0.00025720478,0.00014403861,0.000116043506,0.00017307705,0.00028129533,0.0006196878,0.0011828949,0.0013224088,0.0017486973,0.0014832028,0.00085968286,0.00072197884,0.00041367754,0.00037692307,0.00042539727,0.00048637527,0.00046610538,0.00028197822,9.1138725e-05,0.00012422854,0.00017928559,0.00014608791,0.0001541849,0.00016262145,0.00020068786,0.00030895,0.000298357,0.0005642983,0.00058872165,0.00096616294,0.0013388586,0.0007343979,0.00067780964,0.00035819886,0.00016226187,9.874746e-05,4.955051e-05,1.9790532e-05,1.2767781e-05,2.3222881e-05,7.182357e-05,0.00032060017,0.0008516556,0.0016954276,0.0033728573,0.0061660986,0.011007709,0.010531684,0.010486974,0.0069574174,0.0021099495,0.0005570926,0.0007599048,0.0007700257,0.00033548675,0.00017516932,0.00016757938,6.352543e-05,3.8703372e-05,2.4813975e-05,1.1729438e-05,1.2068647e-05,1.1218064e-05,9.987442e-06,8.789739e-06,3.5281234e-06,3.2283367e-06,7.52205e-06,6.307535e-06,8.022318e-06,7.7888635e-06,5.881231e-06,3.0496046e-06,3.9017274e-07,0.36670884,0.31874782,0.3164659,0.28581753,0.3185931,0.2703737,0.21534802,0.27306145,0.4624382,0.5029471,0.60156685,0.4864051,16.438061180678087,7.554162389512064,12.030241438404255,11.650186616978862,16.261137293622927,19.83899016919676,42.49601272025212,2784.8836734200468,1983.6972744635348,0.016747925,4943.274456521739,ABNORMAL
Cold (206),-566.28253,82.579575,-24.878582,21.707863,-47.383854,0.547328,-14.39014,-11.736435,-33.6297,-11.113166,-1.4974077,-15.428917,13.882337,0.46506438,0.5924936,0.118729584,-0.06959975,0.07170395,-0.060622968,-0.088778935,-0.14267549,-0.09424639,0.054121483,0.09871212,0.016308146,-0.022045087,-0.20935471,-0.21008039,0.11823044,0.11409382,0.09206756,0.0012328038,0.0073191724,0.050449762,0.065670505,-0.01832408,-0.026756251,0.017493254,-0.016128138,8.032331e-07,1.6282678e-06,2.7201986e-05,1.3970157e-05,0.00014882661,3.6910667e-05,7.5097254e-05,0.00038671328,0.00020665758,0.00081549876,0.00011625828,0.00022309925,0.00046812702,0.00026018472,0.0009139582,0.0009858769,0.0022050717,0.0075922427,0.00438687,0.012596334,0.0027302224,0.0054185055,0.0043112347,0.0025886872,0.0020803108,0.00028228463,0.00046206397,0.00029967874,0.0001869254,0.000520731,0.00014886461,0.00031198104,0.00014790686,9.580555e-05,0.00025553632,0.00016568051,0.00040665976,0.0004985303,0.00032256,0.0007134539,0.00040995106,0.00046477313,0.0009993346,0.0005597246,0.0005956001,0.0007583846,0.0012587454,0.0013741102,0.0010886487,0.0006421251,0.00052825233,0.000516515,0.00033479108,0.00031539434,0.00023465454,0.0001486476,0.00012267806,8.51625e-05,8.667861e-05,6.331752e-05,2.7562859e-05,2.9246996e-05,1.6752543e-05,6.6789976e-06,5.6243366e-06,1.0200647e-05,2.8193946e-05,5.3599528e-05,7.705318e-05,5.2801137e-05,4.4662705e-05,2.0284311e-05,1.5550593e-05,2.2852588e-05,4.321546e-05,3.1223644e-05,4.123416e-05,5.027591e-05,5.1084495e-05,9.603602e-05,0.0002789474,0.00043547584,0.0005487901,0.0007053193,0.001052057,0.0011675678,0.0010144697,0.00069104065,0.00064816565,0.00082658435,0.0007557924,0.0006905302,0.00060648425,0.00023807128,8.750325e-05,7.416459e-05,3.3707616e-05,7.736085e-06,1.1120788e-05,8.130253e-05,0.00017684168,0.0002294913,0.00035739623,0.0009589031,0.00070659077,0.0008275649,0.0009901985,0.0007243707,0.00020128839,0.00024833775,0.0004419955,0.00018917164,0.0001298429,0.00015799623,4.6226847e-05,1.68702e-05,5.8047435e-06,6.7708615e-06,8.290577e-06,4.2562087e-06,2.8679133e-06,3.4083157e-06,3.3777674e-06,2.1115795e-06,1.306304e-06,7.632893e-07,2.9010258e-07,2.8325433e-08,0.56356204,0.49897859,0.4256249,0.36912566,0.30961812,0.27696007,0.2865061,0.31243706,0.3663449,0.50023276,0.5815794,0.59719735,16.181076780381066,7.463494405664582,11.099099107448797,13.764440183465277,15.6301176629646,18.90000124139405,45.49015501138923,2500.4567427370666,1918.1186230847168,0.014403326,4504.659528109297,ABNORMAL
Cold (207),-569.9122,41.75561,-37.458256,39.398594,-14.026183,8.567894,-28.47783,-9.145719,-16.700462,-13.087242,-14.925831,-20.421928,9.750635,-0.61199546,0.12966554,0.25283775,-0.0734688,-0.15787798,0.21569993,0.19222142,0.08291321,-0.015937876,-0.03322233,-0.034765948,-0.13549869,-0.17870906,-0.1945632,-0.04847546,0.053680576,-0.07662271,0.017575417,0.124740444,0.02835528,0.012655508,0.02052933,0.044226732,-0.005005963,0.03948846,-0.06135355,5.902053e-07,1.19643e-06,1.5671712e-05,8.048541e-06,0.00012482986,2.9223129e-05,5.93227e-05,0.00053733436,0.00028714866,0.0024025266,0.00028201207,0.00052412646,0.00038005426,0.00021123393,0.001125483,0.00033470217,0.0006968882,0.0025693558,0.0014845983,0.0039953263,0.0003948523,0.000589919,0.0008075933,0.00048492063,0.00074521743,7.209663e-05,9.288948e-05,7.546723e-05,4.707289e-05,6.185442e-05,1.4429214e-05,2.854706e-05,4.2349595e-05,2.7431624e-05,3.545433e-05,3.0315092e-05,7.647952e-05,0.000117253745,7.586573e-05,8.958425e-05,0.00030698287,0.00035377304,0.0010008947,0.000111759866,0.000107520915,0.0001545301,0.00028401133,0.00012148533,9.4777766e-05,0.00010952049,0.00018576866,0.0001915944,9.2614406e-05,0.00014626156,0.00034453243,0.00042554212,0.00036717654,0.00059087726,0.0009053589,0.0010239825,0.0018320228,0.0017535439,0.0014063381,0.0010911227,0.0009509157,0.0007178857,0.0004030997,0.0003819467,0.00076292106,0.0017792446,0.0023620096,0.0025081066,0.00105663,0.00033400892,9.740546e-05,7.883524e-05,4.3397773e-05,4.2131596e-05,3.2118867e-05,2.4781664e-05,4.666367e-05,0.00015884987,0.0004011054,0.00063149974,0.001723775,0.0020208512,0.0011800083,0.0016939188,0.0016302936,0.0010909789,0.0012298408,0.00078224886,0.000352713,0.0005204369,0.00072566734,0.001115361,0.0015111618,0.0020121387,0.0018278817,0.0015232401,0.00075713516,0.0003403465,0.0006549773,0.0011701249,0.0019103093,0.0008992912,0.00035891577,0.0007848517,0.00066789665,0.00061289704,0.0007146967,0.00027627128,3.878789e-05,5.447514e-05,8.698963e-05,4.7332484e-05,3.244242e-05,4.1913394e-05,5.1197323e-05,2.576229e-05,3.9514383e-05,2.0352745e-05,2.9955778e-05,2.0414647e-05,7.3695155e-06,6.5674735e-06,2.348597e-06,7.3748055e-08,0.4760672,0.40963888,0.5082706,0.4627191,0.25302818,0.23045488,0.3144906,0.27837285,0.3557983,0.49755117,0.5549014,0.54592437,15.407005340136163,9.120336941303734,12.040212792824786,12.699304313133991,18.42546877340407,18.875910224288337,45.82260967792168,3118.8396236570575,1880.9035716713822,0.022850323,4918.657719323394,ABNORMAL
Cold (208),-579.43225,68.5194,-30.56485,18.72448,-37.196617,18.01886,-23.217077,0.9107912,-20.512693,-14.767123,-5.282065,-16.99491,7.3535056,-0.57231873,-0.58706146,-0.32329568,0.09924053,0.20141374,0.20429231,-0.099141814,-0.10481328,0.010995136,0.14493723,0.008403518,0.06728456,0.011464313,-0.43014607,-0.06927895,0.07608113,0.10529545,0.024670755,0.008964227,-0.02464675,-0.080794126,0.0034691426,0.047995426,0.06385622,-0.036851745,-0.010915808,1.2828901e-06,2.6006012e-06,2.5265197e-05,1.2975479e-05,0.00020643989,6.551749e-05,0.0001344027,0.00093860464,0.00050158554,0.0035319137,0.0005593072,0.0010890374,0.0004702593,0.00026136983,0.0011884918,0.000605162,0.0013137267,0.00086750597,0.00050125323,0.001998588,0.00059892953,0.0012568095,0.0015577561,0.0009353569,0.0027988341,0.0010439714,0.0022837676,0.0025753086,0.0016063557,0.003250977,0.0009450292,0.001988676,0.0012597498,0.0008159933,0.0008437021,0.00073632214,0.0018608067,0.0017439327,0.0011283625,0.0017281208,0.0018402529,0.002105374,0.0041857976,0.0023589898,0.0026553024,0.0037760339,0.003147192,0.0021917415,0.0018597216,0.0015095226,0.0013757567,0.0015420498,0.001102281,0.0009571067,0.00091226725,0.0005999149,0.000348521,0.00021117076,0.00015848776,0.00012910979,0.0001724267,0.0003107496,0.00017332147,0.00010769688,5.8358946e-05,4.0865627e-05,4.264927e-05,8.376637e-05,0.00024944605,0.0002950015,0.00024711853,0.00023038666,9.7798526e-05,6.5420936e-05,0.00024251193,0.00027959616,8.1415106e-05,3.0518884e-05,3.1760927e-05,2.6137677e-05,2.0388707e-05,4.7595386e-05,0.00014046619,0.000383561,0.0011966312,0.0016024058,0.0004062215,0.00015586229,0.00022261012,0.00025047845,0.00024006824,0.0001068027,7.2187606e-05,0.00014233674,0.00025429035,0.00027908568,0.00020472553,0.00031414916,0.00036344863,0.00020710535,0.00026168948,0.00045056708,0.0002512841,0.00043281604,0.0010066662,0.0013558229,0.0016399586,0.0020800286,0.0025932014,0.0018734479,0.0013978182,0.00063727127,0.00020094676,6.3282474e-05,3.5525252e-05,3.982309e-05,3.458835e-05,1.9787854e-05,1.596925e-05,9.77666e-06,5.4851985e-06,5.661856e-06,2.4091044e-06,3.0418646e-06,3.67385e-06,1.665593e-06,8.3646603e-07,3.414216e-08,0.41071814,0.45021182,0.42643854,0.3346353,0.29090774,0.28967863,0.34300232,0.43518746,0.4945479,0.38858464,0.34350818,0.4066315,16.14062815571027,8.708581860118521,11.108090029940383,13.715426652720401,17.956416119559396,17.843463852208163,46.890859011816424,2760.438709122814,1850.5642050295528,0.015380605,4576.989426537958,ABNORMAL
Cold (209),-577.2412,53.89549,-29.876934,46.999226,-27.206114,-0.6914718,-22.831282,3.273933,-19.00673,-19.596706,-15.704311,-15.015723,5.7374206,-0.1222039,0.04210138,0.031210778,-0.015703995,-0.055158515,-0.012173332,0.027762048,-0.028571634,-0.0440188,0.023383543,-0.05100855,0.00085545867,0.054686144,-0.06503889,-0.046616375,-0.007010204,-0.00094422395,0.0071754423,0.00722367,0.023359098,0.025942542,0.004672244,-0.014144044,0.0160748,-0.004166079,-0.012909524,6.0222436e-07,1.2207945e-06,2.455486e-05,1.2610669e-05,0.00011972078,2.5687532e-05,5.1954543e-05,0.0009044821,0.00048335057,0.003290112,0.00037237135,0.0006873275,0.00090631284,0.000503728,0.001935538,0.0003402499,0.0006582224,0.0010200092,0.000589371,0.0014253578,0.00035479534,0.00072299474,0.0008381644,0.00050327706,0.00068093446,0.00012605338,0.000235465,0.00013153048,8.20425e-05,0.00020575846,9.163369e-05,0.00020911203,0.00014656343,9.493534e-05,9.809468e-05,4.7852187e-05,0.00011299982,0.00015602063,0.00010094875,0.00047682197,0.00023069308,0.0002605712,0.00044644153,0.00036343213,0.00034143004,0.00029863106,4.8985316e-05,2.1987582e-05,2.4969802e-05,3.109658e-05,2.7760758e-05,4.4758082e-05,2.7397129e-05,1.3432701e-05,2.803015e-05,3.4849836e-05,3.6273188e-05,3.3667267e-05,3.967266e-05,0.000116316725,0.00025051122,0.00021834571,0.00018635576,0.00017461706,0.00019615098,0.0004968679,0.0008675445,0.001508692,0.0030575811,0.0030552498,0.0026015842,0.0016643759,0.0010315371,0.0009956775,0.0006898442,0.0005914099,0.0005838478,0.00027382234,0.00013250404,6.315705e-05,1.9488874e-05,2.4529332e-05,0.00014204142,0.0004991768,0.0011636632,0.0017513157,0.0009070139,0.0006598857,0.0006600532,0.0006461869,0.0005095167,0.00060292793,0.00079898967,0.0010321877,0.0008840855,0.00049093494,0.00020539538,0.00012087632,0.0001630872,0.00012223994,4.902786e-05,2.0670632e-05,4.8125825e-05,9.1566886e-05,0.0001555677,0.00028946996,0.00047007969,0.0007080636,0.0010049482,0.0008494435,0.000315657,9.0164445e-05,3.6144294e-05,8.875372e-06,2.4820567e-06,2.2378126e-06,1.8705592e-06,5.300719e-06,1.2954483e-05,5.8572e-06,4.922288e-06,1.5665986e-06,3.6825195e-06,5.2321507e-06,5.252292e-06,5.4464845e-06,1.5941309e-06,2.1667717e-07,0.4761951,0.5580494,0.5983833,0.44328758,0.31747925,0.3185446,0.28979897,0.2856626,0.3564763,0.4398159,0.45072094,0.48866543,15.666786871564526,9.053467720442484,11.213523506154797,12.861420156663765,16.733113226597922,17.999905314373862,47.5226983998055,2951.083929595504,1930.8515938272506,0.02237798,4928.646707214765,ABNORMAL
Cold (21),-581.7382,82.99582,15.075271,4.2212734,-26.100075,-11.506447,-23.905182,-2.495033,-7.586657,-16.410036,-16.03692,-11.0904455,-16.918808,-0.022409635,-0.31805965,0.22213842,-0.03270074,0.10638733,0.007974146,0.0026083526,0.07740114,-0.07068962,0.018794188,0.022739178,0.012031456,0.047912106,-0.16725402,0.022930356,-0.045228403,-0.0055452967,0.021286542,0.04666328,-0.0061974595,-0.0049234563,-0.019765582,-0.0258411,0.030418055,0.047811497,0.011266349,4.364768e-06,8.848005e-06,1.4574922e-05,7.485261e-06,4.2864613e-05,0.00015948132,0.00033594167,0.008835306,0.004721542,0.051665727,0.011788468,0.02386889,0.006023262,0.0033477256,0.004769557,0.0019776064,0.0042369217,0.0024489872,0.001415048,0.004241478,0.0022123826,0.0049224673,0.0020021533,0.0012021958,0.00083213445,0.00046396855,0.0010633282,0.0030946904,0.0019303215,0.0064583095,0.0030961195,0.007138934,0.006451744,0.004179068,0.0027661086,0.0005739639,0.0010640151,0.0014095533,0.000912012,0.0022556467,0.0005356336,0.0005901855,0.00083987834,0.00012836998,8.888138e-05,1.9943582e-05,1.4763106e-05,9.78269e-06,1.1317116e-05,1.4877675e-05,2.0348936e-05,2.4278985e-05,1.744692e-05,1.2100366e-05,9.441872e-06,8.539573e-06,7.4681247e-06,8.077738e-06,9.678861e-06,8.3388695e-06,7.0912342e-06,8.631649e-06,8.510539e-06,8.093922e-06,1.739559e-05,5.643342e-05,5.658963e-05,6.1004317e-05,5.490458e-05,1.4859471e-05,2.132887e-05,3.6636702e-05,7.719649e-05,5.7713387e-05,4.681305e-05,3.2983226e-05,2.735173e-05,1.8682847e-05,1.2675397e-05,8.382743e-06,3.3585704e-06,2.8579618e-06,3.5074593e-06,5.8581813e-06,1.1286712e-05,1.0104104e-05,1.5526804e-05,2.2140837e-05,2.3812887e-05,6.269964e-05,0.00031766697,0.00069972954,0.0006113873,0.00019147125,5.3910622e-05,5.1766063e-05,3.0545547e-05,4.029278e-05,3.7785387e-05,3.498019e-05,4.5679517e-05,4.9059097e-05,3.6410176e-05,1.961167e-05,2.0186983e-05,2.6457987e-05,2.4477367e-05,3.3287524e-05,3.297823e-05,1.8211786e-05,2.8566948e-05,7.168315e-05,8.264209e-05,0.00011801982,6.666092e-05,3.4161243e-05,5.2133568e-05,2.9524046e-05,7.475705e-06,6.109808e-06,1.546512e-05,1.6862545e-05,3.3854594e-05,9.888239e-05,0.00020048303,0.0003562329,7.053504e-05,2.4272415e-06,0.5938298,0.5714968,0.5346136,0.5094997,0.43794256,0.29907095,0.28380537,0.31134424,0.3631405,0.43581355,0.48480418,0.5391353,8.855097652764302,12.196480869678568,11.340721547155505,15.441474971218826,14.538179366203524,15.966812183603114,39.65553751954271,2644.070565865538,2263.2953724706135,0.033885896,4635.982478604772,ABNORMAL
Cold (210),-575.1857,80.97945,-25.545631,48.28583,-23.275023,-7.923583,-34.048817,3.5559955,-17.081781,-27.853926,-9.405801,-13.404319,1.4045793,-0.048963074,-0.30269718,-0.1920431,0.13077098,0.24522139,0.05569612,-0.02071713,0.07456613,-0.061969217,-0.13411178,-0.0872515,-0.09388601,-0.053988453,-0.14478502,-0.09240769,0.083568655,0.019615375,0.004422389,0.018502856,0.04548288,-0.031064237,-0.054843243,0.025510708,0.0014292158,0.013890169,0.03467736,8.1026025e-07,1.6425129e-06,4.3032313e-05,2.210016e-05,0.00020423273,5.6460634e-05,0.000115320414,0.0010264837,0.00054854754,0.00252187,0.00034563142,0.0006593503,0.0014908849,0.00082863297,0.0016602087,0.0005762065,0.0012173277,0.0041990876,0.0024262727,0.0039850865,0.0006578445,0.0012209152,0.0025323443,0.0015205499,0.0017131646,0.00025258254,0.00043085896,0.00045692286,0.00028500688,0.00046401823,0.00029362142,0.00069910445,0.0004619161,0.00029920263,0.00036894178,0.00022114495,0.0005376893,0.000292504,0.00018925649,0.00026658335,0.00022445968,0.00025607707,0.00034423827,8.490263e-05,8.457174e-05,0.000103637685,3.3003333e-05,4.8312675e-05,5.6344554e-05,5.142315e-05,2.1404878e-05,3.2449003e-05,2.4537187e-05,4.585005e-05,9.448509e-05,7.046727e-05,4.0502182e-05,3.069302e-05,2.1051337e-05,3.4172426e-05,3.2975233e-05,4.973495e-05,9.361906e-05,0.00012254348,0.00025708962,0.00048102808,0.00037359205,0.00039912303,0.0005859947,0.00089137483,0.0008328525,0.0009089238,0.00079407106,0.000744755,0.00044885272,0.00027664748,0.00021182008,0.00014464845,6.280954e-05,2.2303926e-05,7.4248887e-06,2.1607371e-05,9.911223e-05,6.536178e-05,4.100285e-05,5.021456e-05,4.5965087e-05,0.00012584294,0.00036905063,4.2642612e-05,1.5514359e-05,1.2341632e-05,1.1987142e-05,9.158023e-06,1.8347511e-05,2.497674e-05,4.058101e-05,7.020488e-05,6.819746e-05,1.6484342e-05,1.6460112e-05,3.1636286e-05,2.5806701e-05,6.367441e-05,0.00048320688,0.0017591256,0.0011520482,0.0010258956,0.0007308569,0.00036942406,0.0001684624,4.309659e-05,1.1937065e-05,1.0602957e-06,4.180947e-07,1.0649715e-07,7.442988e-08,7.326201e-08,2.0170685e-07,2.9039091e-07,5.9591787e-07,2.298787e-07,2.1599158e-07,2.942321e-07,2.4101953e-07,2.6207348e-07,1.7619219e-07,9.510145e-09,0.45702243,0.43458453,0.5281287,0.443657,0.3879496,0.35813493,0.3668957,0.408062,0.38163915,0.40112257,0.60487556,0.52847517,17.279624727307425,8.440795878839962,11.791014230932527,13.897033694363435,18.419538259858932,18.309318935124917,47.22633493721038,2434.333501442544,1963.5870839685626,0.013106865,4397.679736946203,ABNORMAL
Cold (211),-562.35175,42.47462,-26.348082,47.81293,-20.253376,-7.775793,-36.468315,-0.5360282,-14.043461,-18.086592,-4.183302,-21.36238,1.3517162,-0.4166651,-0.58622617,0.45369697,-0.1774542,-0.3302628,0.27277803,0.3200288,-0.085666336,-0.021950455,0.101362966,0.056087587,0.15601979,-0.07059141,0.014599759,0.00023267603,0.028777631,-0.011709161,-0.0027896333,-0.025904384,0.062420297,-0.040207677,0.038405742,-0.032120984,-0.05957478,0.06721685,0.02938906,6.4675254e-07,1.3110593e-06,2.3801444e-05,1.2223736e-05,0.00014667612,3.8013623e-05,7.7467324e-05,0.0013235433,0.0007072946,0.005641048,0.00055185554,0.0009878734,0.00041970986,0.00023327448,0.0021043173,0.00049373077,0.0009998258,0.0033015735,0.0019076804,0.012145896,0.002141228,0.004047523,0.0015512947,0.0009314771,0.0030304815,0.00040918816,0.00066803326,0.00024379177,0.00015206578,0.00045402773,0.00011569977,0.0002351422,0.00023098302,0.00014961745,0.00037077823,0.000118198564,0.00025556792,0.00059048505,0.00038205675,0.0013076263,0.00024211113,0.00026305215,6.698554e-05,1.8232615e-05,1.4947288e-05,8.956314e-06,3.9540493e-05,3.997262e-05,2.9368599e-05,1.5313943e-05,1.5569125e-05,2.2351036e-05,5.6306922e-05,0.00025482505,0.00046277538,0.000449066,0.00042778236,0.00033128232,0.00015256842,9.595747e-05,9.315553e-05,0.00033875238,0.0011323506,0.001343876,0.001595013,0.0019065262,0.0013132766,0.00082708645,0.0006016112,0.00059152744,0.00086618663,0.0013045303,0.0015602575,0.0020208487,0.0015984462,0.0005456149,0.00022801576,0.0001442907,0.00011450121,7.685043e-05,0.00010761881,0.0002003781,0.00058831833,0.0018653175,0.0010076303,0.00032765814,0.00032089243,0.022816768,0.022942428,0.0008142387,0.0004747246,0.0004556092,0.00041210864,0.0005151766,0.0007100621,0.0016029835,0.0010854297,0.0010813948,0.0025815952,0.0047437022,0.0092057455,0.006297272,0.0026341937,0.0018138932,0.002009118,0.0051056636,0.003840259,0.0015581411,0.0036729362,0.0021099753,0.001154263,0.00069290074,0.00013773599,5.5105815e-05,0.00010305425,1.7518516e-05,9.65e-06,1.1519518e-05,1.8632454e-05,3.291228e-05,3.306023e-05,4.8605867e-05,6.547123e-05,3.9046787e-05,1.3358704e-05,1.160184e-05,6.667603e-06,8.488065e-07,0.5938089,0.4195704,0.38680777,0.4599894,0.4029821,0.18458065,0.22611497,0.27083158,0.29134187,0.25432682,0.42994377,0.5680682,16.416394627948176,8.818330108572948,11.346160350702691,13.30489672558994,17.40734136640683,20.33169876325992,45.514717879961765,2967.8175956875507,1682.7792617324317,0.0104696145,4342.297757056452,ABNORMAL
Cold (212),-558.8541,78.71344,-25.135859,20.401367,-49.303986,3.4036634,-16.278528,-11.543497,-18.997904,-4.697934,-4.0745525,-21.173466,11.3947315,-0.30180958,0.8252432,-0.09073837,-0.19866014,-0.03629534,-0.17684916,0.004353013,-0.051074695,-0.22589739,-0.23159431,-0.087640636,-0.12634787,0.00043363828,-0.29185274,-0.4637202,0.1962744,0.03740386,0.011272688,0.06733024,-0.069892064,0.13218695,0.06309981,-0.06823074,-0.058426965,0.034398142,-0.04880058,2.0923221e-06,4.241435e-06,3.2699336e-05,1.6793438e-05,0.00021331024,4.4924756e-05,9.078784e-05,0.00080661016,0.00043104822,0.0037735642,0.0004845298,0.0009147478,0.00043948131,0.0002442634,0.0015103755,0.0005011875,0.00105463,0.001584759,0.00091568875,0.0038544987,0.0025386568,0.005738653,0.0055267825,0.0033185647,0.003021518,0.0010552936,0.0022859455,0.0017353804,0.0010824482,0.0018282444,0.0010836604,0.0025629553,0.0018318103,0.0011865413,0.0010113432,0.0003051658,0.0006499164,0.000651993,0.00042185368,0.0031617847,0.0013561806,0.0015271974,0.0014250476,0.00073673646,0.00068923115,0.0006254,0.0002484731,0.0001828946,0.00019707986,0.00019841945,0.00013947296,0.00019673262,0.0002752469,0.00049434527,0.00039558992,0.00031343155,0.00035204715,0.000391639,0.00039105376,0.0004384625,0.0005950262,0.0005823916,0.00031803094,0.00021408917,0.00014574999,5.5654644e-05,2.2353433e-05,5.261991e-05,0.00022643071,0.00030833684,0.00033676662,0.00033727763,0.00018785772,6.180045e-05,1.9168214e-05,1.418185e-05,1.0130985e-05,5.5936885e-06,1.2759201e-05,7.019905e-05,0.00021772433,0.0005160474,0.0007303491,0.0013250618,0.0023018338,0.0036418363,0.0030485326,0.0016113508,0.0010261466,0.0007987946,0.00038599744,0.00025465808,0.00025841658,0.00024980152,0.00016965218,0.00012641841,9.52256e-05,0.00017820786,0.00023790365,0.00033289316,0.0002722165,8.95256e-05,0.00010084628,0.0002625472,0.0007701871,0.0019429615,0.0015003753,0.002729054,0.004037062,0.0021579838,0.0007678787,0.00017118013,9.052987e-05,4.8400627e-05,3.8256952e-05,2.5411078e-05,9.527513e-06,4.45439e-06,4.4665608e-06,3.1317377e-06,1.8409885e-06,7.302001e-07,2.4295027e-06,6.4087076e-06,1.2021088e-05,9.903848e-06,6.600542e-06,5.86358e-07,0.43069747,0.43766052,0.41671625,0.3803183,0.2540282,0.21483913,0.26635936,0.35082865,0.42316973,0.5173755,0.46084648,0.391974,16.685839661909622,8.519497059303788,11.198990206587656,15.078097918831304,16.952074439387076,19.352111241141408,44.82702938226605,2540.0120026759314,1827.9250157022634,0.010746601,4333.411634290541,ABNORMAL
Cold (213),-570.6009,55.932144,-22.18734,41.298935,-38.24545,2.8794458,-25.876263,-1.0793017,-18.017105,-12.649582,-9.499646,-17.709988,9.632071,0.19114353,-0.1624173,0.043433517,0.03591182,-0.056870956,0.124428414,-0.13153397,-0.080559075,0.020304218,0.026037522,-0.03340702,0.0039237593,0.050061945,-0.16627914,0.18869525,-0.04515996,-0.024624595,0.02781697,-0.01847285,0.035832252,-0.012197666,-0.0416679,-0.007953213,0.026386429,0.026165506,-0.01823838,7.4714427e-07,1.5145678e-06,3.450027e-05,1.7718345e-05,0.0002277965,4.490909e-05,9.047801e-05,0.0008346211,0.00044601713,0.0033826919,0.0004963934,0.0009565673,0.0008939295,0.00049684546,0.0020550287,0.0005751379,0.0011898222,0.0015054409,0.00086985814,0.003329494,0.0021656384,0.004891757,0.0032432391,0.0019474076,0.0018035104,0.00066625956,0.0014554614,0.00032760273,0.00020434306,0.00041305422,0.00016784552,0.0003776514,0.0002507246,0.00016240495,0.00041658888,0.00013642925,0.0002970717,0.00074079726,0.00047931206,0.0012889729,0.00051984837,0.0005844085,0.0013970933,0.0004631668,0.00037064514,0.00017266664,9.656119e-05,6.7578156e-05,8.998969e-05,0.00012407222,0.00015211392,0.00016717237,0.0001493166,0.00011620915,4.9518425e-05,3.4906087e-05,5.1138573e-05,0.00012463811,0.00018457405,0.00033072676,0.0004593249,0.00029699755,0.00026702974,0.00029699356,0.00019581159,0.00017357117,0.00018786248,0.0003046144,0.0007372021,0.0011635004,0.00161359,0.0016063809,0.0007211426,0.00016135389,7.608163e-05,0.0001078393,6.841428e-05,2.640409e-05,1.8527526e-05,2.923471e-05,5.9000082e-05,0.00045525556,0.00064300443,0.0007659306,0.0027476791,0.0034212465,0.0015654819,0.0025138473,0.0032149837,0.0014214147,0.0008491112,0.0008785207,0.001611529,0.001022463,0.000596219,0.00035848768,0.00020850726,0.00021878087,0.00018819672,0.0001899987,0.000265632,0.0002624708,0.00026063077,0.0002797162,0.00046273935,0.0011605503,0.001332432,0.0015283098,0.0013210333,0.0016505071,0.00073696434,0.0002185904,5.2106665e-05,2.5272728e-05,9.967018e-06,3.9825404e-06,1.8653965e-06,1.491258e-06,4.061849e-06,2.8144245e-06,9.3216477e-07,4.1962258e-07,9.752029e-07,8.702416e-07,6.3701955e-06,8.596485e-06,3.890119e-06,2.350397e-07,0.45294487,0.4693491,0.42331752,0.26452303,0.27127177,0.26803163,0.34198996,0.45990777,0.42788267,0.4271018,0.44894135,0.41389254,16.63956034504281,8.216854274299846,11.18327274738879,14.025692527047362,17.82670902033794,19.04860538855664,47.991389228128085,2902.899080210766,1873.859724086448,0.0127687,4831.0171875,ABNORMAL
Cold (214),-561.18146,51.20959,-52.51794,41.495255,-26.349657,2.1488922,-21.64159,-14.871194,-23.29124,1.1465708,-6.958164,-23.186335,4.3992686,-0.1779729,0.20897175,-0.14300139,0.10190433,0.041099172,-0.11086292,0.079526514,0.010390171,-0.030964341,0.008279686,-0.0057748067,0.0095902495,-0.052446943,0.032589752,-0.06672992,-0.042459533,0.021369722,0.02055103,-0.037353873,0.053331133,-0.04938709,0.04784584,0.029181313,0.034848288,0.03820852,0.021090616,4.3769916e-07,8.8727853e-07,1.7881972e-05,9.183666e-06,0.00010731493,2.4994511e-05,5.072817e-05,0.00047523325,0.00025396215,0.0018297845,0.00022999087,0.00043265065,0.0005261852,0.0002924534,0.001598068,0.0003354393,0.0006685933,0.001243808,0.00071868405,0.002784596,0.001145885,0.0024971678,0.0028956695,0.001738709,0.0021790054,0.0006159004,0.0012853354,0.00076001184,0.00047405946,0.00031186745,0.0002220952,0.0005346205,0.00066506624,0.00043079155,0.0003520915,0.00014774037,0.00033985512,0.00039463097,0.00025533486,0.0006196696,0.00045881185,0.0005224754,0.0006451999,0.00024996285,0.00023863987,0.00024124143,0.00014466597,0.0001704124,0.00025829478,0.00042190045,0.0007266632,0.001300115,0.0021770212,0.0027264878,0.0022145975,0.001974439,0.0017836216,0.0013543195,0.0013222386,0.0013869448,0.001327964,0.0013358837,0.00082354376,0.000720819,0.0005851546,0.00045317365,0.0002422424,0.00012367545,0.0002097829,0.00044148773,0.00060700753,0.0005198571,0.0003005343,0.00015858519,9.2688715e-05,0.0001547938,0.0003190536,0.00032474095,7.156618e-05,0.0001303002,0.00032731553,0.0006442942,0.0012660589,0.0029423651,0.0053628776,0.0026067297,0.002302022,0.0028184818,0.0031015908,0.0019621106,0.00061859685,0.00023448622,0.00020164433,0.00044905048,0.0006642006,0.00044342384,0.00033981234,8.635145e-05,5.4356227e-05,4.9895527e-05,2.1584043e-05,2.4399425e-05,6.742932e-05,4.9962335e-05,4.623e-05,0.00016594799,0.00055657624,0.0009980696,0.00045049418,0.00038657075,0.000253145,0.00015250861,6.508032e-05,2.6316513e-05,1.8998435e-05,2.2614713e-05,2.3246246e-05,1.3850159e-05,2.6269916e-05,1.5609936e-05,7.5698144e-06,7.810085e-06,5.02065e-06,3.3075823e-06,4.104733e-06,4.6269247e-06,4.131232e-06,2.6531885e-07,0.28630462,0.22974938,0.24284433,0.20960708,0.1449698,0.2465892,0.32428205,0.36995003,0.52073807,0.58528197,0.40017653,0.37971345,16.61307785722328,8.482305451392001,11.20176964034103,13.555462678854285,18.67352693866856,20.560370139470297,46.34570873906807,2948.5091762454945,1743.2315267267327,0.016040327,4631.30673690581,ABNORMAL
Cold (215),-555.90045,55.65581,-42.6708,46.68,-29.64717,-1.8416866,-12.8212185,-13.694343,-27.389696,-8.5414505,-1.2468816,-21.971539,-4.063527,-0.21432175,-0.39164594,-0.08224097,-0.116367266,0.12955119,0.0023599707,-0.093933664,-0.16531113,0.09871336,0.106651075,1.4844148e-05,0.075350404,-0.0410613,-0.117368944,-0.16556391,-0.07695425,-0.073363766,-0.08505728,0.057903558,-0.05632716,-0.0465482,0.08068929,0.045656618,-0.008175362,0.0067595835,-0.017773347,4.722832e-07,9.573854e-07,2.1127502e-05,1.0850478e-05,0.00016357786,3.463345e-05,7.0006856e-05,0.00066465477,0.00035518804,0.0030133598,0.00042230755,0.00080835447,0.0006637564,0.00036891538,0.001973968,0.00033899856,0.0006529115,0.00094768533,0.0005475816,0.0028376053,0.0008648215,0.001819064,0.0030742604,0.0018459443,0.0032703658,0.0006963966,0.0013585875,0.0011250373,0.00070174516,0.0011791083,0.0010348383,0.0025317876,0.0018511482,0.0011990671,0.0006215719,0.00011544012,0.00020204607,0.0001843394,0.00011927162,0.00037277106,0.00016539393,0.00018641591,0.00028162025,0.00030697472,0.00034420006,0.00047001574,0.00024525088,0.0003762391,0.000645202,0.00085504254,0.0006950126,0.00054197345,0.0006369713,0.00090933,0.0006439541,0.00024469406,6.769123e-05,7.5274824e-05,0.00013744619,0.00018011373,0.00023927269,0.00025151108,0.00021810584,0.00018983446,0.000114459406,8.597943e-05,8.920315e-05,0.00014121486,0.00011877577,8.215794e-05,0.00020942204,0.00028707113,5.6661e-05,3.1116844e-05,3.0810632e-05,0.0032249908,0.06873091,0.06087434,0.0012355975,0.00017809292,0.0011985473,0.0064090383,0.003931497,0.0011438517,0.0014100636,0.0026684753,0.004713687,0.003635549,0.0015150006,0.0019018018,0.0015945568,0.0006321007,0.00026669458,0.00023322119,0.00039864413,0.00061459496,0.0009192624,0.0004464377,0.00011142472,0.0001908094,0.0001983974,0.00012170419,5.9254486e-05,6.3303465e-05,0.000111465735,0.0001128541,9.047074e-05,6.1548206e-05,5.4802458e-05,2.26848e-05,2.0117812e-05,1.3627071e-05,9.265801e-06,1.1467851e-05,9.990592e-06,4.9246955e-06,1.44045325e-05,1.8856044e-05,1.8523442e-05,1.2336845e-05,1.2533622e-05,3.911812e-06,2.199689e-06,2.0745244e-06,2.8015468e-06,4.8215848e-06,2.0848277e-06,1.6570962e-07,0.25159597,0.22716366,0.22320378,0.16912863,0.25191158,0.544081,0.30232003,0.2943438,0.30942613,0.3330188,0.3060493,0.26654077,17.812875064867768,8.923023753180802,12.758674265329311,13.434393970428934,21.189123276207994,21.88286232438134,45.172860062632026,2823.8819137906717,1684.8853978737834,0.010537423,4237.984035326087,ABNORMAL
Cold (216),-556.7522,59.849102,-24.323023,46.705322,-52.920353,-2.317764,-25.521961,-4.5320063,-16.541687,-12.983436,-3.8518662,-16.296347,0.5605543,-0.22661817,-0.3147971,-0.020612905,-0.033295825,0.0031387042,0.25678042,0.074724264,0.13346995,0.067925096,0.046060536,0.08163716,-0.00060442596,-0.0782428,-0.067406036,0.046712045,0.049277913,0.0048830463,0.09682174,-0.04736584,0.018326852,0.06834289,0.02037434,0.019058768,0.037015054,0.0050744386,0.024835827,4.5707597e-07,9.265581e-07,2.2029428e-05,1.1313679e-05,0.00017132524,5.2406864e-05,0.00010738916,0.0008568312,0.00045788614,0.003502749,0.00065113703,0.0012923179,0.00052757416,0.00029322534,0.00078583026,0.00042265156,0.0009203268,0.002990561,0.0017279747,0.0062576844,0.0020138384,0.004267098,0.0054871887,0.0032947902,0.0065717227,0.0014316132,0.0028106815,0.0035614118,0.00222144,0.0043437323,0.00085917,0.00160153,0.0005340214,0.00034590828,0.0002877115,0.00028049762,0.0007150392,0.0006237607,0.0004035868,0.00034538654,0.00013821831,0.0001553492,0.0001309409,3.631186e-05,3.282936e-05,2.9948362e-05,2.8285507e-05,4.239607e-05,5.3222193e-05,5.788369e-05,5.0646337e-05,0.00012267074,0.000104091756,5.065111e-05,2.7426899e-05,2.6557735e-05,2.790288e-05,3.383294e-05,3.7736678e-05,6.291376e-05,8.938582e-05,0.00014577288,0.0001581962,0.0001907686,0.00027610207,0.0002633152,0.00013206324,5.9085578e-05,7.3810654e-05,0.00012176556,0.00018824585,0.00026339098,0.00035715185,0.0002730762,0.000170107,0.00010486533,0.00011229657,0.0001417606,0.00011848601,8.274127e-05,0.0001203679,0.00019133519,0.00029223136,0.00037194398,0.0004479364,0.0010429594,0.001738266,0.0018271611,0.0010807448,0.0010546426,0.0013886509,0.0015451546,0.0019361606,0.0021341164,0.0018747965,0.0012088508,0.0006835642,0.001519437,0.0014418871,0.00048194363,0.00022829002,0.00035079045,0.00035753765,0.00028942508,0.00032133205,0.0005099056,0.00025489315,0.00029738637,0.00018223184,0.00010118327,0.000101876954,9.137359e-05,6.457067e-05,3.608652e-05,4.8213587e-05,3.849701e-05,1.594028e-05,1.2533198e-05,9.080922e-06,6.1073447e-06,6.9801167e-06,5.0673816e-06,4.3908453e-06,8.344976e-06,4.8037978e-06,5.6210597e-06,2.0777356e-06,1.7915015e-07,0.58106333,0.5297849,0.49302456,0.52343446,0.391972,0.30580264,0.2984087,0.28875676,0.29584002,0.36246485,0.50284916,0.5339831,16.836757901462292,8.883368030819895,11.451707558570847,13.870192143335768,16.115034521840396,17.022455194054313,46.027592032075255,2807.271166450484,1966.582632399224,0.019138321,5001.150259387352,ABNORMAL
Cold (217),-736.2704,91.779625,12.426732,29.876493,-41.629574,4.654525,-15.566612,-13.619638,-33.43766,-7.2008834,-20.077662,-7.650169,-12.926958,1.1650699,0.19702852,-0.0014477519,-0.2584358,-0.2655821,-0.22222362,-0.15014054,-0.005118915,-0.05650052,0.13034646,-0.07038995,0.0379226,0.024632763,0.15524368,-0.14416067,0.07256158,0.08515628,0.18431956,0.021073692,0.095755376,-0.048218224,0.096268676,0.033148065,0.0520427,0.034555588,0.03764759,5.525717e-06,1.1201414e-05,1.9403464e-05,9.96506e-06,2.6902038e-05,3.2373704e-05,6.784633e-05,0.0010236966,0.0005470581,0.005204826,0.0012661803,0.0025775642,0.000296783,0.00016495181,0.00012851473,0.0002965438,0.0006725569,0.001852875,0.001070609,0.0027031589,0.00030405534,0.00048754818,8.037456e-05,4.826102e-05,0.00034450946,0.00012522466,0.00027290627,0.00012834197,8.005365e-05,0.00012218572,2.3679786e-05,4.377319e-05,1.47851915e-05,9.576995e-06,5.2898613e-05,4.2163596e-05,0.00010571362,0.00019452506,0.00012586197,0.00041022824,9.932731e-05,0.00010954731,6.313958e-05,2.8499406e-05,2.6099988e-05,2.2429878e-05,2.1053598e-05,4.5335415e-05,0.00011398751,0.00017519752,0.00014467534,5.092742e-05,1.1519476e-05,7.0574356e-06,4.620776e-06,3.697539e-06,2.6084288e-06,1.558976e-06,1.8159142e-06,2.0934804e-06,1.6175563e-06,8.9518414e-07,9.005981e-07,1.3585725e-06,7.863037e-07,2.305186e-07,1.2632243e-07,2.231957e-07,6.4560845e-07,1.503619e-06,2.834675e-06,3.244342e-06,2.3998764e-06,2.446904e-06,7.660448e-06,7.4580826e-06,7.074838e-06,1.0546127e-05,9.61693e-06,1.2468213e-05,1.1934581e-05,1.1922958e-05,6.0682596e-06,3.4157374e-06,3.410154e-06,1.9983422e-06,2.6391829e-06,4.080766e-06,6.5263707e-06,1.0069305e-05,9.93722e-06,2.044241e-05,2.5031855e-05,1.8972603e-05,1.2958267e-05,1.7579363e-05,1.2554123e-05,1.7118839e-05,2.2538536e-05,1.7939175e-05,3.1072177e-05,6.1879924e-05,0.00013126415,0.0003975538,0.00016678414,5.7493544e-05,4.2294596e-05,2.9971472e-05,4.6720697e-06,1.2126765e-06,1.0672505e-06,1.4198714e-06,1.3742097e-06,2.6511e-06,2.0561458e-06,2.317292e-06,1.498421e-06,5.550796e-07,9.786209e-08,2.8670323e-08,8.892545e-09,8.119217e-09,9.191326e-09,1.0873424e-08,1.372699e-08,1.9618653e-08,3.6260847e-08,4.2240032e-08,0.66225445,0.48018244,0.37669042,0.32037786,0.27247187,0.23160578,0.1755461,0.17096639,0.21129316,0.2928785,0.475996,0.6196279,8.755409871488125,13.597408515585656,15.785303754118567,16.025707944849547,15.822339534229211,18.42617475407768,45.108254719216085,2003.102190506891,1649.2933096437612,0.0039199716,3306.045809659091,ABNORMAL
Cold (218),-747.76306,83.87823,11.372064,27.924488,-41.11459,0.52098936,-18.346626,-8.061657,-35.284153,-0.5799911,-19.370674,-12.270977,-15.903501,0.18287374,-1.367562,0.17900401,0.2799516,-0.2329382,0.35968646,-0.13739604,0.2597022,0.030346345,0.18452987,-0.1729543,0.30489194,0.07612321,0.042808827,-0.07072475,-0.0366012,-0.1658003,0.060398016,0.019649895,0.05370301,0.07860981,0.02527963,0.05256877,0.04137617,-0.0007252097,0.041228127,8.4200444e-08,1.7068628e-07,2.9564794e-07,1.5183626e-07,1.2003533e-06,1.4983613e-05,3.1616448e-05,0.00084950984,0.00045397368,0.0029180849,0.00044841992,0.0008696542,6.585505e-05,3.6602192e-05,1.456902e-05,0.00016620192,0.0003805895,0.0016426634,0.00094914646,0.0021229372,0.00044410976,0.0008748058,0.00032485253,0.0001950582,7.831017e-05,7.223212e-05,0.00017156069,0.00014593067,9.1024645e-05,0.000100019686,1.7480666e-05,3.0853083e-05,1.852903e-05,1.2002039e-05,4.7371843e-05,0.00010486028,0.00027833998,0.00036460135,0.00023590504,0.00028291147,5.3920143e-05,5.869108e-05,4.3695807e-05,1.230939e-05,1.3344925e-05,1.8988256e-05,2.9355504e-05,1.8603414e-05,1.1534095e-05,4.236427e-06,2.7680492e-06,6.447062e-06,1.7065673e-05,1.2007918e-05,4.9854825e-06,1.9345964e-06,9.970355e-07,8.223948e-07,1.205208e-06,1.0548018e-06,6.971957e-07,3.9389658e-07,2.767583e-07,3.9182103e-07,3.5104233e-07,1.3340508e-07,6.9517995e-08,8.5830955e-08,1.4315724e-07,1.5125623e-07,1.9995191e-07,5.4859487e-07,1.4774705e-06,4.1269527e-06,9.009112e-06,1.2029065e-05,8.921608e-06,3.2875023e-06,5.9629533e-06,7.3263673e-06,4.9572404e-06,4.5023e-06,8.476058e-06,2.214238e-05,4.2058327e-05,3.1596883e-05,2.6393465e-05,2.5293539e-05,1.1701883e-05,1.2151627e-05,2.2120765e-05,2.6870513e-05,1.0301368e-05,1.5886304e-05,3.1033553e-05,1.877448e-05,9.719918e-06,1.0175842e-05,1.05375475e-05,1.5114598e-05,5.5509972e-05,0.000116204465,5.3933774e-05,4.058868e-05,1.1927858e-05,1.2748144e-05,1.17837035e-05,9.003602e-06,9.040846e-06,4.5547745e-06,3.26931e-06,2.843247e-06,4.1398253e-06,5.4042075e-06,4.6700857e-06,3.7325196e-06,2.5590741e-06,8.41365e-07,2.1805607e-07,4.777617e-08,7.251046e-09,2.6526743e-09,2.4108997e-09,2.439002e-09,2.361351e-09,2.2923035e-09,1.3902796e-09,2.3041259e-10,0.65879256,0.5042522,0.36246517,0.27906135,0.20732433,0.17608422,0.16249429,0.17129605,0.20083529,0.2711472,0.44482833,0.64146036,9.662718582965377,13.301311249767378,15.358515065153346,16.134810896174375,17.26859809701189,17.546516449265297,47.00129815468935,2161.548006606506,1711.0478697446756,0.006873885,3374.3508078835225,ABNORMAL
Cold (219),-759.67523,82.10845,11.566626,29.81643,-35.51959,-3.04915,-16.034264,-10.868672,-35.541668,-6.635986,-24.585068,-7.575604,-16.572353,0.3171164,-0.0078575695,0.1496397,-0.27731398,0.22488622,0.08239307,-0.17919782,0.28926972,-0.19955419,0.16261923,-0.044488985,0.005163166,0.004411373,-0.25792715,0.39935225,-0.105578855,-0.04357075,0.12390598,-0.14258315,0.075324744,-0.07040166,0.03486899,-0.046900816,0.05689848,-0.16132616,0.055276055,3.967578e-08,8.042845e-08,2.2211528e-07,1.1407201e-07,8.975069e-07,9.576219e-06,2.0203986e-05,0.00079339696,0.0004239872,0.004019498,0.00082832365,0.0016615211,0.0001809542,0.00010057424,2.3030121e-05,0.00014483028,0.0003309944,0.0016645849,0.00096181297,0.0021410016,0.00028762931,0.0004982958,0.00011566883,6.945351e-05,2.074294e-05,3.6169153e-05,8.8075845e-05,0.00020982443,0.00013087856,0.00013661021,2.4375644e-05,4.344809e-05,9.434326e-06,6.111012e-06,8.815444e-06,4.0803414e-05,0.000110071145,0.00020803444,0.00013460283,0.0001269113,3.7353908e-05,4.155042e-05,2.722541e-05,8.313666e-06,2.7973887e-05,8.8647364e-05,0.00010579252,2.7952965e-05,1.330208e-05,9.140532e-06,5.8583687e-06,4.191079e-06,4.2150527e-06,2.0815626e-06,2.7282897e-06,9.479349e-06,9.289739e-06,3.5405562e-06,7.8178687e-07,2.745212e-07,5.9442056e-07,1.284935e-06,3.683807e-07,1.2818563e-07,8.90063e-08,2.235348e-07,1.5638751e-06,2.4742642e-06,2.126608e-06,2.0628706e-06,1.7630299e-06,1.4299939e-06,1.2113902e-06,8.7930715e-07,1.1229863e-06,1.3234404e-06,1.8714092e-06,3.5164057e-06,5.5640126e-06,2.7458777e-06,3.4965133e-06,4.3282553e-06,3.4495617e-06,2.6149037e-06,2.7210888e-06,3.5685139e-06,9.522812e-06,3.2187905e-05,3.934674e-05,2.2156328e-05,2.0868305e-05,1.9863506e-05,5.069904e-05,7.748472e-05,8.574859e-05,7.304923e-05,3.4052584e-05,1.2767218e-05,1.2170744e-05,6.887099e-06,4.8816287e-06,2.9295013e-06,1.5129366e-06,1.1331296e-06,1.394289e-06,2.0774078e-06,4.7861436e-06,1.8668494e-05,1.05834815e-05,2.8934319e-06,3.192016e-06,7.1702852e-06,1.0341138e-05,1.0428128e-05,8.961633e-06,6.582421e-06,2.8677632e-06,1.3205247e-06,3.9139397e-07,8.750608e-08,1.644893e-08,2.7794853e-09,2.3375017e-09,2.408629e-09,2.4031497e-09,2.5137001e-09,1.5404706e-09,3.2034603e-10,0.70432395,0.55551976,0.40499845,0.30434206,0.18301417,0.12901193,0.1392306,0.15059993,0.2120342,0.28822792,0.49448642,0.69374156,9.645572527432808,13.509336117393357,16.4399933411998,15.728286195062022,16.765770174891642,17.607009561980803,45.98208147727161,2043.2099052133647,1657.5209595758977,0.005343467,3002.2867838541665,ABNORMAL
Cold (22),-595.1533,88.64208,19.237234,-2.9592235,-13.988082,-21.578878,-22.22525,-3.390817,-8.382257,-19.475546,-0.49983156,-27.206282,-9.976867,-0.14493509,-0.036759682,0.050400577,-0.021193486,0.07898515,-0.0331718,0.07922767,0.020563552,0.02297696,0.035369307,-0.00915263,-0.020560006,0.015420608,-0.20238541,0.0500653,-0.06420026,-0.02258875,0.07962537,0.030577442,0.0175163,0.053740572,0.043223597,0.011125203,0.06294433,0.060813673,0.059221417,1.8098257e-06,3.668774e-06,5.799625e-06,2.9785206e-06,2.6207219e-05,0.0005411739,0.0011422415,0.018792883,0.010042818,0.053812347,0.008388067,0.016298667,0.0042120526,0.0023410565,0.0012091231,0.00048355752,0.0010332763,0.002425285,0.0014013527,0.00691531,0.002400374,0.0051345616,0.008202304,0.0049250857,0.007837164,0.0012020712,0.0020876257,0.0046620388,0.0029079593,0.010012123,0.002089849,0.0039779097,0.0018084856,0.0011714328,0.0017397652,0.00042995962,0.00085797947,0.0003810993,0.0002465796,0.00035497663,7.474855e-05,8.184268e-05,8.389647e-05,1.6318887e-05,1.4323097e-05,1.3258466e-05,1.29644195e-05,8.826594e-06,9.283158e-06,1.1048258e-05,1.4590192e-05,1.2081641e-05,9.619462e-06,1.2601586e-05,1.2634406e-05,9.042323e-06,6.5955037e-06,7.688199e-06,9.883684e-06,8.944369e-06,8.481294e-06,1.2718175e-05,1.2028754e-05,7.887074e-06,7.683477e-06,9.445723e-06,8.266503e-06,1.5947095e-05,3.3455315e-05,3.1614756e-05,1.9086447e-05,7.602447e-06,6.4963024e-06,1.5588026e-05,4.6376375e-05,6.7890214e-05,4.739775e-05,2.128634e-05,1.5954167e-05,1.6011067e-05,8.632746e-06,8.1925655e-06,5.2913283e-06,3.9954143e-06,3.7092905e-06,2.5585564e-06,4.5881534e-06,7.9163e-06,4.6785262e-06,3.7052268e-06,2.7347337e-06,3.05929e-06,3.8099847e-06,3.4722707e-06,3.2880423e-06,2.9456462e-06,2.7865658e-06,2.4084502e-06,3.852135e-06,5.9138742e-06,9.461424e-06,1.1843581e-05,1.7338127e-05,3.858272e-05,0.00019375714,0.00024510597,0.00015754871,6.22178e-05,2.0730842e-05,1.0850394e-05,1.0814054e-05,1.5309972e-05,1.0473518e-05,4.9658775e-06,1.9663023e-06,2.8879397e-06,5.8283254e-06,7.864538e-06,7.080226e-06,3.5801368e-06,5.1651914e-06,3.796195e-06,1.9655397e-05,9.8318225e-05,0.00028006165,0.00044789526,0.00021554281,2.8472357e-05,0.5503842,0.49793336,0.43858737,0.47450304,0.4792267,0.34253094,0.3204579,0.35310507,0.3621759,0.40175793,0.4344543,0.50353324,9.65186435662262,12.730997414545724,10.81668355731307,14.992593343156711,14.088762866256486,16.31021346309536,37.96166028373923,2653.234814807006,2466.9669628914953,0.032465637,4580.300458889563,ABNORMAL
Cold (220),-757.9217,86.791374,20.634909,36.550484,-31.988392,-0.99446595,-21.240082,-9.421023,-36.402225,-7.9642553,-21.15336,-11.051545,-13.838326,-0.47468466,0.06363059,-0.0012553004,-0.23564766,0.1496017,0.17317948,0.032800302,-0.0515594,0.13940486,-0.060707867,-0.035311658,-0.046037823,0.027912797,-0.35562423,-0.048655532,-0.026874691,0.010816722,0.08471543,0.066625,0.06790607,0.064051025,0.10174842,0.0035775688,0.046317037,0.028791925,0.060247198,5.9372404e-08,1.2035632e-07,2.6815025e-07,1.3771425e-07,1.4347545e-06,2.5402376e-05,5.361222e-05,0.0010645901,0.0005689114,0.0036850148,0.00062620407,0.001230118,0.00011386161,6.328421e-05,7.9799844e-05,0.00083670276,0.0019155748,0.003989837,0.002305366,0.002688171,0.00025275876,0.00036598623,2.611244e-05,1.5679252e-05,8.373825e-05,0.00016190378,0.0003953238,0.00026309915,0.00016410883,5.9222482e-05,6.016274e-06,6.9300377e-06,7.730894e-06,5.0076274e-06,0.00014349018,8.422636e-05,0.000204242,9.1569775e-05,5.924765e-05,5.0060295e-05,4.892179e-06,5.0103054e-06,1.9893134e-05,3.565349e-05,3.5114394e-05,3.4328754e-05,8.622855e-06,2.0923285e-06,1.0342212e-06,2.7882081e-06,9.628475e-06,1.8769098e-05,2.8262743e-06,5.9590036e-07,2.1876397e-07,1.8571967e-07,2.8321023e-07,2.8484354e-07,1.2988781e-07,9.940423e-08,2.4342853e-07,2.6460106e-07,1.758661e-07,1.5231247e-07,1.2639208e-07,1.4945438e-07,1.82035e-07,1.8973974e-07,3.9459124e-07,1.9636868e-06,4.1367903e-06,2.984006e-06,2.7226158e-06,2.9775488e-06,1.2228179e-06,1.2638889e-06,2.8817894e-06,2.1171054e-06,1.9951124e-06,3.0689175e-06,2.6488235e-06,2.8711167e-06,3.2678488e-06,3.6819297e-06,7.378907e-06,2.0575073e-05,3.8594007e-05,5.003717e-05,0.00016895644,0.0001681987,5.0287766e-05,3.0025967e-05,2.9569253e-05,2.0196152e-05,2.5387626e-05,1.918991e-05,1.911105e-05,1.3403853e-05,1.5954174e-05,1.529647e-05,8.9762425e-06,5.8323935e-06,6.5918275e-06,4.5266634e-06,4.636855e-06,5.355492e-06,6.4189826e-06,6.332352e-06,5.099215e-06,3.8445987e-06,3.2705843e-06,3.842451e-06,3.948192e-06,3.24215e-06,2.1082622e-06,1.2593702e-06,4.504662e-07,2.8527663e-07,9.914818e-08,3.3355985e-08,7.954415e-09,2.4648932e-09,2.221745e-09,2.2321642e-09,2.2706972e-09,2.369906e-09,1.3066698e-09,1.8761562e-10,0.5831256,0.4216187,0.34231773,0.2906631,0.21881218,0.21809903,0.19801337,0.20617238,0.30586708,0.42136303,0.61176986,0.6716049,10.130806062469244,14.038313000884484,16.41858519377349,15.057740341882257,16.298489766038138,16.93116816532074,46.09280903172894,1907.532859803251,1768.4896532759099,0.006364286,3151.50390625,ABNORMAL
Cold (221),-725.5241,110.28967,-6.4741745,30.463484,-25.541178,-15.471099,-19.721533,-12.112179,-38.451996,-3.0071104,-24.307898,-16.836445,-16.199905,-0.17471236,-0.24705061,-0.12219808,0.20327692,0.20081998,0.06069473,0.028590538,-0.088774666,-0.051552627,0.039544754,0.060072016,-0.023845386,0.010872572,-0.3099602,0.0048981556,0.03221231,-0.030592943,0.08538309,0.02053326,0.04216719,0.044367455,0.04610988,0.055817965,0.050446507,-0.022564283,-0.019987904,5.0954156e-08,1.0329133e-07,2.3098498e-07,1.1862723e-07,1.4879595e-06,4.670129e-05,9.8585966e-05,0.0012853009,0.00068685814,0.004295348,0.0010409417,0.0021183866,0.00032519104,0.00018074096,0.00012696646,0.00030322795,0.0006879986,0.0015540456,0.00089794246,0.0029145328,0.00057662174,0.0011217312,0.00047371155,0.0002844408,0.00037906112,0.000106758576,0.00022263719,0.00011798458,7.3593204e-05,8.729198e-05,3.1737804e-05,7.004328e-05,0.00011080098,7.177048e-05,0.00030292574,5.2379415e-05,8.7845445e-05,4.4681798e-05,2.8910097e-05,5.1135787e-05,2.6205116e-05,2.9638126e-05,2.5457244e-05,1.0518448e-05,1.1855768e-05,1.7314924e-05,6.207081e-06,6.9320126e-06,1.1523188e-05,1.4685046e-05,9.447136e-06,4.6017963e-06,6.2238205e-06,6.613464e-06,6.241027e-06,5.063115e-06,4.734126e-06,4.415422e-06,4.5403235e-06,1.0873636e-05,1.2406049e-05,5.5420387e-06,5.040486e-06,3.4356185e-06,1.310938e-06,7.411374e-07,5.2964356e-07,7.045006e-07,2.0986147e-06,1.8117015e-06,1.7578104e-06,1.4951623e-06,1.6140508e-06,3.3216168e-06,5.3519966e-06,5.62968e-06,5.5710284e-06,6.108447e-06,7.388956e-06,1.5120386e-05,2.1830334e-05,2.7768016e-05,3.379613e-05,1.4573e-05,4.288115e-06,3.1589755e-06,4.9053365e-06,7.367172e-06,9.369076e-06,2.7379424e-06,6.818245e-07,6.873934e-07,6.7717093e-07,1.0928072e-06,1.8905415e-06,5.0801027e-06,2.0521447e-06,2.7442192e-07,1.7138358e-07,9.6647426e-08,6.393468e-08,5.8551855e-08,5.8527153e-08,6.493397e-08,4.8654332e-08,5.9421293e-08,7.927972e-08,1.0627926e-07,9.548683e-08,1.05914886e-07,1.2507604e-07,1.4959241e-07,1.9741289e-07,3.8400114e-07,3.4912827e-07,1.6629778e-07,6.414931e-08,3.5753356e-08,1.694939e-08,5.072773e-09,2.211728e-09,2.0953677e-09,2.3346127e-09,2.4316036e-09,2.5488316e-09,2.3599385e-09,1.4597867e-09,3.1852532e-10,0.6352312,0.53040344,0.42499882,0.3320578,0.2415192,0.18919235,0.15292004,0.18139066,0.27117592,0.38900903,0.5198574,0.6250648,9.623810412696548,15.682158182944631,16.997483664305832,17.056349708163697,17.846149399794736,18.6980975814048,45.1624464916148,1387.6653247393726,1733.59781623605,0.003293983,2593.7969738924053,ABNORMAL
Cold (222),-754.9381,110.13108,8.572175,22.666834,-26.611557,-13.01226,-16.53481,-5.959462,-37.541153,-12.0666275,-23.34069,-11.85323,-18.06937,0.4271744,0.033682555,0.030240677,0.00058392895,-0.011592147,-0.03817119,-0.03405206,-0.06909737,-0.01601204,-0.01692245,-0.048683167,-0.054492187,-0.0030813364,-0.047128692,-0.0441406,0.025212593,-0.08209984,0.08234363,-0.013679722,0.09387807,0.01478101,0.06873999,-0.018890005,0.0019928822,-0.0052967616,-0.019848064,4.7280448e-08,9.584419e-08,2.3294264e-07,1.1963265e-07,1.4134812e-06,1.7246033e-05,3.6389698e-05,0.0010662477,0.0005697972,0.0030300757,0.00035944293,0.0006693238,7.4577954e-05,4.145038e-05,1.9228999e-05,0.00023108105,0.0005292229,0.0018929787,0.0010937812,0.0016882162,0.0001651743,0.00024526875,3.1385716e-05,1.8845598e-05,3.0398509e-05,6.938599e-05,0.00017006588,0.00020852471,0.00013006786,0.00015361469,2.0165102e-05,2.9903964e-05,8.616936e-06,5.5815535e-06,0.0002286827,0.00021107045,0.0005358234,0.00035530998,0.00022989335,0.00017797972,9.989238e-06,9.252823e-06,2.6825293e-05,7.961951e-05,7.773772e-05,7.287395e-05,2.5897336e-05,1.3057984e-05,8.275941e-06,7.488103e-06,1.82278e-05,3.5381323e-05,1.790326e-05,9.613692e-06,4.1218627e-06,3.2162163e-06,9.50362e-06,1.1769275e-05,7.747397e-06,3.8447088e-06,1.9138406e-06,4.4864496e-06,2.8555012e-06,6.724452e-07,2.785656e-07,4.1342884e-07,6.6023193e-07,7.667761e-07,2.034279e-06,3.2851035e-06,4.167227e-06,4.101791e-06,3.9889846e-06,2.803077e-06,3.5297533e-06,7.819552e-06,1.2291863e-05,1.1650086e-05,1.255141e-05,1.194797e-05,6.6054586e-06,3.6479814e-06,2.5986558e-06,1.5327412e-06,6.988751e-07,6.152796e-07,4.7329476e-07,5.7688976e-07,6.484059e-07,6.5812026e-07,6.8936123e-07,9.028826e-07,1.0837915e-06,3.9802964e-07,3.7683452e-07,2.7228077e-07,4.2114297e-07,7.6612446e-07,2.6321206e-07,3.7562674e-07,4.5699812e-07,4.901875e-07,5.6540216e-07,9.593315e-07,1.6026365e-06,1.1486667e-06,1.0082911e-06,1.3089382e-06,7.81933e-07,4.982917e-07,4.0970335e-07,4.520948e-07,8.162659e-07,1.3435867e-06,1.3492581e-06,8.731675e-07,2.0032638e-07,1.8834501e-07,6.198342e-08,1.5471127e-08,5.9130607e-09,4.904857e-09,5.382188e-09,5.5968776e-09,6.6507804e-09,8.8557535e-09,1.3338439e-08,1.40865275e-08,0.6890273,0.4901295,0.3537029,0.26550645,0.1801208,0.16992731,0.17699279,0.18190764,0.22920063,0.32717416,0.5770384,0.7635368,11.209700245446696,14.807579977485963,17.52304385312591,17.299797456135067,17.408570936215188,16.88671089632855,44.40842061964055,1559.448675247081,1745.440212624772,0.004228734,2632.150750411184,ABNORMAL
Cold (223),-745.42993,94.25506,5.9468603,25.013119,-31.740139,-11.382913,-12.3878565,-6.3730993,-37.561207,-1.4521382,-24.740288,-6.4519954,-15.949167,-0.24012823,-0.124922246,0.09369794,0.0077565024,0.12042729,-0.004337159,0.17416073,0.028380841,0.16822691,-0.089777954,-0.025948575,-0.15516588,-0.008171769,0.023196097,-0.14840382,0.059288446,-0.03299181,0.024756445,0.062833786,0.12278613,0.055692658,0.034407377,0.006068278,0.036594335,-0.026497083,-0.027162949,2.1759058e-07,4.4108708e-07,1.1207484e-06,5.755842e-07,3.0724939e-06,2.3928034e-05,5.0467712e-05,0.00094009214,0.00050238037,0.003853283,0.00059967686,0.0011649716,4.720092e-05,2.623424e-05,2.2409671e-05,0.000117613796,0.0002685587,0.0006261528,0.00036179705,0.0011913676,0.0002564954,0.00050833926,5.2173677e-05,3.132776e-05,0.00011630137,8.5002794e-05,0.00019905664,0.00014060548,8.7703054e-05,0.00012999514,4.4091288e-05,9.600871e-05,2.7589602e-05,1.7870954e-05,9.440632e-05,5.1003248e-05,0.00012230099,0.00015938189,0.00010312356,0.00012901117,5.1811323e-05,5.823877e-05,6.0690072e-05,1.4440766e-05,1.3938554e-05,1.5971089e-05,3.4730674e-05,1.4364233e-05,1.5780406e-05,2.0737078e-05,2.181849e-05,3.8657004e-06,3.1954978e-06,2.3832865e-06,1.8510012e-06,3.1964398e-06,2.1288436e-06,5.8514684e-07,2.2618772e-07,2.737449e-07,4.2023154e-07,6.2448373e-07,5.663512e-07,3.186204e-07,1.3408469e-07,3.860603e-07,1.1592775e-06,1.6614226e-06,2.5569466e-06,1.292245e-06,4.6822106e-07,5.27858e-07,1.0460939e-06,1.3811242e-06,2.2212935e-06,6.701773e-06,1.38885325e-05,2.605486e-05,3.039091e-05,3.1371736e-05,2.759717e-05,2.6267368e-05,0.00010607382,0.00027208056,0.00028218413,0.00039352252,0.00024072538,0.00010192221,8.935987e-05,4.9183127e-05,1.5790964e-05,1.1717372e-05,6.2115614e-06,2.486819e-06,1.4480477e-06,1.732538e-06,2.0045525e-06,2.831785e-06,5.0280637e-06,1.6356933e-06,8.198971e-07,7.6667345e-07,4.162119e-07,5.280047e-07,5.486748e-07,5.6499977e-07,4.8412807e-07,5.9533465e-07,4.6275446e-07,4.3117737e-07,5.053174e-07,1.4909149e-06,3.6454678e-06,9.903947e-06,1.1686542e-05,3.4989525e-06,1.345763e-06,7.0350865e-07,5.1446096e-07,9.0654936e-08,9.810901e-09,6.020618e-09,6.529293e-09,7.061666e-09,8.41558e-09,1.1010663e-08,1.9645213e-08,2.1300446e-08,0.6164979,0.46549532,0.3253391,0.24547707,0.18732558,0.1608532,0.13413765,0.19188693,0.31346762,0.42519888,0.5986811,0.6513977,9.348732958210352,14.341146132664496,16.328015885645343,17.230814241019676,18.57625412187722,18.771766227397,45.94550303908221,1897.1929717326907,1733.2647075928298,0.0040054442,2952.212451405502,ABNORMAL
Cold (224),-733.2469,110.716515,2.8260388,36.05159,-27.169125,-14.5882435,-12.673124,-7.929543,-35.523678,-6.93694,-26.467552,-9.779071,-14.250524,0.09410504,-0.21525156,-0.030605296,0.21080078,-0.030072687,-0.046564378,0.010039367,0.01608301,-0.07401283,-0.12165914,-0.009271148,-0.025065793,-0.07202724,-0.33899024,-0.06046491,0.022978159,-0.0722063,0.023346337,-0.029834636,0.040541094,0.006222344,0.07546861,0.08074174,0.0051279147,-0.021513602,-0.09007741,1.8180096e-07,3.6853643e-07,7.6056585e-07,3.9060475e-07,2.164657e-06,3.893462e-05,8.2172955e-05,0.0015781623,0.0008433618,0.0058895564,0.0007946112,0.0015121675,6.98714e-05,3.8834485e-05,0.000103353465,0.00040293805,0.0009183802,0.0020858597,0.0012052295,0.002762103,0.0003437185,0.00057732075,3.244883e-05,1.9483947e-05,0.0002141387,0.00027596703,0.0006654473,0.0003776026,0.00023553066,8.822399e-05,8.982312e-06,1.0375614e-05,1.0579188e-05,6.8525883e-06,0.00017347014,8.5544714e-05,0.00020235516,9.762014e-05,6.316236e-05,6.4574786e-05,1.0801411e-05,1.1655182e-05,1.7528646e-05,1.8351471e-05,1.8388437e-05,1.9373103e-05,1.7462193e-05,1.3917743e-05,1.1413866e-05,1.09465955e-05,1.9961279e-05,2.6902204e-05,1.0202765e-05,4.2439838e-06,1.8068938e-06,1.1110823e-06,1.1152609e-06,6.7472786e-07,5.7388314e-07,1.1166188e-06,4.0704886e-06,3.4130478e-06,1.7346276e-06,1.9901374e-06,1.7061489e-06,2.567661e-06,1.6564392e-06,8.185108e-07,7.430928e-07,1.1846689e-06,4.5580286e-06,4.757139e-06,2.804438e-06,6.5572485e-06,1.36915705e-05,1.4870679e-05,2.454957e-05,3.2319236e-05,2.9954672e-05,3.0371106e-05,2.6636279e-05,2.90245e-05,1.948417e-05,1.7215021e-05,2.2344739e-05,1.4351789e-05,4.4244002e-06,2.160028e-06,1.7082027e-06,1.994619e-06,2.4054666e-06,3.6562174e-06,3.864883e-06,7.358499e-06,4.825032e-06,1.18808e-06,3.929678e-07,2.699371e-07,1.6025128e-07,1.3920099e-07,1.3197781e-07,1.3505246e-07,1.048582e-07,9.38707e-08,6.739385e-08,6.947892e-08,7.4627614e-08,1.238872e-07,1.0584217e-07,1.05009526e-07,1.1769196e-07,1.5389725e-07,2.6944295e-07,6.4142074e-07,5.812114e-07,2.1104557e-07,9.596532e-08,4.5700585e-08,2.5970763e-08,7.080912e-09,2.1493765e-09,1.9319426e-09,2.0506639e-09,2.0654056e-09,2.355533e-09,2.3526139e-09,1.3323993e-09,2.0008897e-10,0.58583736,0.3887979,0.27136075,0.20472865,0.21952423,0.22819184,0.21749884,0.27736032,0.39717436,0.5249113,0.6987217,0.72155976,9.886812279725236,14.71858820716593,17.350828634375226,16.629053436821355,18.425437034784476,18.848499905634885,44.16727204307838,1418.9158349934219,1725.604188263746,0.002476221,2489.1901623603353,ABNORMAL
Cold (225),-756.5007,102.70057,19.38954,19.753963,-34.473278,-8.090202,-23.916628,-4.5686846,-35.39095,-8.607325,-22.51337,-6.6690683,-13.550744,-0.7973204,-0.1679602,0.13152203,0.13364853,0.27370432,0.0581717,0.05621272,0.027837383,0.16528031,0.07768679,0.07167618,-0.009337981,-0.047616944,-0.3564014,-0.21340598,-0.0011547783,0.017679365,0.10184081,0.025004478,0.04138709,0.023663383,0.04538445,0.023803696,0.011773298,0.036868494,-0.020485925,1.04115756e-07,2.1105745e-07,4.058823e-07,2.084495e-07,1.1128791e-06,2.2417013e-05,4.7314472e-05,0.0008756258,0.0004679299,0.0024054646,0.00032001903,0.00060765806,5.6529356e-05,3.141898e-05,6.701157e-05,0.00040663237,0.00092916633,0.002407541,0.0013911002,0.0024868625,0.00031868176,0.00054186763,9.9271245e-05,5.9607562e-05,0.00038200605,0.00021490431,0.0004929228,0.00018027835,0.0001124491,6.523462e-05,9.978963e-06,1.640231e-05,2.2706383e-05,1.4707887e-05,0.0002173344,0.00012109512,0.00029162318,0.0001661833,0.00010752423,0.00014806946,2.3238477e-05,2.4957344e-05,1.3962159e-05,1.681127e-05,1.7163062e-05,1.8893319e-05,1.1660649e-05,6.345186e-06,4.8040115e-06,4.5139577e-06,7.4094232e-06,9.222436e-06,1.4464364e-06,8.162574e-07,6.561128e-07,3.396069e-07,2.2620965e-07,1.8506876e-07,1.8797928e-07,3.5856047e-07,3.4276735e-07,2.2783993e-07,2.4202916e-07,3.676632e-07,6.0130276e-07,7.219887e-07,5.305466e-07,9.33974e-07,2.2488628e-06,1.4786086e-06,9.731066e-07,1.2309382e-06,9.296448e-07,1.0136231e-06,1.9505696e-06,1.9591246e-06,1.925658e-06,7.487699e-06,1.36726185e-05,1.01797405e-05,9.4217285e-06,3.9981965e-06,1.6293991e-06,1.2143356e-06,7.821385e-07,5.027751e-07,3.477584e-07,4.0365322e-07,3.6578822e-07,3.9198935e-07,5.632481e-07,8.953826e-07,1.3965779e-06,1.0439387e-06,7.1816874e-07,1.3534549e-06,3.5375451e-06,6.413001e-06,4.4070925e-06,6.0753264e-06,7.655154e-06,4.7186695e-06,1.0260058e-05,6.795732e-06,3.2198068e-06,8.1798835e-06,7.7684845e-06,6.447088e-06,1.7753157e-06,2.9174922e-07,3.6588983e-07,8.457837e-07,1.0328475e-06,8.798064e-07,8.347404e-07,5.532633e-07,2.337663e-07,1.1580499e-07,3.7779404e-08,8.864578e-09,3.2087304e-09,2.123413e-09,2.112033e-09,2.1898123e-09,2.262571e-09,2.2579618e-09,1.2798373e-09,1.5680145e-10,0.58796597,0.41528574,0.28481412,0.22385211,0.21936302,0.22190642,0.20324266,0.23269126,0.28392056,0.40309528,0.5599058,0.65530014,9.485901622392658,13.781517864164682,17.251841100138748,16.754298448004153,15.739581669304538,17.2065326272688,46.1702452716357,1822.8629748355324,1814.5715964490262,0.0052055735,3000.29296875,ABNORMAL
Cold (226),-690.3815,122.03496,6.8797107,21.107056,-28.9885,-5.682211,-21.284122,3.1070027,-34.172276,-2.54843,-20.12771,-6.748047,-17.514061,0.1613326,0.25463685,0.0028588714,-0.049177207,0.07271084,-0.04594848,0.12928,0.17709288,0.089271404,-0.005205618,-0.058418695,-0.055351444,0.00078326964,-0.032291282,-0.064435266,0.01804468,0.03900969,-1.8537925e-05,0.0029438727,-0.03473366,0.026307657,0.06855297,0.104129545,-0.05908345,-0.027428322,0.022584943,4.136327e-07,8.384924e-07,3.4598895e-06,1.7768997e-06,5.890151e-05,9.120734e-05,0.00019146805,0.0016957028,0.0009061747,0.0057352176,0.000926457,0.0018085502,0.00018905122,0.000105074556,0.00013344962,0.0005091734,0.0011603319,0.0036840662,0.0021286884,0.0055453978,0.0008394868,0.0015170377,0.00026058994,0.0001564716,0.0008242538,0.00061297,0.0014371255,0.0010136341,0.000632257,0.0005337062,5.739444e-05,7.076245e-05,0.00022368487,0.00014489016,0.0007406352,0.00044889672,0.0010929584,0.0010106099,0.00065388676,0.00041981565,5.5121414e-05,5.8313413e-05,9.887589e-05,2.7421105e-05,4.13973e-05,8.914345e-05,7.21747e-05,4.0218547e-05,4.4132776e-05,4.5768862e-05,2.2290058e-05,2.3642e-05,3.706463e-05,1.797375e-05,6.719754e-06,2.729509e-06,1.9316406e-06,3.26973e-06,4.795735e-06,4.9498008e-06,4.6785226e-06,5.012083e-06,4.1394765e-06,3.3794788e-06,2.4606913e-06,2.0304583e-06,1.7511682e-06,2.245346e-06,7.2098405e-06,7.795911e-06,5.8311402e-06,4.6750533e-06,4.785461e-06,9.966716e-06,1.7054743e-05,2.7153994e-05,2.2029923e-05,2.9260933e-05,3.4526216e-05,3.5108365e-05,2.7827495e-05,2.1435004e-05,1.7418577e-05,1.1572641e-05,4.43053e-06,1.7094442e-06,1.2076365e-06,9.988405e-07,6.0582533e-07,6.1346014e-07,8.1695697e-07,1.6912691e-06,2.0693435e-06,3.2449157e-06,2.5673128e-06,1.3492779e-06,1.4169306e-06,1.7387143e-06,2.9340692e-06,1.0039467e-05,2.4149214e-05,4.1853724e-05,2.179711e-05,2.353795e-05,4.830826e-05,3.535985e-05,2.0386282e-05,4.9013077e-05,0.00012743864,0.00010328358,2.2647633e-05,8.184974e-06,6.7025217e-06,4.6819405e-06,4.9477153e-06,4.9545924e-06,1.9928623e-06,1.0595043e-06,2.270236e-07,4.749479e-08,1.2560101e-08,5.2879656e-09,4.6724846e-09,2.7373825e-09,2.535163e-09,2.4219973e-09,1.4475178e-09,3.1894445e-10,0.62230736,0.44886577,0.3255357,0.26493853,0.2772844,0.32964593,0.30084252,0.24723542,0.28517306,0.3712697,0.55441684,0.6905339,12.426182305427682,11.153980708749376,15.194364197660317,16.901063612659826,17.322022178313773,17.739723485707415,46.455218531487084,1745.1632017260129,1759.921615103934,0.004500074,2909.846443965517,ABNORMAL
Cold (227),-688.21686,121.56168,-2.3232336,22.077059,-25.93147,-7.5793457,-20.717724,-3.9762447,-39.16502,-1.2555965,-19.829872,-12.394698,-15.083709,0.22881922,-0.08733488,-0.15932596,-0.07632558,-0.00017203456,0.08598783,-0.028884733,0.11273723,-0.07224841,-0.07555765,-0.12756611,-0.1338445,-0.04608798,-0.24326998,-0.055839967,0.003124631,-0.07186419,0.1233319,0.056338124,0.08993342,0.038981408,0.06585219,-0.033102077,-0.0022338163,0.0050189937,0.021495353,2.5330993e-07,5.1349525e-07,2.1115034e-06,1.0844074e-06,3.2781492e-05,5.9595917e-05,0.00012521642,0.0015242841,0.00081456953,0.004539882,0.0005974231,0.0011324178,0.00024605365,0.00013675645,0.00014908709,0.00086733425,0.0019814924,0.0050460347,0.002915647,0.0050208266,0.000718993,0.0012751076,0.00014871723,8.929748e-05,0.0003355495,0.0003234243,0.0007699473,0.00071432104,0.0004455597,0.00066265534,8.706174e-05,0.00012919315,0.00011650383,7.5464464e-05,0.0022544523,0.0010473423,0.0024535349,0.00063822186,0.00041294348,0.0002827378,6.818808e-05,7.5189695e-05,0.00013189382,0.000117089556,9.722164e-05,4.428785e-05,2.0002437e-05,2.1547332e-05,5.2876607e-05,0.00010235266,0.0001603066,8.4722255e-05,2.0108579e-05,1.6379588e-05,1.20178975e-05,2.9384923e-05,4.2392916e-05,2.3047522e-05,8.999029e-06,8.379034e-06,1.5175943e-05,2.2088903e-05,6.0696116e-06,2.0438192e-06,2.6114649e-06,3.589103e-06,1.2110577e-06,3.8395473e-07,1.9808608e-06,3.1780623e-06,1.9562121e-06,1.4770501e-06,2.075337e-06,4.06781e-06,7.4642508e-06,9.513484e-06,1.4683133e-05,1.2991249e-05,1.0293648e-05,1.6581324e-05,1.9952953e-05,2.8081613e-05,1.136982e-05,3.5337814e-06,2.6150228e-06,2.215567e-06,2.4289568e-06,2.295978e-06,1.9510378e-06,4.4659573e-06,3.9271995e-06,1.0278658e-06,6.793653e-07,5.972723e-07,5.1218433e-07,5.6199934e-07,6.6493465e-07,4.9889184e-07,4.773008e-07,7.0352485e-07,1.2904419e-06,4.155711e-06,6.0731736e-06,4.858394e-06,3.7429738e-06,7.4731975e-06,1.2366399e-05,1.9394136e-05,2.2674529e-05,2.4319126e-05,2.3909406e-05,1.9687255e-05,1.4185832e-05,8.207927e-06,7.5119215e-06,2.7895567e-06,1.2547923e-06,5.516342e-07,3.2999563e-07,7.139876e-08,2.4477014e-08,6.2517604e-09,2.6708684e-09,2.412768e-09,2.5284015e-09,2.5331988e-09,1.5795607e-09,2.875764e-10,0.57056385,0.37481365,0.24778737,0.18966605,0.1926501,0.20128572,0.208953,0.25765613,0.3033059,0.42822042,0.62935305,0.6672513,12.934192510379058,11.912329910401866,16.326526829851815,16.341836305001376,17.964540644787352,17.964656275546634,46.245287346137204,1602.3797336462674,1662.8936139695168,0.0034289532,2639.689835258152,ABNORMAL
Cold (228),-745.11383,92.08044,14.108517,21.979818,-33.130596,4.587258,-18.831852,-7.087105,-34.306084,-8.013926,-25.187584,-4.3445897,-15.580255,0.15779626,0.35074013,0.20831694,-0.506129,-0.33763394,0.009563757,0.14916453,-0.015478893,0.047399156,0.054638047,-0.09970391,0.02057348,0.18915145,-0.2753526,-0.19484594,0.022674162,-0.0002621607,0.26929677,0.052207634,0.054584134,-0.07483406,0.07686894,0.00151058,0.06191057,-0.029781079,-0.0020495774,1.279012e-07,2.5927395e-07,5.2782934e-07,2.7107797e-07,1.9090728e-06,1.9168017e-05,4.0438692e-05,0.0011864817,0.00063404953,0.005979909,0.0011062818,0.0021944933,0.0001223682,6.801218e-05,6.124995e-05,0.000216654,0.0004934395,0.0014586402,0.0008428162,0.003777372,0.00090419495,0.0018296405,0.00024243638,0.00014557126,0.000255126,0.000106793246,0.00023728087,0.00013784118,8.5978805e-05,0.00013767672,2.633229e-05,4.8408103e-05,7.121154e-05,4.612674e-05,0.0002897801,0.00010991504,0.00024774155,0.00024589698,0.00015910075,0.0005695712,0.00013879556,0.00015312381,8.736547e-05,2.5401505e-05,2.4638048e-05,2.7393518e-05,6.054773e-05,7.7127304e-05,8.306637e-05,6.977095e-05,2.3942543e-05,9.703221e-06,1.9606852e-05,1.8984038e-05,8.712455e-06,5.760283e-06,3.2882256e-06,1.1560139e-06,8.797259e-07,6.9825467e-07,3.404462e-07,3.9351528e-07,5.368112e-07,8.0442214e-07,8.751704e-07,9.937992e-07,9.872234e-07,9.0841223e-07,5.570551e-07,4.2432828e-07,6.7079935e-07,9.375353e-07,7.354621e-07,6.2474385e-07,1.9633947e-06,3.1019185e-06,3.5631354e-06,5.0843037e-06,5.7658726e-06,7.4074396e-06,5.062021e-06,2.129679e-06,1.2727396e-06,1.7223025e-06,1.7107444e-05,5.7264337e-05,5.949606e-05,0.00012097473,0.0001343167,7.5157404e-05,4.678689e-05,2.6598744e-05,8.441675e-06,3.8150483e-06,2.5344234e-06,2.7380756e-06,4.957654e-06,1.0936248e-05,1.1786408e-05,1.4761458e-05,1.655307e-05,2.0563975e-05,1.4601208e-05,2.9667637e-05,6.9960726e-05,1.8310602e-05,2.930519e-06,1.9111474e-06,1.032635e-06,1.0497517e-06,8.129631e-07,9.017706e-07,4.2049946e-06,1.4413394e-05,2.0359928e-05,7.677759e-06,2.226352e-06,1.5589958e-06,8.9961173e-07,1.1590553e-07,8.569785e-09,4.19848e-09,4.1482826e-09,4.5869943e-09,4.980711e-09,5.991096e-09,7.997066e-09,7.3615505e-09,0.63212335,0.47863364,0.35644937,0.28564537,0.22094987,0.1676454,0.14436446,0.12045129,0.16981621,0.27521998,0.5321545,0.6611514,9.505613439210714,14.087654281486637,16.497682045686528,16.08293638708106,16.23449662432219,17.441391865361716,46.47858339000867,2010.3350534751164,1690.2823346348177,0.003505675,3003.4423828125,ABNORMAL
Cold (229),-768.2209,79.88322,17.581663,40.53933,-27.781506,-2.9883938,-24.369707,-9.5052,-33.575905,-10.181627,-23.411934,-12.22668,-14.422558,-0.018496977,0.21715079,0.32219604,0.10674297,0.083658494,0.05627196,0.0018025648,-0.13934717,0.021081192,-0.0679399,0.088654906,-0.0055676247,0.12511943,-0.03565946,-0.028479189,0.1382227,0.014987647,0.11274967,0.022022313,0.06912,0.00048174904,0.017153962,-0.0023824475,0.04716329,0.063515276,0.045360066,9.6601084e-08,1.9582416e-07,3.8745677e-07,1.9898663e-07,1.4469506e-06,2.1550035e-05,4.5477387e-05,0.00088544074,0.000473175,0.0036424538,0.0006796724,0.001349507,7.51303e-05,4.1757372e-05,8.794045e-05,0.00071535195,0.0016364993,0.002894518,0.00167248,0.0017906318,0.0002288516,0.00038870084,3.9418846e-05,2.3669105e-05,3.950933e-05,4.9310456e-05,0.000118757336,5.3994452e-05,3.367918e-05,2.822742e-05,5.9281947e-06,1.1309806e-05,7.091304e-06,4.5933375e-06,9.1116715e-05,6.0370345e-05,0.0001485436,6.702535e-05,4.336687e-05,2.0422252e-05,3.6410588e-06,3.946217e-06,1.0602701e-05,1.6577025e-05,1.7206472e-05,1.9569381e-05,9.7876e-06,3.3301367e-06,1.6355499e-06,7.033539e-07,4.389457e-07,4.3494714e-07,1.1856632e-06,2.2223405e-06,2.3995428e-06,1.2083161e-06,3.805221e-07,1.6967262e-07,2.2151332e-07,3.7812933e-07,6.376857e-07,7.644754e-07,4.9538494e-07,7.8881715e-07,1.3804766e-06,1.636123e-06,1.5535506e-06,7.543775e-07,6.59228e-07,1.755559e-06,2.2757285e-06,1.7367807e-06,9.302897e-07,1.5701105e-06,2.6425082e-06,2.84894e-06,2.4908466e-06,3.165461e-06,3.5708558e-06,4.1764247e-06,5.4378875e-06,8.016594e-06,6.9746943e-06,5.028416e-06,6.228581e-06,6.4877404e-06,1.0666564e-05,1.0349373e-05,1.1863843e-05,7.7447685e-06,7.625663e-06,5.1071256e-06,2.2134116e-06,7.841885e-07,1.0248343e-06,1.4090148e-06,5.7034163e-06,2.0927488e-05,2.4161094e-05,5.362868e-06,1.921041e-06,2.9451705e-06,2.0779873e-05,9.280287e-05,2.0172958e-05,3.945614e-06,5.029073e-06,1.3014386e-05,2.0407211e-05,1.29262635e-05,9.920545e-06,4.5908364e-06,1.0198347e-06,7.434972e-07,9.104597e-07,1.0766134e-06,8.188671e-07,2.5639343e-07,4.4694637e-08,8.796332e-09,4.60582e-09,4.0785118e-09,3.5768448e-09,3.708291e-09,4.544188e-09,5.4680163e-09,7.591477e-09,7.822954e-09,0.6387259,0.4703134,0.37518492,0.30321106,0.19106326,0.15128638,0.13170554,0.18817748,0.3114968,0.40390027,0.5608368,0.6781086,10.091122894486679,13.741257362187218,16.857735043565615,14.712531003905598,17.22016040058223,17.701218149569556,46.32395869803223,2019.5009710468732,1771.3089230179196,0.00706692,3336.183062803398,ABNORMAL
Cold (23),-592.0166,89.261955,20.576849,-4.47161,-4.705317,-29.310205,-26.134134,0.82411593,-10.446557,-16.325861,-6.3045626,-19.143946,-18.991655,-0.49495098,-0.14025104,0.070245974,-0.1771504,0.11281664,-0.02445586,0.13321842,0.031693693,0.05381653,0.06372796,0.08623099,0.076573074,-0.0327209,-0.28836882,-0.032164194,-0.08756228,-0.0059507596,0.008287936,0.00946498,0.0327318,-0.016786223,0.03508171,-0.025058508,-0.01833758,0.048968393,0.014988348,2.8620516e-06,5.8017863e-06,7.964884e-06,4.090535e-06,2.3629094e-05,0.00044616463,0.00094166934,0.014373729,0.007681246,0.05913526,0.013515959,0.027370734,0.00841451,0.0046767793,0.004595102,0.0015111229,0.0031771858,0.0030751617,0.0017768581,0.016171856,0.010111444,0.022783963,0.007874249,0.004728104,0.0030169748,0.0008278357,0.0017172724,0.00269536,0.0016812383,0.008574516,0.0031269537,0.006904836,0.002826225,0.0018306656,0.0012177986,0.0002178704,0.00037312752,0.00021631991,0.00013996371,0.00022467434,6.1383915e-05,6.8072055e-05,4.8654863e-05,8.039134e-06,7.015692e-06,6.8161235e-06,6.3918997e-06,7.3856822e-06,1.0858645e-05,1.3678306e-05,1.2073052e-05,1.0999896e-05,9.884547e-06,1.1286848e-05,1.0729554e-05,8.49524e-06,9.501286e-06,1.7170685e-05,1.5973565e-05,1.11930785e-05,1.45709455e-05,2.185077e-05,1.6819733e-05,1.2633084e-05,1.4942912e-05,2.2130534e-05,4.0965526e-05,6.609675e-05,8.895988e-05,6.9685455e-05,4.3163553e-05,4.3206917e-05,2.4466543e-05,4.106799e-05,6.296151e-05,4.673937e-05,4.0681192e-05,4.3216165e-05,3.5885365e-05,2.4297053e-05,1.000769e-05,5.700105e-06,4.038612e-06,3.7163707e-06,3.1050786e-06,2.0203493e-06,1.8089464e-06,2.7536646e-06,2.4104306e-06,1.3549856e-06,1.1449488e-06,3.022003e-06,3.7208501e-06,3.4213958e-06,3.8665894e-06,2.6309212e-06,2.3982568e-06,3.552728e-06,4.6372156e-06,5.7721677e-06,5.805759e-06,9.383053e-06,4.787884e-06,3.0440576e-06,6.6469725e-06,1.0821915e-05,7.730989e-06,6.5072586e-06,5.2808214e-06,1.4425502e-05,2.4779529e-05,2.8376297e-05,2.5194566e-05,1.5583339e-05,1.4200453e-05,1.1841672e-05,8.18449e-06,6.981866e-06,6.4242513e-06,6.0795824e-06,3.8657713e-06,6.9079924e-06,4.408833e-05,0.00022701926,0.00030252882,0.00039756173,0.0002656395,1.4454145e-05,0.5365092,0.5349531,0.49732834,0.5127962,0.41424125,0.31350073,0.30068523,0.32322505,0.3670353,0.3812562,0.3875647,0.46137837,8.250107894973567,13.275609305079369,11.026352327572646,15.788905968022073,14.402210618981599,15.519147876557815,38.05369951989534,2704.354865432582,2398.280109072652,0.024633763,4501.863828428988,ABNORMAL
Cold (230),-765.47705,104.69508,7.119554,7.06069,-31.906315,4.5435543,-19.613182,-15.051527,-33.38337,-9.57526,-20.809683,-12.579271,-8.972024,-0.18797454,-0.73650527,0.07992244,0.52861893,-0.005640006,0.21706161,-0.08879025,0.108858235,0.31924722,0.09191493,0.1265447,-0.14492775,-0.047254246,0.2230579,-0.3555732,-0.0462133,0.10592036,-0.17091167,0.06627467,-0.015204348,0.10399421,0.2137157,0.07479705,0.051961467,0.05348984,0.078387864,5.6089373e-08,1.1370115e-07,2.4081316e-07,1.236747e-07,7.5710466e-07,7.5151293e-06,1.5854475e-05,0.00040172946,0.0002146821,0.0023999284,0.00057898037,0.0011778293,0.00020553364,0.000114235474,6.3425294e-05,0.0001244813,0.00028172036,0.0018920377,0.0010932373,0.00394518,0.00069094234,0.0013037686,9.514285e-05,5.7128666e-05,4.3739936e-05,4.0095412e-05,9.520005e-05,9.99329e-05,6.233341e-05,4.7766476e-05,7.2386724e-06,1.1831826e-05,9.363626e-05,6.0652175e-05,0.0004374803,0.0001340452,0.0002867166,0.0001721145,0.000111361835,9.407858e-05,4.891707e-05,5.5343233e-05,0.00019367044,5.2916643e-05,4.943538e-05,5.0201736e-05,4.4504017e-05,3.960227e-05,7.3271054e-05,0.00011613033,0.00014012067,8.922088e-05,2.4091509e-05,1.1830333e-05,6.774565e-06,2.9406488e-06,1.4398239e-06,1.0049808e-06,7.395027e-07,9.2713236e-07,1.8020066e-06,2.981643e-06,7.650496e-06,8.925465e-06,6.034421e-06,7.78559e-06,7.1679324e-06,4.8039624e-06,2.5243553e-06,1.1623234e-06,3.5818368e-07,1.7544387e-07,1.6353344e-07,1.7555975e-07,3.140803e-07,6.384356e-07,8.869596e-07,5.1033226e-07,8.036734e-07,3.1152454e-06,3.877371e-06,3.0985655e-06,6.769857e-06,1.09293405e-05,1.7325565e-05,1.7952134e-05,2.5365833e-05,2.6082134e-05,1.5290754e-05,1.1165934e-05,3.6407184e-06,3.6192562e-06,2.501245e-06,1.2308495e-06,6.625504e-07,5.095551e-07,7.2749395e-07,2.337796e-06,4.5562347e-06,9.293781e-06,8.367021e-06,7.216339e-06,1.1765106e-05,1.2491069e-05,1.6459267e-05,8.26396e-06,5.491121e-06,9.759438e-06,6.718363e-06,4.6347077e-06,4.4662866e-06,5.6032663e-06,2.8173774e-06,1.0718276e-06,3.3188041e-07,2.6023153e-07,1.7982336e-07,6.136724e-08,1.6191832e-08,1.0263427e-08,6.410026e-09,2.7152827e-09,2.2345827e-09,2.312326e-09,2.4430549e-09,2.3591238e-09,1.4307117e-09,2.6132363e-10,0.5972596,0.47601575,0.35164547,0.27361107,0.24039638,0.22164002,0.17447354,0.15561965,0.21978433,0.3499961,0.51935613,0.59132826,9.482377843870188,14.023734614864274,16.35322501085608,15.813144986855512,16.707167474467,16.24513549085722,43.95926422185378,1645.2854927993528,1646.204499848605,0.003849681,2614.4401761049726,ABNORMAL
Cold (231),-759.21936,106.28947,14.816484,24.862907,-21.81775,0.5557915,-28.222336,-11.732637,-28.15738,-11.019561,-22.849195,-10.872928,-9.967227,1.2490999,0.2653155,-0.15514937,-0.18492806,-0.12939861,-0.114398114,-0.10116846,-0.06173642,-0.034748375,0.24852525,-0.013585151,0.07415005,-0.05346207,-0.11410459,-0.033764176,0.09750011,0.035479497,0.18208171,-0.0073172883,0.100355215,0.021653516,0.032996356,-0.025636738,0.05405356,-0.008508092,-0.03284009,2.5993347e-07,5.269222e-07,1.1882794e-06,6.1026617e-07,2.9816274e-06,3.127688e-05,6.598726e-05,0.0010321352,0.00055156765,0.0028466273,0.00045078638,0.00087773456,9.666788e-05,5.372796e-05,8.377692e-05,0.0003699815,0.00084397104,0.0021807267,0.0012600446,0.0032466212,0.00035909345,0.0005709745,6.7355584e-05,4.0443756e-05,7.725425e-05,7.772654e-05,0.00018543437,9.8881035e-05,6.1677325e-05,3.2108102e-05,3.832374e-06,5.2498654e-06,7.806794e-06,5.0567924e-06,0.00013453627,9.0427486e-05,0.00022285702,9.1424365e-05,5.9153557e-05,4.719643e-05,5.242298e-06,5.4520624e-06,5.764412e-06,1.1220432e-05,1.4143714e-05,2.3164448e-05,1.8571052e-05,9.188232e-06,6.8060604e-06,4.958331e-06,3.360811e-06,4.633792e-06,5.5249056e-06,6.6151706e-06,6.6982793e-06,3.7257782e-06,1.373307e-06,6.8880894e-07,6.5840584e-07,1.180599e-06,2.3933308e-06,3.4667476e-06,2.5144045e-06,1.8675506e-06,1.6512735e-06,5.9487315e-06,7.37473e-06,3.1928048e-06,2.4462113e-06,4.4532103e-06,2.0231469e-06,3.3549384e-07,1.054233e-06,1.6053921e-06,9.4360996e-07,1.94212e-06,5.117699e-06,1.921573e-06,1.5582206e-06,6.8117242e-06,5.87687e-06,1.4480767e-06,1.394119e-06,1.5794717e-06,4.1891494e-06,4.33106e-06,1.3012768e-06,7.0529444e-07,6.2062776e-07,6.178853e-07,6.46541e-07,1.2410102e-06,2.135564e-06,4.0076575e-06,2.7042295e-05,5.2052503e-05,7.166484e-06,1.1992744e-06,7.165891e-07,5.7150066e-07,6.034672e-07,1.1295756e-06,1.3225833e-06,9.310282e-07,1.013138e-06,9.625447e-07,1.1934275e-06,1.615651e-06,1.6645781e-06,8.238534e-07,8.08928e-07,5.8919755e-07,3.4915126e-07,2.4582857e-07,2.238647e-07,1.4488474e-07,7.221892e-08,3.2851712e-08,1.1998885e-08,4.5277355e-09,3.4676357e-09,3.1628933e-09,3.388371e-09,3.817752e-09,4.097689e-09,4.7281854e-09,5.092175e-09,4.419933e-09,0.61794835,0.4711788,0.34210166,0.2333176,0.1665277,0.1575835,0.1420502,0.176959,0.28871375,0.41082573,0.5592805,0.64600676,10.216426278636096,14.873115932300719,17.680622046311743,15.896435102541153,17.5508742203683,17.169336668527503,44.95179098008835,1646.188073933624,1699.4349544579904,0.0041309716,2628.317440257353,ABNORMAL
Cold (232),-733.95184,123.96598,14.909059,16.809889,-24.865055,-0.31641296,-23.430979,-9.798259,-27.830591,-10.113696,-24.02274,-12.480934,-7.024912,-0.8665977,-0.3225554,0.1503657,0.251784,0.37332058,0.007840389,-0.059061654,0.02982314,0.026644314,-0.020263923,-0.010441447,-0.026941545,0.10247011,-0.41442952,-0.06194099,0.070071004,0.009251702,0.10070282,-0.07736526,-0.008252994,0.031612545,0.082729556,0.049441747,0.0352102,-0.057719704,0.038058706,7.516816e-07,1.5237657e-06,3.1911225e-06,1.6388688e-06,1.026045e-05,2.0044201e-05,4.2129286e-05,0.0010753806,0.00057467783,0.0046291095,0.00073707517,0.0014361924,0.00013310036,7.397709e-05,0.00015846496,0.001111674,0.0025417756,0.0069079963,0.003991506,0.006748844,0.00061869336,0.00088079966,5.0598323e-05,3.0381836e-05,5.7850702e-05,7.1070885e-05,0.00017105782,0.00033222404,0.00020722563,0.00032748675,8.4708634e-05,0.0001728901,0.00019106538,0.00012376114,0.0005866846,0.000275887,0.000647616,0.0005995992,0.00038795374,0.00025079117,5.207721e-05,5.6974775e-05,5.238666e-05,3.1142234e-05,4.3579686e-05,8.383061e-05,6.9557624e-05,2.9167035e-05,2.4928755e-05,3.1155247e-05,4.94571e-05,4.6820893e-05,2.2334383e-05,1.8789347e-05,2.0418984e-05,1.1821725e-05,4.389626e-06,2.7415974e-06,3.7613102e-06,4.287779e-06,4.501181e-06,4.878707e-06,5.3356966e-06,5.6803538e-06,6.0397483e-06,6.637729e-06,6.168513e-06,7.3547344e-06,4.1006633e-06,1.1990039e-06,7.7542137e-07,4.7222545e-07,4.779507e-07,8.718235e-07,2.597314e-06,2.7924812e-06,2.0987911e-06,1.0986527e-06,8.286099e-07,8.442151e-07,1.9824374e-06,2.6915527e-06,3.7424109e-06,3.028876e-06,1.3996199e-06,1.12843e-06,1.0375255e-06,1.03896e-06,6.756503e-07,7.485e-07,6.7998815e-07,4.930543e-07,4.97074e-07,5.373419e-07,1.1083431e-06,1.2731005e-06,6.210102e-07,1.1394426e-06,1.8730329e-06,2.6009102e-06,2.3323885e-06,6.149115e-06,1.966808e-06,5.5421833e-07,2.9734005e-07,1.6855212e-07,1.9735529e-07,2.0850904e-07,2.1410057e-07,2.7719446e-07,3.846626e-07,3.893535e-07,2.476517e-07,1.5075707e-07,1.926593e-07,1.1382424e-07,5.8685707e-08,2.7376029e-08,1.0358086e-08,3.1378629e-09,2.3452027e-09,2.0908477e-09,2.2705084e-09,2.2933557e-09,2.3761388e-09,2.3119209e-09,1.454573e-09,2.1822853e-10,0.7016357,0.4963998,0.3850806,0.29249516,0.19298708,0.1455263,0.1269973,0.13626742,0.19886863,0.30290037,0.57089835,0.7268048,9.638028998624614,14.023229147521832,17.780705360122685,17.391257866050356,15.85346867009065,15.458019616009238,43.81362133241248,1236.5810590582828,1611.028358489799,0.0033135018,1901.9278932416269,ABNORMAL
Cold (233),-761.71423,112.00035,20.838236,9.854667,-20.02273,-1.3433532,-34.237186,-4.6846337,-26.74971,-5.4670324,-25.405474,-6.327868,-7.6406207,0.31723267,-0.18976684,-0.25923562,0.1937414,-0.0484973,0.017620042,0.10134856,0.052912574,-0.011000775,-0.008017012,0.031897955,-0.0055086953,-0.03704126,-0.25358927,-0.09347268,-0.019885018,0.08352358,0.12720387,0.022054916,0.08462527,0.044726472,0.019876225,0.099669024,0.07222085,-0.019174801,-0.110671066,2.4338604e-07,4.933781e-07,1.3495794e-06,6.931051e-07,7.881824e-06,3.0445257e-05,6.413759e-05,0.00074353116,0.00039733914,0.0021643355,0.00029949387,0.00057217485,5.6998284e-05,3.1679607e-05,0.0001292411,0.00033056395,0.0007506038,0.0016158937,0.0009336787,0.002748998,0.00043521178,0.0007976908,0.00015774036,9.471542e-05,0.00017496773,8.802124e-05,0.0001997195,0.0002445153,0.00015251708,0.0001682781,1.9085455e-05,2.4898543e-05,9.248584e-06,5.9906993e-06,4.3444e-05,3.305251e-05,8.250785e-05,7.972449e-05,5.1583484e-05,6.0384882e-05,8.933337e-06,9.549408e-06,4.416641e-06,4.2258775e-06,5.1652037e-06,8.213367e-06,6.5149e-06,3.7115897e-06,3.0925726e-06,2.3309399e-06,8.9901266e-07,7.2634987e-07,2.0601979e-06,2.0783718e-06,3.2322018e-06,2.1897429e-06,7.2147094e-07,5.8924667e-07,1.2180359e-06,1.6471895e-06,4.091115e-06,3.821792e-06,3.3734548e-06,6.254764e-06,6.3235348e-06,3.7108362e-06,2.4520148e-06,3.7259551e-06,5.3649965e-06,1.9740958e-06,6.703596e-07,6.385625e-07,3.7568427e-06,9.020151e-06,9.343223e-06,5.065759e-06,3.3743067e-06,3.1725945e-06,2.3499167e-06,1.2243736e-06,9.131208e-07,1.4835304e-06,1.0139516e-06,3.1305942e-07,2.1929372e-07,2.5574937e-07,1.7707231e-07,1.8942767e-07,1.545554e-07,1.6512836e-07,1.285491e-07,1.9204879e-07,2.5753937e-07,2.8067188e-07,4.0353314e-07,2.690713e-07,3.1762778e-07,3.4380764e-07,2.769663e-07,6.276761e-07,1.5575408e-06,1.5367057e-06,1.3879035e-06,1.7260262e-06,1.8511694e-06,7.283854e-07,8.3480074e-07,1.1738092e-06,2.5710963e-06,2.0300863e-06,4.1071694e-06,5.705725e-06,3.6377448e-06,2.1492594e-06,1.6031054e-06,2.5767908e-06,1.1104883e-06,5.9055753e-07,7.873672e-08,2.095875e-08,8.155928e-09,2.8424667e-09,2.344295e-09,2.4296187e-09,2.5293347e-09,2.4426645e-09,1.6105771e-09,4.5964887e-10,0.5896656,0.4136254,0.28809765,0.22276974,0.20442489,0.19584396,0.20772825,0.22355293,0.34020615,0.48827368,0.57193613,0.63334984,9.310456518464578,13.424594788698952,16.249238345258846,15.956123282133657,18.068288894272346,15.798490279696702,45.13131822184831,1755.8385430779852,1856.4877122039159,0.006781138,2748.81591796875,ABNORMAL
Cold (234),-731.8642,119.21435,2.8739994,10.890163,-30.033676,-4.027628,-24.956049,-2.9693794,-24.905258,-13.287626,-22.575834,-5.705696,-9.647008,0.0053474954,-0.23054768,-0.14113842,-0.14474553,-0.10595196,0.0965172,0.10593518,-0.06080214,-0.06573225,0.15923506,0.16349067,0.146629,-0.20178244,-0.17459033,-0.19132504,0.053522386,0.14470306,0.03167474,-0.045328382,0.045706403,0.0038765378,0.08933952,0.02472613,0.03974525,0.028171966,-0.042339526,1.428857e-07,2.8964962e-07,5.1227835e-07,2.6309144e-07,2.8653112e-06,2.2091293e-05,4.6593217e-05,0.0009112561,0.0004869705,0.0025613038,0.00029479293,0.0005458749,5.6618825e-05,3.146871e-05,0.00017222167,0.0005995905,0.0013654226,0.004758729,0.002749639,0.0057497886,0.0004998257,0.000685053,0.0001881387,0.00011296815,0.0009012746,0.0003912292,0.0008731792,0.00059120345,0.00036876474,0.00018978871,3.202593e-05,5.5551725e-05,0.00021911533,0.00014193027,0.001216821,0.00044241134,0.0009879199,0.0004244865,0.000274652,0.00020960148,4.8807728e-05,5.3726148e-05,0.00020323995,0.00016208545,0.00015157367,0.00013063563,8.067241e-05,3.5517434e-05,2.104207e-05,1.2785471e-05,1.851574e-05,6.103639e-05,4.3716307e-05,2.1850943e-05,9.769059e-06,8.256816e-06,6.240373e-06,7.0640162e-06,4.81772e-06,2.4836438e-06,2.8929244e-06,5.4192064e-06,1.1664476e-05,1.11987765e-05,5.3981457e-06,6.3129123e-06,7.1807162e-06,2.051609e-05,1.9838104e-05,5.7239936e-06,3.9437236e-06,9.458508e-06,6.723197e-06,3.0939032e-06,8.151686e-06,8.4187905e-06,2.8735162e-06,1.860997e-06,2.2585498e-06,2.5078418e-06,2.3550745e-06,2.826599e-06,1.7907059e-06,8.663226e-07,7.677755e-07,5.99491e-07,8.470133e-07,1.062037e-06,1.1109271e-06,2.7101983e-06,4.35512e-06,4.969271e-06,3.67549e-06,1.3898479e-05,2.5437808e-05,2.1269683e-05,8.007173e-06,1.8842653e-05,3.9744544e-05,2.6940856e-05,3.1287196e-05,3.9067665e-05,8.189562e-06,5.5101036e-06,1.03542025e-05,9.629758e-06,4.4441936e-06,2.3020189e-06,9.1180226e-07,2.097829e-06,3.4849738e-06,5.541629e-06,7.6554215e-06,5.927526e-06,9.803708e-06,6.772889e-06,2.6450757e-06,1.407784e-06,4.5745102e-07,5.2991812e-08,1.26104975e-08,2.8331426e-09,2.3395483e-09,2.4774984e-09,2.5083415e-09,2.3949218e-09,1.5424619e-09,4.2592102e-10,0.66379124,0.5111236,0.33124244,0.22930151,0.20302795,0.17249592,0.17556968,0.17570035,0.20348439,0.2966595,0.49163613,0.67052096,10.023183913915025,13.429146376631538,16.867428708195025,17.97518788603754,17.33713041037278,16.359062471273276,43.931438250677594,1535.6141055094213,1569.2070534762274,0.0035791483,2392.705389793883,ABNORMAL
Cold (235),-749.23553,125.46174,8.136632,9.715271,-29.34943,-2.427123,-28.432491,-9.329657,-24.00727,-14.991531,-21.337261,-9.95644,-7.4098716,0.43655306,0.031706437,-0.22973257,-0.05626785,0.01679322,0.08608944,0.0042805416,0.085866,0.056589577,0.1085501,0.020623924,-0.00751321,0.019454494,-0.5389823,-0.18107513,0.03450515,0.08714387,0.24259642,-0.035237744,-0.09217605,-0.019049764,0.05628895,0.087811634,0.034025878,-0.02529515,-0.027592007,8.895147e-08,1.8031729e-07,3.920284e-07,2.0133452e-07,2.4129172e-06,2.6617843e-05,5.6160105e-05,0.00092718133,0.0004954809,0.0022492218,0.00026636122,0.0004958416,4.0491275e-05,2.2505026e-05,0.00012890014,0.0007227036,0.0016507758,0.0030131768,0.0017410424,0.0020853062,0.00039962784,0.00077158853,0.00018079153,0.00010855653,0.0010200241,0.00049418036,0.0011168638,0.00052212115,0.00032567448,0.00010044404,1.0545189e-05,1.2646545e-05,7.372995e-05,4.775801e-05,0.00032603822,0.00017926889,0.00043093058,0.00016769381,0.000108501576,8.890073e-05,2.8692506e-05,3.202671e-05,6.497345e-05,3.4532997e-05,3.1429307e-05,2.568999e-05,8.165367e-06,6.766898e-06,9.361474e-06,1.1856883e-05,1.0968566e-05,1.5492036e-05,1.1440053e-05,5.192476e-06,2.3166135e-06,1.5623759e-06,1.5097124e-06,1.9903625e-06,2.2811514e-06,2.1472922e-06,2.695916e-06,3.2243418e-06,4.4086914e-06,5.038435e-06,6.001574e-06,1.06889765e-05,1.29662185e-05,1.8859117e-05,1.0508798e-05,1.4731946e-06,6.6253494e-07,5.8157997e-07,7.9522493e-07,1.1736212e-06,1.7593801e-06,7.611874e-07,1.5193327e-06,1.8738389e-06,1.6716908e-06,2.4778394e-06,1.7211315e-06,8.163847e-07,4.1627985e-07,5.078245e-07,4.251265e-07,3.6830593e-07,4.503503e-07,3.692365e-07,2.884838e-07,3.330613e-07,3.6734332e-07,4.4234557e-07,4.95687e-07,7.1703545e-07,6.8101843e-07,3.2813114e-07,2.6983346e-07,4.0255296e-07,2.860263e-07,8.55837e-07,2.3187517e-06,7.682145e-06,3.1755517e-05,4.035384e-05,2.1827866e-05,7.75236e-06,3.7881161e-06,5.928622e-06,1.6837039e-05,7.690359e-06,1.6418668e-06,3.1907493e-07,1.2946455e-07,8.795931e-08,5.7585126e-08,4.5220855e-08,3.9455344e-08,1.1591842e-08,3.937377e-09,2.3211384e-09,1.9196973e-09,1.9383743e-09,2.2836528e-09,2.207706e-09,2.338029e-09,2.3459947e-09,1.332613e-09,1.1664e-10,0.5769529,0.3827641,0.23554176,0.18609951,0.21907845,0.26481864,0.20869178,0.18012586,0.29113448,0.40717548,0.61492985,0.65458876,10.605705867253041,13.079092443579723,17.181086295333028,17.398897040070082,17.08027732601539,16.01950006191384,43.36291647552573,1528.046249882305,1549.8040867393277,0.00414214,2412.876449092742,ABNORMAL
Cold (236),-734.2661,122.40797,-5.0009146,14.146828,-25.348549,-1.3718514,-21.841124,-16.535172,-31.803846,-12.924057,-22.69595,-11.811276,-11.723367,0.59394354,0.18418142,-0.20642641,-0.10507667,-0.0044783014,0.12832342,0.07772663,0.012917202,-0.00948586,0.07726918,-0.049681965,-0.049187023,0.09176085,0.019760663,-0.0616231,0.034538154,0.07434364,0.025555063,0.0963712,0.01156367,0.0716259,0.028023038,0.010813134,0.018387906,-0.0012202888,0.07166952,8.3208555e-08,1.6867557e-07,3.184612e-07,1.635525e-07,1.7505848e-06,2.6692527e-05,5.6330457e-05,0.0011490188,0.00061402965,0.0031389238,0.00033720888,0.0006160144,4.5986755e-05,2.5559408e-05,9.5989504e-05,0.0007199257,0.0016464875,0.0033482558,0.0019346542,0.002415722,0.00020342956,0.00027208368,3.5211637e-05,2.1142878e-05,0.0001244845,0.00010850152,0.00025690036,0.00019378183,0.00012087195,7.686276e-05,7.060884e-06,7.038967e-06,1.45766735e-05,9.441929e-06,8.2755876e-05,7.671753e-05,0.00019482167,0.00019985047,0.00012930765,8.0220314e-05,1.1979205e-05,1.2815046e-05,4.0651288e-05,2.4030855e-05,3.2182576e-05,5.891005e-05,5.3491432e-05,1.5407379e-05,1.2195901e-05,1.7513783e-05,2.697348e-05,1.8747296e-05,3.1924574e-05,1.8468778e-05,5.3282483e-06,2.9982878e-06,2.5386953e-06,1.7498736e-06,1.6486212e-06,1.6132001e-06,2.808199e-06,5.185292e-06,6.9705748e-06,5.032823e-06,5.4191314e-06,7.751713e-06,5.6429e-06,2.6960256e-06,2.1714957e-06,2.4736767e-06,2.3323803e-06,1.1267305e-06,7.2995346e-07,1.2500489e-06,1.5692801e-06,1.4070353e-06,2.044435e-06,2.1746685e-06,2.939469e-06,2.9306689e-06,2.680672e-06,2.3670063e-06,2.8325383e-06,5.5877213e-06,3.7670266e-05,5.0758063e-05,9.812556e-06,4.685499e-06,2.6259847e-06,2.2397348e-06,1.4982944e-06,1.5265897e-06,1.1158312e-06,2.2049696e-06,1.708728e-06,5.9415623e-07,3.2899695e-07,2.7368674e-07,2.7592702e-07,3.272656e-07,2.9703477e-07,2.1687289e-07,1.3561153e-07,1.293614e-07,1.5881474e-07,1.4090487e-07,1.2770624e-07,1.17363804e-07,1.1719593e-07,1.0398925e-07,8.279814e-08,6.448221e-08,5.108111e-08,5.2728407e-08,5.2171973e-08,4.1622656e-08,2.8321791e-08,1.0332983e-08,3.9794283e-09,2.0973547e-09,1.9659259e-09,2.074207e-09,2.2022828e-09,2.2063402e-09,2.325123e-09,2.417111e-09,1.4252469e-09,2.1015574e-10,0.6632515,0.45619488,0.31526253,0.23877439,0.18641102,0.16509014,0.15272714,0.16085458,0.26377434,0.41829473,0.6025748,0.74700195,9.948117266683093,12.983515736201014,16.711319773298495,15.453496025530434,17.289113359551468,15.877434857162205,42.882136189620745,1363.9525175043207,1605.8473787315422,0.004970178,2283.6710394385027,ABNORMAL
Cold (237),-737.40576,111.70354,-9.02643,17.862438,-16.234362,-4.0445604,-31.628826,-11.040743,-22.708311,-12.502304,-24.122,-7.6881433,-9.665328,0.58144283,-0.117444634,-0.37779045,0.081928134,0.051965445,-0.12730789,-0.14606611,0.016858594,-0.11111876,-0.035197385,0.023740841,0.13267164,0.014885916,-0.43293053,0.0010480137,0.036500134,-0.03077912,0.15856215,0.073891304,0.14322038,0.025108203,0.059772246,0.07496285,0.032260224,-0.03034288,-0.004673283,1.269241e-07,2.572932e-07,4.2452592e-07,2.1802433e-07,1.2438478e-06,1.3437691e-05,2.835125e-05,0.00075442577,0.0004031611,0.0026422327,0.0003939287,0.00076081057,3.9515886e-05,2.1962907e-05,2.9600416e-05,0.00051897933,0.0011894308,0.0040504946,0.002340414,0.003593339,0.0005225795,0.00093175774,0.00014360221,8.6226166e-05,3.489444e-05,7.059842e-05,0.00017257183,0.00023206134,0.0001447489,0.00023195257,7.574663e-05,0.00016365494,5.6481327e-05,3.6585345e-05,4.063023e-05,9.134909e-05,0.00024259297,0.00023732541,0.00015355472,0.00031268588,7.506252e-05,8.2751394e-05,7.00845e-05,1.6452837e-05,2.2327677e-05,4.408197e-05,2.4319215e-05,1.0240914e-05,1.2758939e-05,2.4950943e-05,5.1819246e-05,5.236763e-05,8.816711e-05,5.764359e-05,1.954151e-05,6.47761e-06,9.3139715e-06,1.1770733e-05,8.014687e-06,8.9325085e-06,7.4252457e-06,1.17933205e-05,2.168123e-05,1.9642668e-05,9.9740655e-06,9.353812e-06,1.1185863e-05,1.5369857e-05,1.1499213e-05,9.8563305e-06,8.420662e-06,5.111945e-06,3.0689387e-06,2.464029e-06,4.3214445e-06,4.413473e-06,2.7306316e-06,7.799885e-07,4.8277207e-07,7.102109e-07,7.9638596e-07,8.791142e-07,7.655552e-07,9.458003e-07,6.356472e-07,7.9950297e-07,6.236852e-07,3.930961e-07,3.155302e-07,2.904831e-07,2.7800266e-07,5.8305284e-07,5.6889616e-07,5.305563e-07,4.0673987e-07,3.7269336e-07,2.64596e-07,3.0211896e-07,2.9834553e-07,3.435057e-07,3.5527984e-07,3.4050228e-07,2.9273775e-07,4.9512477e-07,2.0943157e-06,6.0126786e-06,9.664814e-06,6.0619373e-06,3.3627457e-06,8.803999e-06,1.8000712e-05,3.6589392e-06,4.2719157e-07,2.5739314e-07,2.432189e-07,2.8272137e-07,1.4969693e-07,6.523089e-08,1.3215543e-08,4.2464214e-09,2.8965306e-09,3.7112646e-09,2.4036735e-09,2.0756623e-09,2.3859923e-09,2.3533664e-09,1.295743e-09,1.4213282e-10,0.6327753,0.4233848,0.27442378,0.17685936,0.12444633,0.14118743,0.20866103,0.2442511,0.3306541,0.4358684,0.66103995,0.7185409,9.402454618800393,14.009677287075514,17.085819011292582,15.380130282980959,18.509063688172557,16.948190796867195,43.67081424856261,1564.163430064133,1696.7339258347506,0.003529032,2813.4200246710525,ABNORMAL
Cold (238),-733.71655,105.21949,-4.050795,14.46042,-26.90666,3.0646687,-30.597225,-11.262615,-26.27751,-7.2381215,-22.92592,-13.569903,-10.9217415,0.30837005,0.30739853,-0.2358451,-0.42398447,-0.07450976,0.037242495,-0.04896895,-0.027690502,0.06572956,-0.0036712731,-0.018817263,0.14153484,0.07396725,-0.5697643,-0.09628769,0.08126503,0.089183405,0.08313075,0.07294013,0.18588595,-0.08940391,-0.017607728,0.06882389,0.12511544,-0.014618877,0.0537472,1.3234536e-07,2.682829e-07,4.492098e-07,2.3070125e-07,1.5288545e-06,8.218164e-06,1.7324259e-05,0.0006646994,0.00035521193,0.0050346167,0.0013577817,0.0027860103,0.00033326677,0.00018522947,5.445755e-05,5.9780697e-05,0.00013377015,0.0008477863,0.0004898591,0.003203899,0.0010188933,0.002155548,0.0012237107,0.0007347788,0.0006443011,0.00011330062,0.00020785442,0.00027193438,0.00016961979,0.00025667166,4.6909932e-05,8.4540596e-05,4.766192e-05,3.0872645e-05,0.00018014309,9.2296796e-05,0.00021961375,0.00019088096,0.00012350414,0.00038698435,9.406433e-05,0.00010376228,5.597295e-05,1.6725497e-05,1.41090795e-05,9.474499e-06,1.2407792e-05,1.8675697e-05,2.2249676e-05,2.8821487e-05,4.624529e-05,3.318867e-05,1.3961418e-05,8.680222e-06,5.3842964e-06,3.956421e-06,5.429834e-06,9.137671e-06,1.0287285e-05,1.43850875e-05,1.4102816e-05,8.574558e-06,7.5972052e-06,7.439043e-06,4.686901e-06,6.4251617e-06,6.819942e-06,5.7087946e-06,3.421664e-06,8.0384063e-07,5.9930437e-07,4.149655e-07,4.2837382e-07,1.3579563e-06,6.2332488e-06,9.654905e-06,1.6541386e-05,8.207396e-06,1.5357422e-06,2.834689e-06,3.8694716e-06,4.8526203e-06,4.031273e-06,2.1858857e-06,1.9659617e-06,5.599031e-06,1.753978e-05,2.833506e-05,1.2417388e-05,6.2773192e-06,9.553092e-06,7.56038e-06,4.3506766e-06,2.2692263e-06,1.3067041e-06,9.977108e-07,1.3712583e-06,1.4328938e-06,2.1304731e-06,3.1308246e-06,9.135844e-06,2.0251553e-05,1.1415966e-05,4.7186013e-06,3.151508e-06,4.3620576e-06,5.953437e-06,4.39443e-06,4.2959996e-06,2.1300737e-06,1.866189e-06,1.4190205e-06,5.9753324e-07,3.3532567e-07,3.3452486e-07,1.8414156e-07,8.304195e-08,4.123879e-08,1.7451601e-08,4.510149e-09,2.775969e-09,2.2291708e-09,2.1814428e-09,2.2457916e-09,2.4581654e-09,2.5506033e-09,1.4567562e-09,2.4581126e-10,0.6706396,0.5818774,0.4733888,0.37359154,0.26536712,0.22390088,0.1830706,0.18224305,0.18954428,0.24449515,0.40662104,0.57002187,9.553551829768939,14.375808189412243,16.92586025505394,15.484796986777635,17.260385757764997,16.839447942593562,44.98560155282536,1732.9391039105408,1635.2143337791142,0.0039084535,2699.229115747207,ABNORMAL
Cold (239),-756.0484,103.7674,2.365563,14.997742,-28.03916,-4.2005367,-23.401989,-9.303256,-26.980425,-10.111135,-24.577456,-9.466995,-13.057733,-0.85602087,-0.0019323939,0.38788304,0.05991409,0.19450189,0.037531767,0.20679957,-0.014795366,-0.09498314,-0.20530485,0.0005391855,-0.075089015,-0.029782271,-0.18782003,-0.16255021,0.025910214,-0.035346624,-0.07337354,0.041857664,0.031570405,0.020062208,0.06742656,-0.044046987,-0.087209515,-0.008966871,0.09665364,9.494515e-08,1.9246737e-07,2.8355834e-07,1.4562742e-07,8.365233e-07,3.775451e-06,7.956257e-06,0.00053087674,0.00028369774,0.0036884123,0.0011810244,0.002451087,0.00042101732,0.00023400119,3.0244824e-05,2.284244e-05,5.051534e-05,0.0004947179,0.00028585276,0.0017338375,0.00049438985,0.0010299461,0.00045777136,0.0002748695,0.00020752155,2.6482869e-05,4.1897954e-05,0.000139826,8.721686e-05,0.00029690968,8.527431e-05,0.00017891797,4.1443527e-05,2.6844727e-05,2.3395432e-05,6.868159e-05,0.00018370668,0.0004455996,0.00028831273,0.0006681915,0.00013628235,0.00014894552,6.312385e-05,1.9758138e-05,4.8332637e-05,0.00013786946,0.00011529601,5.362595e-05,5.0267903e-05,5.44687e-05,5.4526998e-05,0.00017810172,0.0003239197,0.00013554272,4.69277e-05,1.3297219e-05,4.170499e-06,4.343931e-06,6.3271423e-06,6.111256e-06,6.100987e-06,3.0552922e-06,1.7199203e-06,2.1741066e-06,2.5053214e-06,4.280883e-06,6.7470564e-06,4.75053e-06,2.1532485e-06,1.0440388e-06,8.685421e-07,1.70632e-06,1.6886643e-06,7.118482e-07,7.104111e-07,9.828208e-07,7.1747786e-07,6.1873516e-07,7.645532e-07,1.9055773e-06,2.3625576e-06,2.582717e-06,3.1231257e-06,2.4768647e-06,2.6962127e-06,2.9432724e-06,6.0037178e-06,3.1282427e-05,4.7007536e-05,7.0606795e-05,5.5669487e-05,1.9060462e-05,6.4949522e-06,5.780401e-06,3.7003745e-06,3.6781303e-06,2.040662e-06,1.4952756e-06,2.746865e-06,4.9993473e-06,6.8706377e-06,1.7700447e-06,5.8728756e-06,5.111085e-06,4.6147816e-06,1.0508751e-05,8.962182e-06,4.527722e-06,2.4829094e-06,2.4337282e-06,1.979105e-06,1.1458436e-06,1.0248882e-06,5.2527236e-07,4.4711072e-07,3.5033298e-07,2.3456245e-07,7.12303e-08,2.2910646e-08,6.489591e-09,3.1529621e-09,2.1394007e-09,2.0856452e-09,2.239131e-09,2.4545233e-09,2.3732272e-09,1.3448803e-09,1.7758052e-10,0.66056174,0.5192185,0.39291877,0.27422607,0.18770775,0.18713929,0.1801211,0.1690532,0.19635467,0.29391372,0.52648336,0.73722446,8.744124844550873,15.342398311862404,17.075712063393397,17.04616944648382,16.647151477210677,17.165353234427897,44.47328815786573,1625.8360247434953,1671.2123149084973,0.0036779186,2559.632689790576,ABNORMAL
Cold (24),-582.5759,83.10183,31.76185,6.6940303,-11.122575,-24.141256,-28.302929,-0.86948574,-16.991653,-16.697313,-11.362873,-16.933777,-19.872156,-0.81982595,-0.052271955,0.0060297116,-0.27370477,0.06070697,0.21797632,0.013977742,-0.026521683,0.28316236,0.10690681,-0.09521696,0.1915733,0.09664484,-0.24732856,0.027786788,-0.14158598,-0.10728297,0.003041922,-0.066468395,-0.024015976,-0.05711156,0.07303732,0.12572297,-0.025128158,0.06981701,0.08444984,2.759926e-06,5.594763e-06,8.719673e-06,4.478173e-06,4.9259645e-05,0.00076810556,0.0016209899,0.02320199,0.0123990225,0.07723228,0.016626816,0.033490136,0.018519232,0.010292979,0.011906668,0.0028683401,0.005828715,0.0063676476,0.0036792872,0.011056704,0.0031134845,0.0064739524,0.006701125,0.0040236996,0.00727408,0.0038306075,0.008731597,0.011723995,0.0073128724,0.0056755273,0.0009856359,0.0017342782,0.0046852967,0.0030348653,0.004023569,0.0004353884,0.0004542094,0.00014546426,9.411855e-05,0.00016401654,3.7724047e-05,4.1499574e-05,3.3650955e-05,1.288572e-05,1.1621816e-05,9.734853e-06,6.864619e-06,4.9970886e-06,4.333523e-06,3.7463337e-06,4.048687e-06,4.48687e-06,4.3849714e-06,4.338334e-06,4.610129e-06,4.230871e-06,4.1101125e-06,4.8790803e-06,7.0423416e-06,5.908351e-06,4.9456153e-06,6.524836e-06,8.286319e-06,6.3909506e-06,6.032463e-06,6.726502e-06,6.395854e-06,8.819181e-06,1.2698606e-05,1.5496544e-05,3.9119946e-05,5.5708297e-05,8.5854226e-05,9.148165e-05,5.188671e-05,6.06772e-05,0.00017519861,0.00022080584,0.00015640701,6.192371e-05,2.0005356e-05,1.2572578e-05,6.935205e-06,3.8924745e-06,1.8208148e-06,1.3364702e-06,1.1787453e-06,1.340293e-06,1.1199194e-06,1.0035745e-06,1.0280237e-06,9.562323e-07,1.2198478e-06,2.8534128e-06,4.2873776e-06,9.949263e-06,1.0065088e-05,1.0069694e-05,2.5095655e-05,1.9734045e-05,1.2276802e-05,1.0909371e-05,6.4487517e-06,3.6127894e-06,1.4859633e-06,1.3210199e-06,2.9488065e-06,7.4267073e-06,1.38782025e-05,2.1574357e-05,2.1209637e-05,2.3408984e-05,4.1242765e-05,4.554123e-05,3.291541e-05,2.2321397e-05,1.8405164e-05,1.33625745e-05,8.023114e-06,3.3115273e-06,6.3868133e-06,6.891856e-06,5.78006e-06,1.776496e-05,7.527703e-05,0.00020563192,0.00013017966,2.6078083e-05,0.47631288,0.4335371,0.43736753,0.44144985,0.37320766,0.34434888,0.3381421,0.3478236,0.40275702,0.4146503,0.45875788,0.5089393,9.33865972189478,13.426808483297577,12.787542423949462,15.297206649611994,14.956706344883,16.49373407034271,37.5046535893515,2481.1460666459966,2578.068763916469,0.01765047,5018.283889358108,ABNORMAL
Cold (240),-771.5998,105.52735,7.596796,11.099491,-27.799198,-6.900634,-27.682396,-5.3376913,-25.644163,-11.351471,-23.443419,-14.601732,-10.057477,-0.41271585,0.020985052,0.2380545,-0.047012273,0.14144328,0.3289595,0.21181819,0.07106828,0.24094044,0.070702665,-0.06984168,0.08700559,0.11215282,-0.8182557,-0.25159773,0.2215055,0.1792867,0.20837912,0.02124966,0.0016934659,0.0017932489,0.0890493,0.054676283,0.03183066,-0.05068404,-0.019554712,6.3758236e-08,1.2924703e-07,2.4980557e-07,1.2829297e-07,4.998406e-07,6.669906e-07,1.3988673e-06,0.00026863668,0.00014355803,0.0026237383,0.0010771074,0.0022651642,0.0004846488,0.0002693675,9.59719e-05,1.7508613e-05,3.4101035e-05,0.00021081846,0.000121812904,0.0010391725,0.00022260798,0.00044071514,0.00023793729,0.00014286979,0.0001546546,2.9685021e-05,5.6120785e-05,0.00018356678,0.00011450029,0.00053521624,7.979228e-05,0.00012913125,1.5183209e-05,9.834806e-06,3.0498883e-05,2.6016965e-05,6.562303e-05,0.00035962454,0.00023268494,0.0011870988,0.00024147579,0.00026387282,6.661686e-05,1.26034865e-05,1.3076126e-05,1.8419496e-05,2.5194382e-05,3.1654952e-05,2.341368e-05,9.169684e-06,1.4192537e-06,6.507738e-07,5.385858e-07,1.4032577e-06,1.870757e-06,9.5328977e-07,5.2809753e-07,5.2000183e-07,4.750415e-07,2.5567053e-06,5.739722e-06,3.4773311e-06,6.192812e-06,1.0041981e-05,1.5916014e-05,1.8149076e-05,4.651234e-06,1.8977307e-06,2.2528093e-06,3.6352492e-06,2.4002684e-06,4.94431e-07,1.4228904e-07,2.6779193e-07,3.1162563e-07,4.827735e-07,3.0841215e-07,2.32035e-07,5.870907e-07,4.2850284e-06,4.8844126e-06,2.6354965e-06,1.3458331e-06,1.3052492e-06,6.2282163e-07,6.810314e-07,7.598099e-07,2.9868386e-07,2.752328e-07,2.1398839e-07,1.3948325e-07,1.8915271e-07,1.517931e-07,1.6313443e-07,1.5694039e-07,1.5893379e-07,1.7640237e-07,2.6383412e-07,2.3610754e-07,2.7965882e-07,2.759004e-07,3.8150495e-07,5.3531096e-07,7.163384e-07,1.3628388e-06,1.6611688e-06,1.1920246e-06,1.0773955e-06,8.3992137e-07,6.938877e-07,6.966045e-07,4.7899107e-07,5.9356086e-07,2.633501e-07,6.839297e-07,1.4340187e-06,7.243971e-07,3.1897147e-07,3.379891e-08,4.060708e-09,2.5366873e-09,1.9714728e-09,2.12727e-09,2.3058846e-09,2.1681263e-09,2.1516255e-09,1.3035267e-09,1.655888e-10,0.7474294,0.598846,0.50394964,0.43594715,0.2972238,0.20100155,0.22306858,0.25834018,0.19691214,0.20036398,0.30488676,0.5507162,8.538040794617904,16.578696696635443,15.903299375811972,17.146091567773333,17.051566277948613,16.10834784964073,42.88515068164884,1684.223183250043,1779.0646385341095,0.00586086,2910.517723880597,ABNORMAL
Cold (25),-620.87805,99.823586,16.873615,50.177345,-52.368313,22.29672,-24.555286,-11.154478,-14.7723875,-2.9808233,-18.113878,-0.48219758,-3.7986019,-0.7992405,-0.35556486,0.08649007,-0.32676828,0.011658263,-0.16045012,0.21699758,0.26470467,-0.009124975,0.27164343,0.23636457,0.09121267,0.19338351,0.013345718,-0.22885586,-0.17962217,-0.01728301,-0.09289763,-0.0046133995,0.064037666,0.017118478,0.05802423,-0.03091914,-0.060126383,-0.024336234,0.03964914,4.353641e-06,8.825451e-06,0.00028879684,0.00014831775,0.0011967069,0.00025436378,0.0005142517,0.0012839717,0.0006861478,0.0021817554,0.00058128743,0.0011916751,0.0039989473,0.0022226123,0.005364496,0.002154972,0.0046063107,0.008540123,0.004934564,0.006435548,0.0019128174,0.0040092175,0.0029045104,0.0017440175,0.0005779193,0.00028157918,0.0006367634,0.00033837976,0.00021106529,0.000550654,0.00027731867,0.0006435698,0.00024641366,0.00015961254,0.00035729492,0.0001258483,0.00027897832,0.00010172178,6.5816224e-05,0.0002407833,6.9511334e-05,7.726099e-05,0.00019778812,0.00017125193,0.00016327822,0.00014954185,0.00014664761,9.864835e-05,8.4636595e-05,6.666283e-05,4.4930937e-05,2.9210001e-05,1.7752913e-05,2.0273157e-05,2.8374347e-05,4.6107256e-05,7.032986e-05,0.0001130206,0.0001354119,9.708368e-05,4.0887408e-05,1.07184005e-05,5.022498e-06,3.918052e-06,3.373843e-06,2.4418832e-06,2.0367029e-06,1.6959125e-06,2.7388578e-06,2.2726144e-06,2.2818404e-06,2.680572e-06,2.5621307e-06,4.3146497e-06,6.510502e-06,6.8366285e-06,1.0262885e-05,1.48830295e-05,2.4589137e-05,3.2967167e-05,4.6576723e-05,7.263933e-05,9.327396e-05,0.000118217176,0.00012767162,0.0002728714,0.00069085776,0.0010212221,0.0016211187,0.0027618648,0.006390216,0.0033988429,0.0048639863,0.0047127106,0.003842757,0.0025231524,0.0022872458,0.0011876185,0.0014804672,0.001372876,0.0004924935,0.0002351712,0.0001888339,0.00012521086,9.319462e-05,0.00010997991,0.00014038396,0.00017701289,0.00019351844,0.00020271871,0.00013249577,3.8835286e-05,1.3388456e-05,4.553418e-06,3.9330234e-06,2.565966e-06,1.0754945e-06,5.1048545e-07,1.7290509e-07,4.7862475e-08,3.0827422e-08,1.9461881e-08,9.365344e-09,4.473484e-09,3.656547e-09,3.3995853e-09,2.7890472e-09,1.5191692e-09,0.51332027,0.49074373,0.4651096,0.41187823,0.38264346,0.40961722,0.41307423,0.44813114,0.46025667,0.47768965,0.57239467,0.56096107,17.180373498315433,6.52830596521089,10.74889295147466,14.594159540233088,15.95446741618002,16.88403964037366,49.12567554880972,2160.629016557868,1603.4539902921629,0.004544827,3348.265598244863,ABNORMAL
Cold (26),-626.96674,92.938835,8.802524,50.44375,-60.02809,27.261652,-25.353237,-10.8901415,-6.900681,-6.5040517,-10.605886,5.5346704,-3.2194173,0.049249195,-1.3327578,-0.22744353,0.29135045,-0.39725193,0.5152991,-0.014090501,0.031526193,0.17741169,0.086255126,0.023319114,0.11385731,-0.042607125,0.0023612417,-0.055862594,-0.02723651,-0.09686026,0.03470814,0.012405656,0.0025136727,0.059420694,0.05335481,-0.048521217,0.0030819299,-0.014224936,-0.035291646,3.4802433e-06,7.0549486e-06,0.00025255096,0.00012970291,0.0008516659,0.00017341528,0.0003499127,0.0014173401,0.0007574192,0.0020390437,0.00058853824,0.0012133687,0.0037229357,0.0020692055,0.0051666894,0.0016144491,0.0033781005,0.0058438582,0.003376637,0.004002352,0.0026528446,0.005999049,0.0059874845,0.0035951934,0.008220429,0.0064658225,0.015214987,0.0047716736,0.0029763442,0.0057810387,0.00228457,0.005116634,0.000555104,0.00035956438,0.0008930353,0.00020578394,0.00039957493,0.00021165893,0.00013694794,0.0006178407,0.0001551202,0.00017137527,0.0006693589,0.00052465615,0.0004562375,0.00028576844,0.000652933,0.0004981941,0.0005303635,0.0007639258,0.0014671582,0.0005123797,0.00015443211,0.00011584751,4.7450536e-05,3.7197715e-05,2.7208267e-05,1.7671231e-05,3.362112e-05,3.235461e-05,1.7933613e-05,3.972027e-05,3.0114079e-05,2.2626265e-05,2.7037207e-05,2.623756e-05,2.3661967e-05,1.1470694e-05,1.235823e-05,8.024774e-06,9.779051e-06,8.607784e-06,1.1593099e-05,1.5814505e-05,1.8595005e-05,1.620096e-05,1.3649711e-05,1.0355939e-05,9.1642105e-06,9.902365e-06,9.78538e-06,9.362978e-06,1.1054218e-05,1.8708733e-05,3.3880508e-05,7.354184e-05,0.00010407249,0.00014340569,0.00020283119,0.0004011441,0.0009879326,0.00147253,0.0017166067,0.0017217081,0.0022396916,0.0049042394,0.004785517,0.0037602445,0.002564274,0.0011110327,0.00045183004,0.00027080416,0.00013753059,0.00011770297,0.00010068807,0.00013314001,0.00010224509,0.00011037912,0.00011072843,8.137392e-05,4.0379724e-05,1.2640548e-05,3.4096606e-06,1.4202657e-06,6.60351e-07,4.7498054e-07,3.1449267e-07,1.131427e-07,3.27513e-08,1.626526e-08,1.1399944e-08,8.479978e-09,5.401512e-09,3.6012575e-09,3.4733483e-09,3.2819532e-09,2.2681963e-09,1.070698e-09,0.41599965,0.43937603,0.51599926,0.48403838,0.42175677,0.4795267,0.40484458,0.36239102,0.34160075,0.32750958,0.36936566,0.3908877,16.31480875192431,6.519177376704562,11.010408134447372,13.947491962899461,16.205880276876634,18.933908593544658,48.61785023308406,2338.0857489387504,1457.6660711678778,0.0036646365,3411.699695121951,ABNORMAL
Cold (27),-628.4634,114.83052,5.910389,32.581696,-51.0024,18.668158,-28.897644,-3.4467888,-11.70207,-0.38712883,-11.834711,0.06008769,-3.8070967,0.10396848,1.0730937,0.24452087,-0.2996291,0.3612615,-0.094484404,0.08973366,-0.26916027,-0.05500478,-0.065339155,-0.112433776,-0.012295264,-0.04442391,-0.12975262,-0.10372511,0.061081607,0.1914129,0.11000336,-0.05096672,-0.0019518455,-0.00678647,0.015297633,0.010325495,-0.041790728,-0.057243448,-0.05598267,3.829079e-06,7.762088e-06,0.0002652438,0.00013622158,0.0008771421,0.00014815707,0.00029609085,0.0015197295,0.0008121356,0.0023105105,0.00061514846,0.0012610252,0.0029964019,0.0016653981,0.0059371223,0.003120726,0.006786849,0.007468845,0.00431557,0.004187993,0.004612057,0.010676438,0.014093705,0.0084625855,0.006360126,0.0047115954,0.011043591,0.005962915,0.0037193839,0.004160123,0.0025902782,0.00615747,0.0016921466,0.001096075,0.003057286,0.0016231267,0.0038824081,0.0012343357,0.0007986421,0.0019341195,0.0006856412,0.000767771,0.0005737313,0.00021769151,0.00019291778,0.00015107237,0.00012274974,0.00015377284,0.0001811946,0.00021590844,0.0002860577,0.00037801874,0.00013286158,9.421312e-05,4.9887232e-05,1.9186322e-05,1.371396e-05,2.2401538e-05,2.3070821e-05,1.7698458e-05,2.8035358e-05,2.02313e-05,1.4694596e-05,1.8842185e-05,1.2888026e-05,1.341262e-05,7.891453e-06,3.410338e-06,2.7763024e-06,2.4425065e-06,3.1060097e-06,3.4810603e-06,5.861222e-06,8.74301e-06,9.953224e-06,7.577927e-06,1.1823091e-05,1.4383504e-05,6.3192965e-06,3.0659726e-06,4.6609803e-06,9.8447545e-06,6.2717736e-05,0.00016643546,8.0128186e-05,9.226263e-05,0.00037435218,0.00088698993,0.0007378849,0.000626572,0.0004984191,0.0004580366,0.0004467676,0.00040080593,0.00030602101,0.00018283747,0.00017833487,0.00024279994,0.00028968116,0.00018338779,7.855722e-05,5.300096e-05,4.4653996e-05,3.754456e-05,4.749615e-05,6.51936e-05,9.005306e-05,0.00012370771,5.1224084e-05,0.00022038432,0.0008675034,9.1337366e-05,2.7391147e-06,1.0155235e-06,5.700403e-07,3.8401694e-07,1.9806399e-07,8.569927e-08,2.9278107e-08,1.3161126e-08,1.6259342e-08,9.3977846e-08,1.7106373e-08,4.3287613e-09,4.193527e-09,4.008483e-09,3.1684992e-09,1.8679036e-09,0.43198073,0.44322047,0.47424978,0.4795204,0.37700126,0.41909403,0.38285187,0.38117796,0.47228128,0.50793344,0.5307761,0.542141,16.488787700780108,6.533944110353932,10.486565263478175,15.155500000678803,15.263939123816181,16.16945821985927,48.13133733307744,2006.8265814059002,1514.5887126726634,0.004566167,2892.626953125,ABNORMAL
Cold (28),-629.64655,81.285774,16.229662,60.28319,-51.761368,27.974869,-33.482426,-5.7008204,-4.323077,-9.32726,-15.961038,1.8666536,-6.526164,-0.4533164,-0.02299929,0.086021945,-0.026582401,0.3337327,0.053620283,-0.1553752,0.010660178,0.03530652,-0.14572048,-0.05073268,0.02680027,-0.05483309,0.0883387,0.057882093,0.080406494,-0.14580226,0.07790472,0.036758468,0.11636416,0.031122966,-0.009240681,0.04247146,0.029241132,-0.00207145,0.013976285,2.724204e-06,5.522349e-06,0.00034068938,0.00017496826,0.0014529155,0.00023765053,0.0004740652,0.0016711476,0.00089305267,0.0032166715,0.00084894,0.0017391602,0.006446154,0.0035827681,0.010466179,0.004579428,0.009847893,0.029475357,0.017031142,0.01853451,0.0029592856,0.005438069,0.0095609985,0.0057409154,0.0024840485,0.0009310115,0.0020380623,0.0021384554,0.0013338674,0.0016564445,0.0021336507,0.005335314,0.0024430894,0.0015824926,0.0014362573,0.0017389831,0.0044966713,0.0017389967,0.0011251689,0.00074130215,0.00040441853,0.00045801722,0.0004883359,0.0001389148,0.00012277202,0.000102505925,4.050808e-05,5.381856e-05,5.6857847e-05,4.807191e-05,2.3896822e-05,3.2189255e-05,2.6310465e-05,2.6711485e-05,2.930178e-05,2.3942506e-05,1.6640777e-05,1.3075523e-05,1.28583515e-05,1.5750555e-05,2.4627496e-05,2.3783818e-05,2.8992436e-05,2.3907602e-05,2.2985729e-05,2.1421345e-05,1.3544277e-05,8.932143e-06,7.540788e-06,6.424385e-06,7.7384175e-06,8.587303e-06,7.363898e-06,7.579735e-06,6.237117e-06,4.2273828e-06,3.480152e-06,3.6543029e-06,2.720676e-06,2.9249677e-06,3.7340847e-06,4.307053e-06,5.627051e-06,5.474679e-06,6.791451e-06,1.1823996e-05,2.059977e-05,3.3231237e-05,7.1322334e-05,0.0001447463,0.000519276,0.0012170526,0.0016429495,0.0015863024,0.0021119833,0.0035205488,0.0018504588,0.001823807,0.003673643,0.0033877213,0.0022067663,0.00095907366,0.00042871636,0.00038839452,0.00064739067,0.000939341,0.0006096227,0.00026873022,0.00016367495,8.258541e-05,4.817267e-05,1.634194e-05,7.4210234e-06,3.2941834e-06,1.6770606e-06,1.0009329e-06,4.5748033e-07,2.1732158e-07,6.891184e-08,2.9999672e-08,1.5926878e-08,9.325746e-09,5.03677e-09,3.7229098e-09,3.7101202e-09,3.7274344e-09,3.1057232e-09,1.8887107e-09,0.527684,0.50009906,0.47242576,0.44510075,0.39411718,0.3646272,0.37302303,0.40292567,0.37344337,0.37365958,0.4447025,0.50438553,17.623561727399327,7.24453938795038,10.932031276696975,14.095815368490937,14.92704052185125,19.007329664713964,49.44873227479328,2553.4035675712344,1591.6052642431023,0.003893182,3987.778093956954,ABNORMAL
Cold (29),-605.5266,136.53076,9.520504,33.53475,-41.0816,12.66427,-29.432077,-12.8944435,-7.999221,1.1884583,-10.9736,0.3223902,-3.871506,-0.18340564,-0.38250014,-0.23938479,0.28222033,0.38397685,0.2999043,0.15094113,-0.079177715,-0.0054293238,-0.037385494,-0.02925797,0.12055979,0.050284307,-0.4835429,-0.1591942,0.18140334,0.055405498,0.10933267,0.04148308,0.08676119,0.016200649,-0.041130293,0.025227431,0.13007411,0.035278767,-0.049486775,4.6231758e-06,9.371836e-06,0.00057177956,0.00029364953,0.002217812,0.00027565818,0.000539709,0.0021677827,0.0011584519,0.0041295392,0.0005172417,0.00097243756,0.0037452693,0.0020816184,0.007961168,0.0035836159,0.0077209747,0.016992463,0.009818407,0.0127921365,0.0076944763,0.017294545,0.02418723,0.014523258,0.008651155,0.0030650725,0.0066541233,0.005265631,0.0032844513,0.0020789693,0.0011621764,0.0027310632,0.0011105916,0.0007193772,0.0004906965,0.00028637753,0.00069392566,0.00019258815,0.00012460875,0.00031350384,0.00020612816,0.00023427696,0.00017829929,0.00025007667,0.00025555407,0.00028023744,0.00033378525,0.00080220966,0.0007371892,0.0006683387,0.0012033129,0.003296556,0.001267302,0.00092292856,0.0008767568,0.00046494187,0.00038008502,0.00037455233,0.00017367525,0.00017962074,0.00012140321,5.0619055e-05,5.6199653e-05,4.0195846e-05,3.878666e-05,2.1392645e-05,1.6943173e-05,8.429519e-06,4.8804295e-06,3.810126e-06,5.256999e-06,8.208619e-06,9.854532e-06,9.098056e-06,9.784766e-06,1.0490521e-05,1.2521358e-05,1.484319e-05,1.0858547e-05,9.567398e-06,7.8350395e-06,2.256918e-05,0.000108422944,4.2456762e-05,9.379182e-06,6.442695e-06,7.091168e-06,1.30154585e-05,2.3637152e-05,4.2983225e-05,7.9561796e-05,8.098907e-05,5.0052913e-05,3.26339e-05,2.1988755e-05,2.5362351e-05,2.9803366e-05,4.1878266e-05,3.3596443e-05,3.1382635e-05,1.8052928e-05,1.2092323e-05,8.088893e-06,8.271117e-06,8.326715e-06,8.078449e-06,1.1970139e-05,9.346651e-06,1.7775665e-05,1.1035435e-05,7.3179617e-06,3.8721873e-06,1.2732414e-06,4.994886e-07,3.2932184e-07,2.3102609e-07,1.0937289e-07,5.2187836e-08,1.8712718e-08,8.350707e-09,6.1933867e-09,5.333749e-09,4.574049e-09,4.3488657e-09,4.0200985e-09,4.14417e-09,2.9052407e-09,1.7783671e-09,0.51734143,0.492303,0.5169208,0.3892337,0.32499367,0.35951942,0.38492697,0.40880316,0.44367477,0.4481967,0.54907626,0.5458295,18.036977867636384,6.897475945389465,10.663300012626511,13.729140121073476,17.284316572487853,17.351212681412715,47.07929984066176,1563.4593106325426,1752.490777501428,0.0034476407,3087.3671234631147,ABNORMAL
Cold (3),-531.37213,44.88107,14.526749,-10.356094,-10.262842,-2.1121068,-13.930323,-11.004294,-18.202604,-12.256933,-22.843716,-4.492162,-22.003416,-0.28468835,0.09079339,0.2445127,-0.2994566,0.19958751,-0.09941553,-0.08171388,0.0015482634,-0.053994104,-0.026092673,0.06418297,-0.013507902,0.06869774,-0.31468314,0.107283995,-0.09919363,-0.054696802,-0.0029105467,0.008006905,-0.027044447,0.011308694,0.037832364,-0.018059261,0.042041697,0.0576212,0.0019342068,6.3838397e-06,1.2940952e-05,1.6023718e-05,8.22932e-06,4.2924978e-05,0.00044286973,0.000934343,0.008027105,0.004289643,0.044152383,0.014228674,0.0295415,0.007995556,0.0044439253,0.0034196014,0.000628979,0.0012268272,0.00076258834,0.0004406308,0.005796287,0.0052106767,0.0119672865,0.0048828707,0.0029319269,0.00078347273,0.00014886576,0.0002805086,0.0013746743,0.0008574568,0.0034467166,0.0020236832,0.0047813524,0.003872001,0.0025080591,0.0032517146,0.000527489,0.00084779086,0.0004366028,0.00028249156,0.0013156524,0.0007256958,0.0008220619,0.00071768335,0.00051858125,0.0005242499,0.0005795125,0.00013080405,5.4625987e-05,4.553916e-05,4.959242e-05,6.2646344e-05,0.00018605374,0.00042668352,0.0003785315,0.00021008903,8.75115e-05,5.2413106e-05,4.9425398e-05,6.504704e-05,0.00014203758,0.00023060005,0.00021371056,9.7445176e-05,8.316846e-05,7.7877776e-05,0.00023577221,0.00043095587,0.00018612485,0.00017538821,0.000100216974,6.123001e-05,3.4934525e-05,2.2327678e-05,1.5481097e-05,3.7035483e-05,0.00010939041,0.00019160342,0.00020542851,0.0001419426,0.00019841317,0.00033966554,0.0009650246,0.00063501106,0.00019281548,0.00012781862,0.00016615975,0.00040562192,0.0020606178,0.0029738552,0.002820113,0.004671527,0.006805994,0.0072819144,0.014010993,0.0141639365,0.009027715,0.006211804,0.003877939,0.0026072224,0.002471578,0.002789684,0.0031984625,0.0034349298,0.0017013915,0.00092983904,0.0006922138,0.001007978,0.0012455008,0.0012739433,0.0024766715,0.0027752868,0.0030563925,0.0029956289,0.0024316625,0.0016150981,0.0013556379,0.0009296477,0.00073617086,0.0016810665,0.0023995475,0.001050403,0.00055929046,0.00028372582,0.00034856945,0.0002580169,0.00023865083,0.00022672697,1.7404178e-05,0.5715112,0.6633807,0.5625857,0.45674273,0.35046133,0.28841555,0.24747781,0.2483607,0.295093,0.32709745,0.4071926,0.47389534,8.236566831267961,12.57108043687772,11.596268576307175,12.50215420688964,16.188755275953394,17.95941844101744,41.000864297941135,3480.0182323469517,2301.3965813432287,0.021717098,5533.701923076923,ABNORMAL
Cold (30),-638.1248,135.51486,8.186924,36.251427,-28.13813,11.737534,-32.12893,-13.73782,-4.549871,-2.5520704,-15.705192,1.7247978,-0.30437812,-0.18163212,1.3742188,0.53358275,-0.104231395,0.49621725,-0.41062635,0.13552499,0.03346503,-0.16975868,-0.07484893,-0.19526725,-0.10054089,0.0321572,-0.3891198,-0.14276215,0.005350218,0.11026296,0.18397391,0.002563777,-0.05693859,-0.03421963,0.06441771,-0.005880121,-0.075188145,-0.02969084,-0.009908412,3.6503911e-06,7.3998635e-06,0.00041998614,0.00021569281,0.0014591141,0.00019555987,0.00038506818,0.0014192848,0.0007584585,0.0022402708,0.0006129464,0.0012590016,0.0026061211,0.0014484804,0.0022286302,0.002328372,0.0052033286,0.00980449,0.005665127,0.0061865128,0.008111404,0.018882148,0.02475284,0.014862878,0.0069019822,0.0018971134,0.003936791,0.002912502,0.0018166808,0.0011312858,0.00068278116,0.0016179088,0.0005459838,0.0003536568,0.00060396467,0.00034766088,0.0008409079,0.0003118473,0.00020177204,0.00065308716,0.0003175819,0.00035875628,0.0003029444,0.00017932315,0.00023772345,0.0004298411,0.00026954888,0.0003108178,0.0006688769,0.00096240983,0.00067652337,0.0007704792,0.000915695,0.000310572,0.00034603197,0.00032561168,0.00018970366,0.00044668996,0.0004313432,0.00015173825,0.0001855214,0.00012214083,6.485706e-05,6.426451e-05,5.3246706e-05,5.6796027e-05,2.6048796e-05,1.7687316e-05,7.238939e-06,3.5795474e-06,4.8065513e-06,4.2657994e-06,3.278721e-06,4.081585e-06,3.5383073e-06,2.895479e-06,2.7354622e-06,1.6340331e-06,1.2066727e-06,1.0431006e-06,1.5094946e-06,1.969656e-06,2.538316e-06,4.655469e-06,7.189441e-06,1.0899025e-05,1.7062543e-05,2.3771214e-05,3.2640182e-05,2.9874791e-05,4.2779786e-05,7.4585216e-05,7.862706e-05,0.00016692307,0.0002584789,0.00017112445,0.00016709344,0.00015356038,9.041051e-05,8.412362e-05,6.103461e-05,4.5625824e-05,1.7999933e-05,1.8594319e-05,2.212893e-05,3.552937e-05,5.456229e-05,4.2350704e-05,1.7414402e-05,1.7395932e-05,1.1118429e-05,2.704627e-06,8.0753256e-07,3.7148234e-07,2.3307875e-07,1.6638249e-07,9.8591286e-08,3.9371205e-08,1.2829423e-08,5.8470886e-09,4.6612803e-09,4.1390726e-09,3.782054e-09,3.2121557e-09,3.3518883e-09,3.1871012e-09,2.2287192e-09,1.0502702e-09,0.5019244,0.564288,0.6145845,0.5850921,0.4095277,0.39730632,0.34172454,0.3283495,0.3933323,0.46724495,0.5783784,0.5794084,17.694108148081654,6.648379471622175,11.300521381474255,13.157012008567545,16.687785156326814,16.894933493354706,46.52453983278785,1525.695126642937,1605.27742597074,0.0038809527,2626.8128453038676,ABNORMAL
Cold (31),-617.55255,124.88028,8.123013,20.25641,-50.27109,17.748028,-31.64069,-5.5841556,-10.766413,-4.487059,-4.63102,5.0898905,1.7511779,0.2122196,-1.4812992,-0.14465071,-0.061672892,-0.8913797,0.6412113,-0.07643379,-0.07509422,0.037452977,0.20750695,0.12050217,0.106981955,-0.014241703,-0.26383558,-0.15473968,0.20715998,-0.032381184,-0.02018431,0.21681927,0.07492674,0.009356809,-0.03708693,-0.021713145,0.05742945,-0.020908903,0.0061590727,9.979646e-06,2.0230162e-05,0.00034325887,0.00017628788,0.0012229228,0.00014899264,0.0002912492,0.0010330095,0.0005520349,0.0017815725,0.00033368895,0.00066281774,0.0019223616,0.0010684475,0.0028449302,0.002076508,0.0045860726,0.009241529,0.005339843,0.009812196,0.008647653,0.019843776,0.028059142,0.016848154,0.019835623,0.0039621214,0.0075852796,0.0056602103,0.0035305712,0.00442524,0.0008862295,0.0016601951,0.0013979281,0.0009054972,0.0014414145,0.00032201977,0.00061721547,0.00074224215,0.00048024688,0.0013446468,0.0004952434,0.0005552422,0.0025576353,0.0009330344,0.0011400792,0.0019083703,0.0041551706,0.0015158454,0.001008858,0.00078192103,0.0005087365,0.00011819042,7.550941e-05,4.8114853e-05,3.1083724e-05,2.3093602e-05,1.4346706e-05,9.3128665e-06,8.402593e-06,8.541634e-06,1.5176965e-05,1.3037172e-05,1.0584151e-05,1.072827e-05,7.2015387e-06,7.2499274e-06,7.225947e-06,4.6934542e-06,5.9176123e-06,1.2970236e-05,1.8586185e-05,1.4945786e-05,1.1711228e-05,8.408288e-06,7.964727e-06,6.166274e-06,6.2572535e-06,4.598367e-06,6.4105757e-06,1.0197929e-05,7.4480513e-06,4.7869116e-06,3.1087748e-06,2.687849e-06,3.2556302e-06,5.3974672e-06,9.951745e-06,1.3428136e-05,2.6920337e-05,2.7238639e-05,2.7085654e-05,3.653091e-05,6.3257e-05,0.00010886515,0.00021901645,0.00044660823,0.00062715955,0.0007700315,0.0014268244,0.0021498208,0.002171516,0.0031615845,0.0014668858,0.0007541918,0.00085857057,0.00070611865,0.0006427561,0.00032131007,7.866011e-05,7.072494e-05,6.0256374e-05,2.0103964e-05,5.4582943e-06,1.9876695e-06,1.2135811e-06,8.9655845e-07,4.5160294e-07,2.0096823e-07,7.60117e-08,3.3118774e-08,2.477837e-08,2.2912502e-08,1.6208674e-08,1.4609365e-08,1.4781266e-08,1.4144147e-08,1.3068016e-08,1.1875914e-08,0.4050237,0.51556534,0.6514802,0.650845,0.4218447,0.32918817,0.29986227,0.27527073,0.2628261,0.30063605,0.37962487,0.4190843,16.29556728654134,6.845579220951698,10.07677544707095,14.34619285775723,15.879100420730788,16.592786745307343,45.225822839714006,1893.2904912799484,1465.8470862350293,0.0044094147,2799.650254360465,ABNORMAL
Cold (32),-634.06903,141.2823,10.744953,27.586653,-26.643785,14.761784,-32.892776,-7.621276,-5.6305294,-2.307356,-17.011995,0.3104051,0.2261592,-0.6670834,-0.34802473,0.2639628,0.35473526,0.22436707,-0.12881358,0.020497322,0.18432999,0.2868813,0.21070102,0.14912824,0.0883337,0.18157351,-0.05793667,-0.19563988,-0.16662943,0.029110875,0.15066482,0.087335855,0.0062226984,-0.07604716,-0.02323317,-0.05602698,0.05989996,0.025599195,-0.015266706,6.769613e-06,1.3722967e-05,0.0005026319,0.0002581373,0.0019912263,0.0002260239,0.00043923015,0.0015543072,0.0008306137,0.0030200344,0.00037725142,0.00070892205,0.003174481,0.0017643744,0.0053631645,0.0030326247,0.006621034,0.027001156,0.015601526,0.024469964,0.005868992,0.01188023,0.0109394025,0.00656858,0.0028930148,0.00059131504,0.0011399464,0.0010161949,0.0006338544,0.0011764215,0.0002975822,0.0006035036,0.0003972563,0.00025731974,0.00045605117,0.00014492468,0.00031309176,0.00034042043,0.00022025945,0.00069206423,0.00014262051,0.0001559656,0.0002918585,0.00014044339,0.00013939528,0.00015253064,0.0002173484,0.00016464014,0.00014453854,0.0001209609,0.00011357638,8.640022e-05,0.0001902263,0.00019595196,0.00012765762,0.00013775783,0.00014369113,0.00022041635,0.00018320994,0.00014599775,0.00038628047,0.0001793266,8.579027e-05,0.00011457539,7.690895e-05,5.764793e-05,3.002324e-05,2.2140484e-05,1.24573235e-05,1.554632e-05,1.7426364e-05,1.6988746e-05,7.474973e-06,5.0257004e-06,2.724858e-06,2.1730427e-06,1.6014674e-06,9.574815e-07,8.200343e-07,1.0308217e-06,1.2487603e-06,1.5474237e-06,2.326568e-06,3.4784107e-06,3.6310735e-06,9.102624e-06,1.7691435e-05,2.0277628e-05,2.0968002e-05,2.2538483e-05,2.2195516e-05,2.249024e-05,1.8870596e-05,1.9804396e-05,3.8353857e-05,5.7741818e-05,5.5945613e-05,6.0393857e-05,5.7068428e-05,2.4422941e-05,7.969457e-06,6.258432e-06,6.5884597e-06,4.317865e-06,1.0157968e-05,3.7163558e-05,2.2619624e-05,1.07528085e-05,1.1166803e-05,9.103032e-06,6.4219803e-06,2.5325296e-06,7.0576e-07,3.8506732e-07,2.3329373e-07,1.504903e-07,7.9966675e-08,3.720652e-08,1.4258229e-08,7.486552e-09,5.8595604e-09,5.1419367e-09,4.508488e-09,4.421006e-09,4.3375397e-09,4.200735e-09,3.3139296e-09,1.875396e-09,0.7248461,0.60627335,0.50362724,0.4449636,0.33190054,0.32768422,0.34377986,0.39171588,0.41187015,0.45786762,0.5754779,0.7158685,18.824045013176665,6.931756525119745,10.835081569000076,13.941324369683002,17.064225668702214,15.852822771449745,45.769060012279304,1430.776431758025,1699.040904913412,0.0040205624,2528.35693359375,ABNORMAL
Cold (33),-597.7847,110.40478,12.797222,38.937695,-50.932262,25.988234,-32.29405,-15.227539,-12.491691,-2.831192,-17.415848,-2.7469163,-5.8446417,0.497181,-1.0004826,-0.49601385,0.068733,-0.09973393,0.6316186,-0.16536963,-0.03601302,-0.07658066,-0.013219482,0.10490151,-0.04655573,-0.035177656,0.13516854,-0.433193,-0.4629347,-0.062981114,0.0049103056,-0.044207394,-0.11020008,-0.05543838,0.05518971,0.036302444,0.042768855,0.021921976,0.06079164,5.9429954e-06,1.2047298e-05,0.00034593747,0.00017766355,0.0013039962,0.00018609835,0.00036805272,0.0015342952,0.00081991934,0.0026543895,0.00084228185,0.0017471038,0.007195689,0.00399936,0.009752403,0.0070152087,0.015484485,0.03628913,0.020968206,0.024187833,0.0032131018,0.0055423235,0.003892044,0.0023369836,0.000974756,0.00039060638,0.00086298987,0.0005479725,0.00034179934,0.0011130833,0.0010622006,0.0026131882,0.0010289205,0.00066647533,0.001190335,0.0005797373,0.0013686634,0.00051248854,0.0003315913,0.0010485292,0.0003066869,0.000341057,0.0004523448,0.00019321952,0.00016726,0.000114718416,8.431472e-05,6.4296684e-05,9.036514e-05,0.00015893932,0.00030127083,0.00017648775,0.00059259287,0.0011644793,0.00051756826,0.00017162228,0.0001310489,7.531452e-05,5.040264e-05,5.7639892e-05,4.9518407e-05,4.3574655e-05,2.0946442e-05,1.15745115e-05,8.858233e-06,7.1475247e-06,8.227638e-06,4.892581e-06,5.840367e-06,6.0301027e-06,1.70952e-05,1.6053124e-05,7.1004806e-06,6.7842384e-06,4.9690548e-06,3.0862786e-06,2.0410773e-06,1.3664614e-06,1.1438258e-06,1.4486633e-06,3.3098268e-06,1.4956675e-05,4.4235287e-05,0.00010229141,0.000324516,0.00045068518,0.00029785148,0.00039001182,0.0003992678,0.0006227252,0.0010866518,0.0011437577,0.001481259,0.0014445782,0.0025981937,0.004081497,0.0036564432,0.0075502363,0.010010283,0.00645808,0.0030441147,0.0017831211,0.0007073287,0.0003972821,0.00053297,0.00086224667,0.00052948575,0.00048202515,0.00032359143,0.00031964175,0.00026133982,0.00010100307,3.6705253e-05,1.0196679e-05,7.159223e-06,5.9811796e-06,4.1284843e-06,1.3266169e-06,3.5936304e-07,1.1785486e-07,9.324541e-08,5.0932783e-08,2.5526786e-08,1.6677154e-08,1.5474475e-08,1.5455948e-08,1.45822066e-08,1.292862e-08,0.45673332,0.3459537,0.35097837,0.3767799,0.3534468,0.34771273,0.36108464,0.39300996,0.44022486,0.5083798,0.62379897,0.57989204,16.869771875762556,7.4596878912115825,11.065061975902495,14.064925845342772,16.994666258793174,17.62803220960769,47.22029992342927,2107.872582737495,1551.8229684654168,0.005172337,3302.578125,ABNORMAL
Cold (34),-563.1886,125.6817,11.202247,30.380693,-43.95525,19.004978,-41.595905,-10.423949,-5.0642686,-13.885698,-20.098656,5.568614,-2.5024579,-0.45398465,0.5683487,0.13233466,-0.39041415,-0.2096336,-0.5314592,0.23367141,0.302387,0.2353971,0.11625714,-0.20137303,-0.37578693,0.09721537,-0.017278947,-0.47344577,0.04554362,0.30393484,0.14705612,0.0013657707,0.10504919,-0.08979938,0.1483188,-0.02724886,-0.022968916,0.035609074,-0.0018361426,1.4241106e-05,2.8868752e-05,0.0006662681,0.00034217615,0.0024166943,0.00029363664,0.0005738727,0.0020203302,0.0010796539,0.0036197868,0.0009825688,0.0020170636,0.008809126,0.0048961067,0.013337573,0.0069498685,0.015107005,0.045396484,0.026230527,0.032233752,0.007588895,0.015308881,0.0342406,0.020559818,0.014700051,0.0012357109,0.0013657222,0.0019685554,0.0012278918,0.0012428157,0.00055413943,0.0012647894,0.00126144,0.0008170881,0.0013868368,0.0005692447,0.0013039235,0.0008706937,0.00056335784,0.00085649156,0.00051499077,0.00058437296,0.0008178014,0.0004983024,0.0006141743,0.0010070453,0.00092589634,0.0011419501,0.0019590561,0.0025751058,0.0018853853,0.001394986,0.002077852,0.00079486537,0.0004314424,0.00040070352,0.00021422878,0.00017608887,0.00018596639,0.00015097816,0.0001398254,0.00014199398,0.00017707516,0.00017010268,0.00021405172,0.00020287592,0.00010849772,6.35304e-05,4.835128e-05,2.7675498e-05,2.9466664e-05,2.3748587e-05,2.0019204e-05,1.4235995e-05,7.9147385e-06,5.0145863e-06,4.3518176e-06,3.6478639e-06,2.2248666e-06,2.216467e-06,2.596649e-06,4.955959e-06,7.686907e-06,5.517496e-06,4.964236e-06,6.349538e-06,1.0264422e-05,2.398239e-05,9.430424e-05,0.0003374153,0.00049077853,0.0011001559,0.0019291278,0.0013712437,0.0018716034,0.0032580637,0.010772297,0.011360062,0.025721584,0.029246595,0.019055722,0.0054175854,0.0021673052,0.0019430622,0.0019108653,0.0033487775,0.0021303773,0.0016018107,0.00087051926,0.0006281252,0.0005621558,0.000260334,0.00011257835,6.130552e-05,2.6487816e-05,1.3979138e-05,7.78538e-06,3.3684003e-06,1.1332464e-06,5.8054894e-07,2.1715941e-07,1.11666296e-07,3.8539337e-08,2.3731015e-08,1.9625402e-08,1.8481673e-08,1.8253706e-08,1.6751992e-08,0.4104613,0.34754673,0.45278674,0.4235511,0.39022195,0.33865216,0.33409336,0.3340282,0.3794493,0.46846524,0.6328941,0.5440386,17.43737904876768,6.668355016850035,11.13896781876167,14.39891829695444,16.524205437374494,17.916039899766822,45.66198439211268,1887.0538071033416,1510.119638591898,0.0030090965,3067.794215425532,ABNORMAL
Cold (35),-598.6382,132.7312,-3.041593,28.431944,-26.356865,21.990623,-37.707264,-20.585575,-6.395363,-9.273812,-18.047169,5.6211076,-1.9724019,-0.21817267,0.19673231,0.08855408,-0.29638913,0.04455713,0.12952335,0.008757613,-0.22188966,-0.22396877,0.16956252,0.17372206,-0.14780052,-0.07382395,-0.15550907,-0.1387004,0.21847375,-0.038172197,0.022470731,-0.01399252,0.05627274,0.009102655,0.036784135,0.078133665,0.011217691,-0.09581331,0.045751937,4.397821e-06,8.91501e-06,0.0004873014,0.000250264,0.0017503627,0.00016842003,0.00032219553,0.0017417917,0.00093080447,0.0034268638,0.00043525765,0.0008202382,0.007025202,0.0039046027,0.014275062,0.0030156483,0.006016576,0.033203673,0.019185396,0.04144848,0.0049205264,0.008094682,0.006564633,0.0039417436,0.0020974732,0.00081744936,0.0017992817,0.0011174908,0.00069703796,0.00050051254,0.00024083105,0.00055557524,0.00029529256,0.00019127349,0.00046384195,0.0002508817,0.00060168916,0.0001902541,0.00012309857,0.0008339493,0.00043561994,0.00049289636,0.00039556733,0.00019191961,0.00023378474,0.00038169904,0.0004349076,0.0002955969,0.0003183917,0.00035080567,0.00034645616,0.0005781537,0.0008331138,0.00044216638,0.0004148661,0.0006826513,0.00047618587,0.00023508523,0.00048558612,0.000336121,0.00018163296,0.0004318479,0.00023639457,0.0005147188,0.00041917062,0.00018973966,0.00014575224,4.6732457e-05,7.110306e-05,2.7370626e-05,3.2418375e-05,2.495134e-05,2.8788363e-05,1.6076312e-05,1.0895768e-05,3.6179676e-06,1.800286e-06,1.3074774e-06,1.0427151e-06,1.9104082e-06,2.571899e-06,3.4736704e-06,4.1374087e-06,8.430617e-06,1.3891549e-05,3.4831948e-05,5.0866518e-05,0.0001865603,0.00041247552,0.00041508404,0.0005575962,0.00072868774,0.0011025484,0.0013525957,0.0033432592,0.0035710814,0.0027296154,0.0011558508,0.00063061056,0.00039385408,0.00014213768,0.000111505484,0.00015247603,0.00014288208,0.00043071297,0.0006464163,0.00035430965,0.000277802,0.00015476454,9.2553e-05,7.695996e-05,1.2767947e-05,5.3832982e-06,4.4852186e-06,1.6540731e-06,1.0894474e-06,4.5091994e-07,2.5191005e-07,7.6029465e-08,3.7275246e-08,1.2912635e-08,1.2487599e-08,6.82144e-09,4.705667e-09,4.191008e-09,4.567776e-09,4.7098765e-09,3.7702406e-09,0.6338717,0.5113454,0.42640647,0.35154712,0.29802623,0.3632747,0.4030001,0.43921557,0.39121875,0.37743923,0.5453987,0.6621717,18.208728177965043,7.947264825073351,11.89908649479602,11.79682755264337,19.424199112731653,16.809250844600104,46.85512977226453,1634.824215006455,1540.880685381905,0.0030874026,2695.414936625874,ABNORMAL
Cold (36),-625.38873,130.61086,11.5601635,30.661781,-46.438942,18.404331,-23.562925,-4.3154364,-17.906454,-3.4777153,-14.802416,0.01851237,-2.6573713,0.6781865,0.026735056,0.15788144,-0.40194404,-0.4080156,0.024635244,0.1780507,0.38686585,-0.21636172,0.07795245,0.18878348,-0.015365636,0.12950248,-0.032997772,-0.27512145,-0.010235372,-0.08303794,0.09613685,0.10523944,0.1288979,-0.03754147,-0.078314826,-0.015174404,0.09095395,0.1074187,-0.0073892507,3.584046e-06,7.2653716e-06,0.00042860702,0.00022012019,0.0016477482,0.00019765331,0.00038588486,0.001949075,0.0010415756,0.0030994164,0.00042233567,0.0008049579,0.0032461823,0.0018042261,0.004303371,0.0028249833,0.006211643,0.023092339,0.013342973,0.021212019,0.0028331645,0.0048972755,0.0070680114,0.004243998,0.004910795,0.0012534745,0.0025599804,0.0014758467,0.00092056335,0.0021748,0.0011329589,0.0026403752,0.00122845,0.00079571916,0.0010054334,0.0005237841,0.0012494015,0.001156753,0.0007484445,0.00093000685,0.0006451582,0.00073392177,0.0020944125,0.00065808353,0.00072789553,0.001058329,0.0016694586,0.0007544269,0.00073860015,0.00081879244,0.0006980529,0.00028551774,0.00021791851,0.00011173159,5.59664e-05,3.936107e-05,2.7777298e-05,2.7061958e-05,2.850025e-05,1.4567562e-05,9.687616e-06,7.745173e-06,6.517226e-06,7.39742e-06,6.967109e-06,7.563959e-06,4.496156e-06,3.5900605e-06,6.4722853e-06,1.0508714e-05,2.3582475e-05,5.8781592e-05,6.98814e-05,7.458073e-05,0.00010329959,8.645607e-05,6.858561e-05,3.2266355e-05,1.2567767e-05,1.3256836e-05,1.46894345e-05,2.410961e-05,4.0072217e-05,5.5623674e-05,6.857699e-05,7.0002374e-05,0.00010007934,0.0002376142,0.00044105877,0.0004886324,0.0006344307,0.00038421678,0.00042407922,0.00031865074,0.00016787881,0.00021661578,0.00022734259,0.00019220446,0.00024303798,0.00022870119,0.00011558737,7.183117e-05,5.3818054e-05,4.992548e-05,0.00010545819,0.00010113543,9.080289e-05,7.441476e-05,7.9619494e-05,5.914153e-05,3.7278547e-05,1.6678241e-05,6.3152356e-06,2.4502074e-06,1.3782862e-06,1.1687117e-06,5.284802e-07,2.6972356e-07,6.5325565e-08,2.4806285e-08,1.525276e-08,9.383678e-09,5.583773e-09,4.4456256e-09,5.2312457e-09,6.628414e-09,9.3059125e-09,9.685879e-09,0.546517,0.42698026,0.40985438,0.36734378,0.3716797,0.32680213,0.336157,0.4157054,0.47125936,0.5678157,0.74803686,0.6913482,18.396050920722985,7.122733526534698,11.115014238282846,15.157406617196182,15.59455901965405,14.996599359430963,47.99380474470573,1725.2347692017297,1540.8136797931145,0.004142997,2711.043648097826,ABNORMAL
Cold (37),-580.72784,55.11782,15.515811,55.458225,-42.991615,36.080326,-41.214462,-11.454754,-1.8850399,-13.4702215,-20.344765,1.8139727,-4.222467,-0.8632451,0.44524232,1.0118781,-0.34043688,0.40054023,-0.102563836,0.62867016,0.30648726,-0.79381055,-0.011563181,0.06983223,-0.19874091,0.068372145,0.3552225,-0.5607547,-0.17118038,0.19216435,0.21435936,-0.097163975,0.0027397408,0.077308394,0.16570142,0.020440483,0.044411186,0.15710771,0.10484556,9.1352595e-06,1.8518474e-05,0.00035861135,0.0001841725,0.0013401344,0.00022386602,0.00044711254,0.001771091,0.00094646186,0.0031789993,0.0010931705,0.0022782017,0.010929936,0.006074851,0.010553941,0.0025654547,0.0052192803,0.027853345,0.016093932,0.022032028,0.0015774695,0.001815766,0.0037341365,0.0022421677,0.0021200306,0.00023886228,0.00034873583,0.00048072965,0.00029985636,0.00023359248,8.638708e-05,0.0001912467,0.00023708242,0.00015356831,0.00011233921,9.427257e-05,0.00023745057,0.00017310608,0.00011200342,0.00029070282,0.0011701849,0.0013491993,0.0014237657,0.00022256782,0.0005901202,0.0017794057,0.0013425251,0.000521008,0.0004951872,0.0005109708,0.00021859349,0.00021804079,0.00030941912,0.00012149691,6.6902256e-05,3.894055e-05,3.3236975e-05,6.3967644e-05,7.433762e-05,4.4167235e-05,5.3572727e-05,6.640793e-05,6.215207e-05,5.8099467e-05,9.5087424e-05,0.00021197165,0.0001354055,8.609938e-05,6.342817e-05,4.345718e-05,3.30521e-05,3.2528907e-05,1.9164792e-05,1.4911923e-05,8.691789e-06,5.1315587e-06,3.5736523e-06,2.9064215e-06,2.2240647e-06,2.5442312e-06,3.1768411e-06,3.8739145e-06,5.1213246e-06,7.671298e-06,1.4184765e-05,4.398858e-05,0.00012364337,0.0002501702,0.00027001233,0.0005642945,0.001085244,0.0024043436,0.005602907,0.010583779,0.010779951,0.017196069,0.01758981,0.020195078,0.025055053,0.022338152,0.016613804,0.030620791,0.017681891,0.013665091,0.010724184,0.012170901,0.011421391,0.006895194,0.0048973286,0.0030784996,0.0025457442,0.000944507,0.00020841464,8.168892e-05,4.9647268e-05,3.156309e-05,1.2834063e-05,6.8915715e-06,2.3830492e-06,9.097839e-07,6.139669e-07,4.96215e-07,2.1471995e-07,1.4109128e-07,1.2150426e-07,1.1776908e-07,1.1513792e-07,1.1142145e-07,0.39171308,0.34763488,0.40822047,0.52008843,0.47383118,0.45058954,0.41926786,0.35765702,0.26397574,0.22852996,0.33578494,0.38000652,16.999555205093632,7.311766277016002,11.710991156385663,12.324724425413569,16.31192509979743,20.266437915434974,47.917348159451066,2901.650845426291,1462.5014939248151,0.0052154753,4275.360814144737,ABNORMAL
Cold (38),-620.6104,109.15782,-3.2541854,28.947496,-42.267033,19.21066,-30.43239,-1.1551648,-8.630504,-11.200683,-16.181736,5.1161485,1.1157959,-0.3757281,-1.3815575,-0.65684533,0.7779496,0.14410801,0.024880506,-0.19285373,-0.059358113,0.250631,0.03786262,0.15640374,0.17696925,-0.005516726,-0.34907436,-0.019448757,0.20418617,0.08901426,0.076679036,-0.18816727,0.09036692,0.07179288,0.10680983,0.032320067,0.03401853,-0.043742105,-0.08521567,3.6130427e-06,7.3241517e-06,0.0002907193,0.00014930507,0.0012673383,0.00015048121,0.00029354397,0.0011342001,0.00060611067,0.0022491214,0.00036480871,0.000712519,0.00351979,0.001956297,0.0055553773,0.0020501234,0.00435352,0.009766321,0.005643073,0.009369854,0.010151964,0.023487264,0.015688505,0.009420186,0.0067837494,0.0081829,0.019680671,0.0056642015,0.003533061,0.0030178889,0.0018726281,0.004449971,0.0010413156,0.00067450426,0.0019508325,0.00066054025,0.001450435,0.0013962765,0.0009034214,0.007442738,0.0017132775,0.0018848276,0.0045391275,0.0042638658,0.0035510864,0.0016396454,0.0012753749,0.0011117185,0.00069648767,0.00018400693,0.00011071337,8.97917e-05,3.2794378e-05,2.4595414e-05,2.178678e-05,3.6956884e-05,4.3355594e-05,4.2476462e-05,3.4052722e-05,2.7095943e-05,2.4436436e-05,4.68416e-05,5.828725e-05,6.546767e-05,8.9923946e-05,6.1954786e-05,4.330019e-05,3.732063e-05,5.5577977e-05,3.913308e-05,7.440167e-05,0.00010660817,9.3807976e-05,8.7655615e-05,6.1629486e-05,6.5274115e-05,5.3633994e-05,2.5743813e-05,1.0082359e-05,6.63854e-06,6.852126e-06,6.8769023e-06,1.0687212e-05,1.8156448e-05,3.9722196e-05,0.00012526328,0.00037934165,0.00067148986,0.0012770223,0.0010682544,0.0010018165,0.0005973364,0.00058215694,0.00035592154,0.0002402288,0.00033259924,0.00038333994,0.0004462028,0.00030689145,0.00028764288,0.00024251314,0.00014785655,0.00013565611,9.892243e-05,0.00027060896,0.0003382003,0.00037789665,0.00028774422,0.00026585103,0.00021874408,0.00012584841,8.479147e-05,3.793012e-05,8.0689415e-06,3.4000884e-06,2.0192285e-06,1.5358638e-06,4.2126854e-07,1.5816318e-07,8.536878e-08,7.589525e-08,2.6779619e-08,1.0106008e-08,5.3926485e-09,4.8125144e-09,4.6085966e-09,3.809698e-09,2.6246745e-09,0.589148,0.53218013,0.5215153,0.46260908,0.37272015,0.41861418,0.40660056,0.438462,0.437642,0.4029029,0.4507404,0.5773716,16.89950943180897,6.461194472107536,10.78162592596439,14.471186709066364,16.942591234527175,16.03029297111496,46.61990384706442,2097.870607899115,1542.423322844165,0.0063071786,3200.333305027174,ABNORMAL
Cold (39),-633.0459,100.59955,12.453377,43.456276,-32.38277,21.755573,-37.118217,-1.6798778,-2.8770914,-6.698221,-13.518368,0.92020607,-3.3667138,0.54586506,-1.612792,-0.46501064,0.71972346,-0.5537201,-0.21661143,-0.27408427,0.29080814,-0.033757385,0.067922436,0.10727709,-0.012189336,-0.051837467,-0.5456876,0.28306437,0.29278708,-0.17678244,-0.088342406,0.044779424,0.19131286,-0.03306504,-0.08599767,-0.024493102,0.16540591,0.033006243,-0.011244344,9.110984e-06,1.8469262e-05,0.00032922294,0.00016907942,0.0010900211,0.0001402235,0.00027527136,0.0013865548,0.00074096763,0.0024711275,0.0002861939,0.00053057336,0.0020305438,0.001128575,0.0025877962,0.00034218738,0.00062128203,0.0009239659,0.0005338762,0.00087332365,0.0015964274,0.0037469289,0.004211579,0.0025288488,0.0010660611,0.00066703785,0.001544027,0.00076646917,0.00047808723,0.00030528163,0.00025217677,0.00061429443,0.00018259905,0.00011827715,0.00042759455,0.00024088072,0.0005809587,0.0001269814,8.2159735e-05,0.0008615304,0.0003640632,0.00040980757,8.8353634e-05,8.353438e-05,7.646466e-05,5.9708953e-05,1.9247133e-05,1.965774e-05,1.8818977e-05,1.5897136e-05,1.3193785e-05,2.779879e-05,3.29639e-05,6.3883635e-05,4.5803838e-05,3.0929772e-05,3.0951833e-05,2.1935513e-05,1.8034276e-05,1.6314973e-05,1.42452955e-05,4.009758e-05,5.81367e-05,0.00012898145,0.00021773952,0.00022871602,0.00036959042,0.00014914825,0.00028763476,9.7551885e-05,9.8618126e-05,5.8937727e-05,6.7542154e-05,6.215621e-05,3.4254124e-05,4.2571377e-05,1.9947765e-05,6.05579e-06,4.9726264e-06,5.5039986e-06,1.0840629e-05,4.5559274e-05,7.1061266e-05,5.4148186e-05,4.7242676e-05,8.486831e-05,0.00022086134,0.000254177,0.00024962155,0.00017672215,0.00013738008,0.00015255425,0.00029060134,0.00045557358,0.0005177008,0.0010743235,0.0045418935,0.004886993,0.002114517,0.0023545416,0.0014408962,0.001477459,0.00094053056,0.00073626975,0.00065544486,0.0009134198,0.00062434777,0.00026790897,0.00018487769,8.552499e-05,0.00012590886,7.591067e-05,1.23085465e-05,6.1612213e-06,3.4839852e-06,2.1798446e-06,9.234015e-07,4.5505e-07,1.746118e-07,6.840333e-08,4.4133106e-08,3.1609325e-08,1.344231e-08,1.13908145e-08,1.0729252e-08,1.0002559e-08,9.504023e-09,8.451527e-09,0.5237804,0.5443627,0.5509884,0.4722971,0.42722705,0.42222357,0.41416326,0.40463367,0.38500905,0.38870206,0.46002632,0.48289153,17.20101509835972,6.6038024369962045,10.930378799776392,13.240855949218073,16.50870121042171,17.779895301088256,47.42761179973229,2250.938384976974,1618.5581610862018,0.00583199,3447.2700639204545,ABNORMAL
Cold (4),-539.21136,60.145836,16.352224,8.007537,-16.606016,-9.636462,-13.954346,-15.054381,-21.162134,-17.891157,-13.212762,-10.294066,-15.567228,-0.52082026,-0.10572182,0.21970317,0.1649451,0.13553171,0.058895517,0.05123681,-0.04298561,0.06337449,-0.0388184,0.026405746,-0.039684035,-0.06507456,-0.19638632,0.02403097,-0.057459526,-0.084273286,0.1368613,0.029862495,0.038729716,0.033903744,0.025134655,0.018051483,-0.043926116,0.029457934,0.0274509,7.702161e-06,1.5613377e-05,4.9507235e-05,2.542549e-05,8.60008e-05,0.00048316852,0.0010186151,0.011963438,0.006393199,0.040914897,0.011086249,0.022755435,0.013498352,0.0075023766,0.012546439,0.0035142812,0.0072708675,0.0037433666,0.0021629527,0.008254304,0.0028252145,0.0060330676,0.004651489,0.0027929933,0.003184264,0.0019660129,0.004545877,0.005783719,0.0036076105,0.006070269,0.00096193794,0.0016135701,0.00042285325,0.00027389996,0.0009400325,0.000711448,0.0017750631,0.0007356992,0.0004760134,0.0007140817,0.00015618549,0.00017136507,0.00017787093,8.241616e-05,8.6471795e-05,0.000108623084,0.0002614923,0.00022979343,0.00016168265,7.186527e-05,4.511171e-05,3.6136982e-05,2.6467093e-05,3.749816e-05,4.351049e-05,3.9736642e-05,2.521273e-05,2.0794405e-05,3.224982e-05,4.319764e-05,4.3120588e-05,4.1564603e-05,3.3891385e-05,3.574938e-05,6.5544846e-05,0.00011916469,0.00018950414,0.00038469356,0.00028885706,9.106017e-05,9.47913e-05,0.00013583845,0.00017581531,0.00020185547,0.0004038238,0.0004618229,0.00017293448,0.00016334158,0.00023074054,0.00031729555,0.00052972476,0.00056831253,0.00033652957,0.00016764906,0.00010879952,0.00011991565,0.00013672544,0.00030109737,0.0007338466,0.0010434184,0.00084599113,0.0013934999,0.0008127543,0.0015567985,0.002078148,0.002751844,0.0024069822,0.0012757214,0.0017163886,0.0013933778,0.00073357753,0.0003678355,0.00020491368,0.00047104814,0.00018620623,0.00011143326,0.00013800096,0.0003566676,0.00063572504,0.00092843635,0.001542704,0.0012277802,0.00029532876,0.00023250298,8.637461e-05,2.9903582e-05,2.2861153e-05,2.8022303e-05,4.0839648e-05,8.612406e-05,0.00034070035,0.0002668414,0.00056806207,0.0013251201,0.0022579043,0.0005886148,0.00020610579,2.3624838e-05,0.5191122,0.4848431,0.4559929,0.47439814,0.39258352,0.32635823,0.33925974,0.37665498,0.4234646,0.4653495,0.42241445,0.45852682,9.427579620143469,12.339207833835847,11.69286885718868,13.35650321620882,15.537322306305756,18.519307249716526,40.78034417030333,3140.8729106905075,2423.9145751957785,0.024411028,5379.63555518617,ABNORMAL
Cold (40),-624.50287,144.0841,8.790875,21.961464,-33.765762,24.313217,-34.539707,-4.0934324,-11.983965,-5.439378,-12.618892,-4.279422,-8.227838,-0.7617585,-0.28171512,0.17134985,0.08490779,0.10174308,-0.10114411,0.117315225,0.2927455,0.07792346,-0.046988387,-0.12768088,-0.33153072,-0.060737394,-0.16188061,-0.057458986,-0.17079014,-0.043077897,0.25113365,0.0681916,0.028726572,0.009772752,-0.111870885,-0.047674756,0.03244524,-0.06555617,0.0026512174,2.6045248e-06,5.2797427e-06,0.0005847813,0.00030032685,0.0024257808,0.00024062362,0.00046175692,0.0021749411,0.0011622771,0.004655243,0.00067733024,0.0013036494,0.0060831048,0.0033809864,0.010338219,0.0019793196,0.0038875046,0.013284891,0.0076761357,0.013425638,0.0009899966,0.0011753169,0.0036456194,0.0021890176,0.0057938923,0.00083941617,0.001420087,0.004771078,0.002975973,0.0060355705,0.000762713,0.0010975531,0.0016344737,0.0010587178,0.0011497356,0.0004593676,0.0010466296,0.0013751765,0.00088976923,0.0006332691,0.0011206083,0.001287459,0.0025597895,0.0005360369,0.0009134821,0.0021983592,0.0015226428,0.00034789363,0.00047074852,0.0007526021,0.0005459316,0.00015630513,0.00029359537,0.00026694228,0.00048194782,0.001049629,0.00066108257,0.000631565,0.00063894864,0.00020914152,0.00016629144,0.00013357797,0.000107676504,0.00014103204,5.157154e-05,1.9748502e-05,1.19668175e-05,8.676811e-06,6.8282416e-06,4.5972884e-06,4.9468485e-06,8.291525e-06,1.25894185e-05,1.07924825e-05,8.265477e-06,4.1108938e-06,2.404957e-06,1.6179762e-06,1.4835634e-06,1.4139816e-06,1.216116e-06,1.4758667e-06,1.891265e-06,2.1015496e-06,2.1133762e-06,1.7835259e-06,2.3357695e-06,2.8827944e-06,3.2830994e-06,6.4817173e-06,2.375228e-05,5.8629357e-05,4.5896606e-05,3.191885e-05,3.383249e-05,3.5416393e-05,3.464338e-05,3.123049e-05,5.9885027e-05,0.00012837203,6.081e-05,2.8722e-05,3.343276e-05,2.7058115e-05,3.0093024e-05,7.967468e-05,0.00016198626,9.25979e-05,2.9553588e-05,1.2108679e-05,6.586882e-06,4.6299374e-06,1.8659041e-06,7.243962e-07,4.4145423e-07,3.0845663e-07,1.4764251e-07,6.633343e-08,2.2525912e-08,9.243469e-09,5.8231056e-09,3.5398382e-09,2.9960316e-09,2.8843303e-09,2.7756992e-09,2.8470777e-09,1.7323548e-09,5.2229476e-10,0.5195105,0.39372814,0.3408622,0.38265255,0.43526882,0.4640887,0.54104334,0.5794748,0.48768824,0.45641467,0.51700246,0.5493924,18.84413411517202,7.22801463829056,10.558186307059364,16.200587424255673,16.788469845265993,15.649109199227464,47.97048546137233,1593.9184420304987,1589.6029045906898,0.0042947787,2607.4288091715975,ABNORMAL
Cold (41),-614.435,120.87256,11.883618,37.815495,-34.636356,31.421782,-46.77483,-2.2521722,-6.560937,-7.508559,-16.030283,0.3641248,-7.2454696,-0.6236223,-0.4012376,0.67352706,0.1770239,0.11694098,0.14667733,0.13788766,0.12724106,-0.08228965,-0.15638149,-0.1817552,-0.093383886,0.08765078,0.13179946,-0.080317535,0.0065684463,-0.18927823,0.14626025,0.14519441,-0.035950944,-0.069226414,0.094705455,0.013634779,-0.004819906,-0.12348086,0.08919306,5.151792e-06,1.0443414e-05,0.00058887,0.00030242666,0.0023565548,0.00026136282,0.00050687237,0.0024272818,0.0012971266,0.0049105883,0.0005745039,0.0010670766,0.0062315627,0.0034634983,0.011977915,0.0015267736,0.0027446481,0.0070779687,0.0040897178,0.010691404,0.0013431519,0.0022651008,0.0036606328,0.002198032,0.002683323,0.00037704094,0.0006283617,0.0007166184,0.00044699266,0.0005077664,0.00021193245,0.00047889663,0.0005927582,0.00038395458,0.00042181282,0.00012783322,0.00027258508,0.00017201062,0.000111294634,0.00014456628,9.409155e-05,0.00010692182,0.00010334718,2.9511457e-05,3.216398e-05,4.6118374e-05,3.8346057e-05,1.8253837e-05,2.3818224e-05,3.2994812e-05,3.3763787e-05,2.1470474e-05,5.434038e-05,4.5516706e-05,4.588368e-05,0.00013142366,0.00011161091,5.5396147e-05,6.2773455e-05,4.3834774e-05,4.239342e-05,4.8488935e-05,3.5075995e-05,4.441431e-05,6.1963125e-05,7.04235e-05,3.432074e-05,2.3730267e-05,2.860199e-05,4.0670453e-05,3.3709264e-05,4.6533187e-05,4.4546938e-05,5.5046985e-05,2.1682656e-05,9.415878e-06,5.1543025e-06,2.053733e-06,1.2778864e-06,1.0507785e-06,8.7653837e-07,8.4155687e-07,1.0030951e-06,1.0715514e-06,1.2270905e-06,2.385652e-06,5.037493e-06,8.394809e-06,7.930962e-06,1.2916209e-05,1.9825418e-05,3.4289365e-05,4.444685e-05,5.2905467e-05,6.277198e-05,7.680918e-05,8.008458e-05,0.00013069974,0.00017805464,0.00021684673,0.00039164242,0.00039060155,0.0008743701,0.000873667,0.0010436876,0.0021052032,0.0027019468,0.002135109,0.0007714297,0.00046428418,0.00077935425,0.0005819781,0.00033952837,4.6924277e-05,1.2403628e-05,9.323163e-06,5.1377237e-06,2.1779024e-06,5.678642e-07,5.236624e-07,6.2465165e-07,1.5284006e-07,2.3992534e-08,9.467926e-09,7.358642e-09,7.4273205e-09,9.117967e-09,8.437329e-09,0.57895064,0.49269474,0.41408673,0.4528226,0.42079118,0.45488316,0.49200234,0.56083834,0.51501703,0.4425541,0.47157106,0.5621503,18.965788565073293,6.65219694095379,10.890515395897074,12.847414503303638,17.687441918181836,19.168454953883494,49.01745663561501,2072.686852131191,1769.9987845918106,0.005362179,3487.319896260246,ABNORMAL
Cold (42),-618.005,135.31845,2.5295787,19.696732,-31.337744,17.03045,-36.00357,-2.9804583,-11.990777,-3.8010628,-14.254358,0.42229217,0.34713912,0.8367566,1.6774033,0.17719258,-0.112424575,0.49687466,-0.5116819,-0.053930074,-0.21865092,-0.24426627,0.13838173,-0.15898763,-0.09590217,-0.020133115,-0.9893523,0.4458569,0.35628837,-0.28636873,0.21439388,-0.0063220197,0.15488599,0.007427968,0.069450215,-0.14861025,-0.0403088,-0.044998005,0.063527636,3.9318606e-06,7.97044e-06,0.0004995567,0.00025655795,0.0015283698,0.00018668325,0.00036500118,0.0027771331,0.0014840855,0.0039648036,0.0005368581,0.0010222318,0.0039188657,0.002178103,0.004830073,0.004045558,0.008980032,0.024811434,0.014336282,0.017722284,0.007195033,0.01565857,0.01772006,0.010640035,0.0041183573,0.002544843,0.0058846674,0.0026469687,0.0016510539,0.0031663522,0.002293622,0.00552922,0.0012373839,0.0008015061,0.003124709,0.0018490648,0.004488487,0.0010532778,0.00068149366,0.0016146675,0.0010289076,0.0011687727,0.0014579234,0.0006704195,0.00070479006,0.00088980014,0.00037353544,0.00043277565,0.00052233704,0.0005075317,0.00021772897,0.00013675579,8.423785e-05,5.1986204e-05,4.519633e-05,6.8451714e-05,6.0923005e-05,4.605836e-05,6.4769905e-05,6.983456e-05,7.3113995e-05,6.904158e-05,8.984303e-05,0.0001142395,9.892369e-05,8.917595e-05,7.426903e-05,3.9061848e-05,3.9821098e-05,3.7754995e-05,3.0942712e-05,2.1215128e-05,1.2833967e-05,6.3642924e-06,3.571289e-06,3.1798895e-06,3.1736188e-06,3.3272945e-06,4.381693e-06,6.2482795e-06,9.353839e-06,4.4987544e-05,0.0002576298,0.0003151711,0.00016303074,6.814623e-05,6.42784e-05,3.098633e-05,2.1107011e-05,2.8687076e-05,8.581836e-05,0.00024121095,0.00038576193,0.00064414844,0.00049643085,0.0002976675,0.00031313632,0.00022027388,0.00014972543,0.0001641479,0.0002589601,0.00033643353,0.00030842877,0.00016634812,0.00010795685,0.00012417074,0.00013246926,0.00014348279,0.0001974149,0.00016405064,0.00010714615,0.00014453284,5.5346656e-05,2.3234825e-05,1.4325344e-05,8.221915e-06,3.1988131e-06,1.7017669e-06,6.5469044e-07,2.0881004e-07,1.1458353e-07,2.989142e-08,6.758019e-09,3.5313807e-09,2.9381961e-09,2.9584288e-09,1.9719233e-09,8.1205503e-10,0.5273662,0.534868,0.5065726,0.38435808,0.3564753,0.3662304,0.35017988,0.4138921,0.4813876,0.5017041,0.628446,0.55181426,16.716373591066507,7.428428254945333,10.77436781494035,13.640827194930047,16.903945355748096,15.01461913677444,47.582412611964195,1711.1594600413964,1439.4309122857833,0.0042316215,2579.296875,ABNORMAL
Cold (43),-587.1642,113.34556,18.912422,32.35244,-41.14073,23.620487,-43.136494,-5.911996,-10.799581,-14.460058,-19.153141,2.8773966,-1.487604,-0.5546784,-0.22474967,0.42492193,0.47209096,-0.26945475,-0.4584081,-0.15349229,-0.022498421,0.29690215,0.035488553,0.06497863,-0.11002352,-0.16758098,-0.16404834,0.0064068437,-0.10518536,-0.11453709,0.107655376,-0.012359381,0.013937131,0.056141704,-0.057428107,-0.042131007,-0.029191867,-0.022280835,0.011729453,1.1959113e-05,2.4242825e-05,0.0005472044,0.00028102845,0.0018863883,0.00025454094,0.0005014497,0.00276434,0.0014772487,0.0043215975,0.0012091699,0.0024875854,0.00988563,0.005494427,0.012442699,0.009370723,0.02072082,0.045723237,0.02641932,0.023940064,0.0052327355,0.010403097,0.00994134,0.0059692925,0.0023014424,0.00071319134,0.001514422,0.0010165372,0.0006340678,0.0010413867,0.0006307019,0.0014950394,0.00058300816,0.00037763908,0.0015968177,0.000672649,0.0015484714,0.0006298047,0.00040749737,0.0025300875,0.0010017961,0.0011256144,0.0014204696,0.0007576564,0.00077665644,0.0009122591,0.00056089775,0.000447075,0.00035528553,0.0002184839,0.00010558643,0.000161944,9.091513e-05,9.166142e-05,8.797259e-05,6.456148e-05,4.2542073e-05,4.2906257e-05,5.2703133e-05,4.577022e-05,6.369486e-05,0.00010703073,0.0001071117,9.749527e-05,7.758378e-05,6.76229e-05,5.523322e-05,3.9224058e-05,2.5417123e-05,2.084173e-05,1.9550025e-05,1.7632936e-05,1.5108715e-05,9.865967e-06,6.7071214e-06,4.612387e-06,2.5091426e-06,1.9498148e-06,2.0585946e-06,2.0836378e-06,2.6035827e-06,4.2870797e-06,5.6101e-06,3.6147624e-06,3.8936037e-06,5.810514e-06,1.0221768e-05,1.8532395e-05,2.5634728e-05,8.8074594e-05,0.000531608,0.0008239143,0.0010865786,0.00097643415,0.0011365452,0.0036970605,0.0094540715,0.014201861,0.005256864,0.002233696,0.0016471491,0.0017505286,0.0016762145,0.0017046647,0.0016246077,0.0018201963,0.0015144116,0.0008585052,0.001191292,0.00093991077,0.00091876683,0.0003163999,6.812404e-05,2.7105982e-05,1.13185015e-05,6.9868647e-06,5.069415e-06,1.5907784e-06,5.220063e-07,2.5499855e-07,1.7285896e-07,1.4047407e-07,4.1657568e-08,1.6230372e-08,1.3259e-08,1.3343826e-08,1.22448185e-08,1.1164616e-08,0.4574362,0.40411267,0.44472474,0.39417043,0.2944604,0.32352313,0.3612606,0.36425504,0.3926916,0.43395716,0.57213056,0.5249704,17.45900973875782,8.015047371524522,11.626320599069942,14.266229464209315,16.30515747120441,18.089497988151308,48.60019374440889,2126.113995682853,1511.2520744991893,0.00250062,3249.4949340820312,ABNORMAL
Cold (44),-609.223,137.6604,9.410514,31.596405,-47.115185,12.44997,-28.954231,-6.1728115,-8.878605,-12.651547,-15.630853,5.8790956,-0.050876357,-0.4162262,0.22618161,0.37367675,-0.20778358,-0.12823609,-0.12633556,0.12659968,0.16752847,0.10193534,-0.045224495,-0.029899312,0.19851668,-0.18525204,-0.10959176,-0.13173914,0.014031139,0.08636757,-0.05935577,-0.0032871636,0.062277567,0.01730966,-0.035631683,-0.06339497,-0.02453468,-0.026390506,-0.031240685,4.2649676e-06,8.645697e-06,0.00046262206,0.0002375894,0.0018581005,0.0002200069,0.00042906802,0.0017252889,0.0009219855,0.0035281838,0.0005264725,0.0010169214,0.005109024,0.0028395923,0.0076697264,0.0025475286,0.005361144,0.028025202,0.016193228,0.025658745,0.0068946397,0.014231556,0.034125235,0.020490548,0.015237739,0.0018186508,0.002761357,0.0029702317,0.0018526899,0.0014379732,0.0005249091,0.0011592944,0.0008648955,0.00056022947,0.0007713385,0.00090582395,0.002338031,0.0010228916,0.00066183327,0.0014745661,0.0026515652,0.0030466726,0.0028911016,0.0006155079,0.00076302286,0.0013760009,0.00078964944,0.00020311413,0.0001221186,0.000116740215,6.602964e-05,4.6470508e-05,4.6813304e-05,2.931067e-05,2.7099759e-05,2.9694027e-05,2.7663633e-05,2.9947169e-05,5.1857827e-05,6.141295e-05,5.573074e-05,0.00011994979,0.00013874793,0.00010973871,0.00019184558,0.00013309711,9.2713e-05,8.2701605e-05,6.305476e-05,5.6203207e-05,5.9261292e-05,7.992236e-05,3.0639218e-05,1.601226e-05,5.06677e-06,3.459613e-06,2.5472095e-06,1.7612025e-06,1.8641821e-06,2.388683e-06,3.45168e-06,5.0157078e-06,6.7777805e-06,1.4628968e-05,3.631274e-05,4.1331594e-05,2.538751e-05,1.2645418e-05,7.4317486e-06,1.2617115e-05,2.7609205e-05,3.469866e-05,3.939665e-05,3.7556554e-05,3.5545272e-05,3.3779517e-05,2.388514e-05,2.2322063e-05,1.8204288e-05,2.3101058e-05,2.399883e-05,3.9934854e-05,3.4233733e-05,8.9258765e-06,3.9510055e-06,3.072012e-06,2.7294964e-06,5.7899883e-06,5.216378e-06,4.243191e-06,3.5533635e-06,1.5992711e-06,6.7413384e-07,2.8921806e-07,2.2208256e-07,1.707436e-07,9.6630096e-08,3.955896e-08,1.2411972e-08,5.0097095e-09,4.0319406e-09,3.4570349e-09,3.3391174e-09,3.2776903e-09,3.2746703e-09,3.0874472e-09,2.2373978e-09,1.046319e-09,0.5317474,0.46463448,0.51197195,0.4083013,0.4032631,0.37833402,0.35995233,0.35157,0.3540647,0.4423431,0.5984291,0.58532417,18.015602293018052,7.037196456269201,11.166779670882795,15.028350919771178,15.885195763707939,16.715160358801146,47.27602296115818,1605.8342401405816,1661.707221593484,0.003915962,2858.3114833047944,ABNORMAL
Cold (45),-599.57947,120.777824,4.3348475,33.865482,-37.027843,24.560265,-41.605095,-13.296729,-7.3707595,-11.7619,-16.59717,3.7714586,-1.7017355,-0.5513166,-2.0198002,0.2913631,0.6640666,-0.3598091,0.03665879,-0.12923537,0.22570927,0.18552753,0.0044615855,-0.17143928,0.18859737,-0.040850285,-0.11839507,0.047743388,-0.042729385,-0.023345156,0.15611248,-0.09057656,0.0671335,-0.039721087,-0.04348823,-0.0379773,0.055541974,-0.042692047,-0.065395564,5.6711388e-06,1.1496206e-05,0.00038216816,0.00019627056,0.0013988779,0.0001820837,0.00035776274,0.0015379306,0.000821862,0.002548626,0.00063962536,0.0013053268,0.0055491924,0.003084238,0.0066490155,0.0043894034,0.009653908,0.021895975,0.012651707,0.01299041,0.005170312,0.011229412,0.023830423,0.0143090105,0.01338733,0.0014678738,0.0021008898,0.0024947582,0.0015561118,0.0014163951,0.00034762794,0.00069873134,0.00044495275,0.00028821477,0.0007014539,0.00038519996,0.00092578976,0.00033094914,0.00021413136,0.00080508715,0.000527458,0.00059945055,0.0005073829,0.00029086368,0.0003381242,0.00050802185,0.00043433832,0.00020001917,0.00014994208,0.00012505193,0.000116822135,4.6832305e-05,5.321024e-05,4.667257e-05,3.8059603e-05,7.838149e-05,0.000118839795,0.00022076939,0.0003034753,0.0002790794,0.00032299958,0.00023249516,0.00025986647,0.00028740804,0.00023300691,0.00017774875,0.000103002436,7.673606e-05,9.426025e-05,6.2221705e-05,5.7255074e-05,7.3428775e-05,4.0434246e-05,1.3233815e-05,6.07815e-06,3.2780654e-06,2.3212503e-06,2.1573182e-06,2.2181957e-06,2.5576735e-06,3.0274007e-06,3.0380902e-06,2.6954576e-06,2.5437673e-06,2.2783813e-06,3.0182487e-06,6.5551567e-06,6.741763e-06,8.4179765e-06,1.9846651e-05,7.6527074e-05,0.00034577266,0.0006317188,0.0008254702,0.0005668971,0.00050569786,0.00084924547,0.0029506022,0.004731776,0.0022786693,0.0011213239,0.00060763233,0.0006814371,0.0006058068,0.00052199815,0.00029875973,0.0001143516,6.9756854e-05,5.2901018e-05,5.589706e-05,6.633434e-05,4.4385997e-05,8.244323e-06,3.6370832e-06,1.448791e-06,5.2607146e-07,4.35624e-07,1.2942675e-07,7.205462e-08,4.2861085e-08,2.935207e-08,1.9412731e-08,9.150576e-09,7.858854e-09,7.206348e-09,6.874735e-09,5.5813905e-09,3.24651e-09,0.44667077,0.4156122,0.5254739,0.49518082,0.41954032,0.38963065,0.36504513,0.36343065,0.398746,0.4516378,0.5775244,0.5170081,17.11248675664706,6.423129094201569,10.590272783890676,12.419927484296762,17.508193709742127,18.470438901080037,47.141056625110785,1942.6200658170337,1610.3819785265523,0.003995794,3229.296875,ABNORMAL
Cold (46),-600.614,125.083405,6.3297153,23.260996,-40.796715,25.987825,-35.61533,-9.970891,-11.01,-11.094458,-10.39454,3.0616748,-2.141,0.016022583,-0.111109056,0.07180971,-0.20575684,-0.4161247,-0.02880512,-0.25357208,0.12006114,0.15877792,0.06871406,0.044912223,0.0963568,0.15675877,0.043641664,-0.3376677,0.0067768097,0.122354575,0.08037887,-0.13694704,-0.1016254,0.1081901,0.07039016,0.0031266345,0.04378748,-0.015541308,0.022284713,5.989907e-06,1.21423955e-05,0.00035946025,0.0001846084,0.001253476,0.00013163999,0.00025402362,0.0013188856,0.0007048056,0.0023986087,0.0004741668,0.0009471978,0.0051396294,0.0028566024,0.008599964,0.0033350924,0.007109958,0.017421318,0.010066202,0.018361358,0.01007045,0.022490611,0.027206339,0.016336083,0.005911963,0.000853447,0.0014413308,0.0011211738,0.00069933524,0.00046603076,0.00022336528,0.00051501306,0.00031321085,0.00020287994,0.0003645052,0.00018481309,0.00043905497,0.00023567269,0.00015248539,0.00039978063,0.00021263746,0.00024068967,0.0004100475,0.00027396533,0.0002773569,0.00030962567,0.0004644186,0.0009095415,0.00087979663,0.0009068879,0.001646945,0.003249265,0.0007054834,0.00048104938,0.0005364135,0.00023724936,0.00014446797,0.00016252669,0.00012961384,0.00015045799,0.00013380955,0.00012979931,0.00017415304,0.00013488594,0.0001464845,5.95646e-05,1.9079545e-05,6.6176767e-06,9.936225e-06,1.5851581e-05,2.3302684e-05,2.062147e-05,3.333872e-05,4.755754e-05,3.3773857e-05,1.3805573e-05,1.2114841e-05,1.6714557e-05,7.98694e-06,4.568873e-06,2.2186161e-06,1.7185613e-06,2.0712243e-06,1.5198297e-06,1.5961535e-06,2.5739528e-06,3.6369656e-06,3.5075793e-06,6.5266963e-06,1.6713964e-05,5.2322288e-05,0.000119471704,0.00015330686,0.000338039,0.0010130466,0.0014698214,0.00041795862,0.00022586413,0.0005357042,0.0006408048,0.00025722693,0.00027581817,0.00014256738,0.00013851452,0.000101536134,0.00011854402,0.0001826322,6.651325e-05,3.4297067e-05,3.822336e-05,2.6180178e-05,1.091882e-05,4.5439247e-06,2.1236012e-06,1.0526797e-06,6.457812e-07,4.486915e-07,1.5047013e-07,5.4401468e-08,2.6333467e-08,1.5639912e-08,1.1307493e-08,8.689886e-09,7.650546e-09,8.1978655e-09,7.611924e-09,6.476436e-09,5.1357434e-09,0.45321113,0.5270133,0.55098826,0.43935326,0.40130436,0.3929139,0.37828717,0.3483361,0.36224273,0.3963093,0.49627712,0.45715952,17.228844345357444,7.212602041624202,11.179844390471333,12.68824189995544,17.049214730804195,16.58329279696802,47.09365196190907,1980.0510080687368,1609.3291675769779,0.004901833,3183.837890625,ABNORMAL
Cold (47),-610.0273,118.87264,11.937472,29.872381,-46.17014,18.752151,-33.468155,-8.287984,-15.363591,-5.432261,-12.761897,2.872233,-0.37553596,-0.016978618,-2.8762858,0.30983865,0.69182956,-0.8186191,0.86455536,-0.11744088,0.17928584,-0.1563497,0.043207195,0.1480998,0.003951495,0.10466195,0.46138573,-0.2287578,-0.17813012,-0.19266674,-0.10056782,0.06723277,-0.1283333,0.05918342,0.07606353,0.08949897,-0.003776356,0.08065055,0.023738306,5.631282e-06,1.141541e-05,0.0003476938,0.0001785655,0.0012919207,0.00016728273,0.00032855239,0.0013784008,0.00073661015,0.0024300409,0.00048676063,0.0009736525,0.0049380236,0.0027445506,0.0077409507,0.00342973,0.007381705,0.022755306,0.013148232,0.025697976,0.009017322,0.019313639,0.012844089,0.0077122534,0.0030181215,0.0022690662,0.0053237732,0.0018531526,0.001155909,0.0010386968,0.00038107182,0.0008423999,0.00044275858,0.00028679348,0.0006221032,0.00016564016,0.0003393562,0.00057498075,0.0003720251,0.001438414,0.00034790757,0.00038368485,0.0022314042,0.0009090295,0.0008001231,0.0005989754,0.0026877846,0.001305143,0.00088873727,0.00059494574,0.0005259808,0.00014682882,9.363963e-05,0.00014952304,0.00014585615,9.227705e-05,0.00011499689,0.00010121503,4.733565e-05,3.113124e-05,2.8660721e-05,3.5788325e-05,3.0740786e-05,2.836468e-05,1.7171593e-05,1.2803008e-05,8.228819e-06,7.252583e-06,1.4292867e-05,2.9518571e-05,7.15908e-05,8.127707e-05,6.9997084e-05,7.73916e-05,0.00011709954,7.891183e-05,4.7846763e-05,3.1214233e-05,1.2856455e-05,1.2431259e-05,1.3635211e-05,2.601537e-05,4.916977e-05,7.162662e-05,7.508555e-05,0.000104471015,9.563037e-05,0.0001054848,7.93685e-05,9.238906e-05,0.00012730945,0.00021444842,0.00023337927,0.0002401123,0.00029405992,0.00026466456,0.00054123654,0.0016863705,0.0008869476,0.0006673284,0.0011323186,0.0014287351,0.0013433619,0.0008997056,0.0011897038,0.000617808,0.0006871461,0.00046409538,0.0001957572,0.00016526804,0.00015637018,9.447099e-05,3.1258278e-05,9.20416e-06,4.6851796e-06,2.6023738e-06,1.4783465e-06,6.131041e-07,2.5099766e-07,1.0421444e-07,8.387017e-08,3.8444096e-08,1.1889682e-08,7.1618924e-09,6.6028534e-09,6.780268e-09,5.561399e-09,4.022882e-09,0.53037804,0.49197263,0.47875834,0.45373297,0.3718072,0.4321774,0.37896997,0.3802389,0.34803635,0.3629196,0.4555723,0.5416009,17.229853937059925,7.297091441442043,10.495314035982641,14.725571752007948,16.164375972712715,16.21064122149861,47.465321203980366,1966.693852940344,1545.6165825719763,0.00376849,3071.865234375,ABNORMAL
Cold (48),-636.29376,103.87871,17.524303,58.473934,-31.04635,28.512913,-43.979004,-6.499098,-8.599251,-10.897286,-16.494617,-1.5705519,-5.294516,0.85203445,1.1565232,0.46039742,-1.1431167,-0.70374703,-0.20219353,-0.40884626,0.17788826,-0.08232807,-0.043435592,0.13725688,-0.1469924,0.31590676,-0.67489916,-0.8234459,-0.11999569,-0.048341524,0.24042667,0.14271966,0.029924788,0.003689289,0.024441943,0.018786617,0.07789076,-0.10309107,-0.08951631,2.3176274e-06,4.6981604e-06,0.00032231613,0.00016553227,0.0012632859,0.00020849447,0.00041612211,0.0026006838,0.0013897917,0.004689115,0.00087034976,0.0017271056,0.0069054235,0.0038380302,0.008101741,0.0038374069,0.008294627,0.017183634,0.009928868,0.008194909,0.0011529375,0.002031877,0.0024687103,0.0014823409,0.0005144979,0.00014019961,0.00029041452,0.00027764295,0.00017318055,0.00013556442,7.943377e-05,0.00018763733,0.0001322487,8.566307e-05,9.355797e-05,3.2481134e-05,7.1757786e-05,4.4505927e-05,2.8796303e-05,9.4651106e-05,3.8292088e-05,4.3051397e-05,5.077393e-05,2.1865932e-05,2.1355578e-05,2.2681672e-05,1.7093043e-05,1.712366e-05,1.8536024e-05,1.9590228e-05,2.1369615e-05,2.7910055e-05,2.132737e-05,2.4885698e-05,2.96211e-05,2.4158368e-05,3.424766e-05,4.3531578e-05,4.9618175e-05,6.56765e-05,7.181531e-05,8.3430525e-05,0.00012076297,0.00011143147,6.4866676e-05,3.422949e-05,1.5460739e-05,9.803281e-06,1.3030001e-05,2.5045003e-05,3.3882625e-05,3.285245e-05,1.3865001e-05,7.953496e-06,5.5870005e-06,3.542254e-06,2.6241642e-06,2.20466e-06,2.3067532e-06,2.3957023e-06,2.706247e-06,3.3913207e-06,2.66389e-06,2.7219396e-06,5.4855614e-06,8.686151e-06,9.447469e-06,9.124652e-06,1.2235932e-05,2.4224122e-05,5.1186704e-05,6.1039544e-05,8.314648e-05,7.534544e-05,5.529492e-05,4.6948648e-05,2.9501978e-05,4.199442e-05,6.743849e-05,9.2246526e-05,7.49315e-05,8.9117195e-05,0.00019899105,0.00018489046,0.0003549933,0.0011057048,0.0009564612,0.00091349124,0.00019794218,8.196677e-05,8.82774e-05,8.4380896e-05,2.7203036e-05,5.7374955e-06,1.5706813e-06,9.986366e-07,7.6866985e-07,2.1048035e-07,6.5963484e-08,5.397648e-08,6.0836875e-08,2.3204382e-08,6.760701e-09,5.084106e-09,4.9948072e-09,4.2812265e-09,3.4654204e-09,2.4207274e-09,0.6203516,0.5283815,0.42552802,0.40470815,0.37069502,0.4037963,0.43353158,0.48747903,0.4709261,0.48465997,0.56490016,0.65835744,18.614469000821103,6.93549478789085,10.92729954292298,13.089458195950463,16.495635711548477,17.850493664008326,49.02852678633856,2253.2173926976616,1909.5434160566083,0.0065088607,4087.4326171875,ABNORMAL
Cold (49),-541.6452,59.393585,3.7975814,-10.985301,-11.62373,3.7191565,-13.604655,-13.122983,-23.537653,-12.775547,-19.843243,-5.4182525,-17.098486,-0.5852204,-0.046960924,-0.056465857,-0.06803183,0.059584156,0.11141203,0.042292997,0.0483756,-0.02432176,-0.033937264,0.039044835,0.047684424,-0.009126461,0.16373666,-0.08413427,0.1006922,-0.04724459,0.0035425301,-0.025823236,0.005009962,0.021135094,0.066655636,0.032730628,0.057092752,0.017533034,0.033213053,6.9521834e-06,1.4093066e-05,1.8843693e-05,9.677578e-06,5.033074e-05,0.00054117764,0.0011417883,0.010415739,0.005566117,0.032215927,0.0069455863,0.01399184,0.0032989774,0.0018335694,0.003107085,0.0011148656,0.0023620026,0.0026164362,0.0015118017,0.0043349224,0.0041033886,0.009444661,0.011388314,0.006838129,0.0033357213,0.00058140006,0.0010631363,0.0027767948,0.0017320333,0.004196246,0.00078608026,0.0014322622,0.000647912,0.00041968006,0.0017652841,0.0030408418,0.007999806,0.010505424,0.0067972383,0.009325082,0.0023769839,0.002627906,0.0027221588,0.00094097154,0.00088074646,0.0008554867,0.00073709316,0.00042927888,0.00034336248,0.00028443182,0.00029583002,0.00032905332,0.00035223016,0.00027740275,0.0003235551,0.00025687474,0.00017130094,0.0001445555,0.00042554905,0.00048165122,0.0003028735,0.0003302385,0.00021815972,0.0002189291,0.00027936455,0.00018514437,7.0987095e-05,7.3186566e-05,8.710367e-05,6.087762e-05,2.9037481e-05,3.0633902e-05,1.3010092e-05,1.4651725e-05,5.7431025e-05,0.00015042633,8.2233106e-05,8.1428865e-05,0.000111320136,7.896015e-05,5.0832172e-05,3.7204187e-05,4.6239304e-05,5.243469e-05,2.6797972e-05,2.5991932e-05,5.916222e-05,0.00017266841,0.0003658007,0.0003490122,0.00031394258,0.00032286515,0.0001494594,0.00014094538,0.000106358304,9.447272e-05,7.7827855e-05,0.00014124736,0.00015924459,0.00012553924,7.9908335e-05,0.00017032523,0.00020395369,0.00026123924,0.00039080644,0.00027385177,0.00046252602,0.00066372496,0.00043384157,0.00025253298,0.00027662734,0.00068878324,0.0016127712,0.002075654,0.0021698459,0.0011269187,0.00066466175,0.0007396671,0.00070364657,0.00035125948,0.00031864597,0.0002143512,0.000174646,5.002241e-05,0.0002116152,0.00079493003,0.0004304607,5.5525587e-05,0.5889955,0.5083927,0.4611518,0.43000448,0.33415267,0.26257032,0.25752124,0.2796214,0.32463685,0.40240413,0.56237924,0.627404,8.347350923411396,12.0646319979486,11.794833539186284,12.293101991522079,15.863520465404909,17.41503853284366,41.85158359892454,3189.985618319511,2411.505263160285,0.03513626,5495.15651513009,ABNORMAL
Cold (5),-586.971,81.21811,14.977982,16.807383,-0.24737334,-33.700012,-16.922855,-8.366617,-15.262343,-15.715083,-21.2031,-12.343267,-17.36767,-0.44890743,0.26192495,-0.0012197563,0.0022949253,0.056766547,0.023843165,0.06758122,0.031245627,0.026753476,0.037681185,0.005885945,-0.0337293,-0.052526657,0.008860166,-0.048764315,-0.01050665,-0.0103219235,-0.011172666,-0.013890607,-0.03373612,0.00270418,0.019801578,0.016444964,0.050827798,0.05036905,0.004558295,3.0410883e-06,6.1647183e-06,1.1476871e-05,5.894191e-06,3.3358367e-05,0.00051255804,0.0010816796,0.018799264,0.010046229,0.074734986,0.013974505,0.027753016,0.0052405647,0.0029127027,0.0045319544,0.0011861284,0.002435173,0.002204155,0.0012735818,0.011572008,0.005935668,0.013189488,0.0049835886,0.0029924028,0.0018104147,0.0008828076,0.0019965556,0.0020230268,0.0012618684,0.001737927,0.000571719,0.0012371357,0.0012387523,0.00080239226,0.001410829,0.00047433143,0.0010397291,0.00041226164,0.00026674228,0.0002114635,4.8440448e-05,5.3277476e-05,3.9954095e-05,3.342264e-05,3.155279e-05,2.801132e-05,9.314398e-06,5.7193815e-06,5.1286315e-06,5.288229e-06,7.00933e-06,8.30054e-06,8.851789e-06,1.0773616e-05,9.595044e-06,7.638545e-06,9.166627e-06,1.283155e-05,1.543794e-05,1.7696855e-05,2.327972e-05,4.347545e-05,6.500334e-05,9.3256094e-05,8.8505396e-05,0.0001054687,0.00011264469,0.00015172157,0.00024337319,0.00037683,0.00033538332,0.00025343322,0.00013626434,9.417277e-05,8.140048e-05,4.9418206e-05,2.9180172e-05,3.5467307e-05,6.369059e-05,5.2771997e-05,5.080809e-05,6.0230053e-05,6.044282e-05,6.271623e-05,6.85698e-05,5.1412444e-05,2.5006177e-05,1.5129443e-05,8.499037e-06,6.661898e-06,4.082119e-06,2.785535e-06,2.9059152e-06,5.0729845e-06,1.2328558e-05,3.764824e-05,0.00010299831,5.1209012e-05,2.3424569e-05,7.636666e-06,4.3317777e-06,7.067792e-06,8.662376e-06,7.2408134e-06,5.3163444e-06,3.2570954e-06,2.4756816e-06,3.088635e-06,6.209789e-06,9.178104e-06,5.402023e-06,2.9731896e-06,3.874306e-06,3.5879073e-06,2.7789217e-06,4.568175e-06,6.851913e-06,8.565145e-06,1.0152936e-05,8.350032e-06,8.537156e-06,1.5575555e-05,1.4503284e-05,5.1225793e-06,3.1830848e-06,3.5029461e-06,4.1604517e-06,6.829594e-07,0.61972266,0.61456245,0.5304597,0.3909362,0.33184105,0.3038072,0.31351247,0.36621004,0.42061645,0.4395135,0.50208104,0.60868037,9.119405707190277,13.409852233485532,11.997257904821097,14.504954245648173,15.984276471250158,17.04685081413497,38.864758643396364,2218.7631978057548,2490.851014844091,0.027509972,4336.171875,ABNORMAL
Cold (50),-579.3956,19.935625,-20.172235,29.481157,-42.09819,5.816391,-8.75529,-26.244831,-9.504913,-19.604807,-0.14433402,-13.356868,-2.8885498,-0.2126324,0.39018464,0.3679001,-0.14416699,-0.09602044,0.13986437,0.23908845,-0.19559823,0.000561902,0.14754426,0.020429362,0.0458078,-0.038210817,-0.79748726,-0.03181161,0.25130695,0.082184955,0.09994996,0.032612097,0.072056286,0.07676787,0.04321102,0.06250982,-0.032200567,0.07060266,-0.13199069,1.8514918e-06,3.753237e-06,2.1232025e-05,1.09041575e-05,0.00012711938,0.00018541644,0.0003890966,0.0006557164,0.00035041143,0.0010321391,0.00012680254,0.00023759958,0.0006023252,0.00033477193,0.0014232916,0.000461633,0.00096935924,0.0021105448,0.0012194929,0.0065488997,0.0016943016,0.0034755897,0.00334009,0.002005562,0.002018408,0.0005869771,0.0012318187,0.0018104169,0.0011292523,0.00210422,0.00044488537,0.000850853,0.00048256034,0.00031257476,0.0015950089,0.0010256832,0.0025151279,0.0018453635,0.0011939905,0.0017858208,0.0012085215,0.0013742312,0.0024251828,0.0012372687,0.0012024025,0.001232174,0.0016714274,0.0019237194,0.001963141,0.0017757697,0.0014911178,0.0011141092,0.00040078032,0.0005639479,0.00058905955,0.00032725284,0.00014096135,8.328902e-05,8.84328e-05,0.00015211903,0.00015571715,7.968193e-05,0.000113644404,0.00045383198,0.0006464252,0.00035438407,0.00010981644,7.93116e-05,7.915988e-05,6.9992675e-05,6.4335705e-05,7.3745854e-05,0.00015876326,9.979972e-05,5.711297e-05,0.0002422636,0.00045741978,0.00014544938,0.00015782434,0.00031739988,0.00033442662,0.0002962658,0.00024474147,0.00022288084,9.366994e-05,5.4464785e-05,8.9235604e-05,0.00013490325,0.00010440386,0.00014164318,0.0001519451,0.00023208659,0.00041959353,0.0005390312,0.00044334488,0.00045582175,0.0004118928,0.0005256587,0.0004778865,0.00048477793,0.0006811795,0.0004843008,0.0004657966,0.00055849715,0.00043325857,0.00014673789,0.00010240346,0.00011166985,0.00016331863,9.580487e-05,9.596491e-05,7.4378644e-05,3.7828555e-05,7.612787e-05,7.901954e-05,8.9653855e-05,0.000105204854,7.534311e-05,6.64294e-05,8.205144e-05,0.0001298208,0.00014168736,6.066017e-05,4.0555853e-05,3.8980055e-05,3.2590713e-05,1.9963074e-05,2.3562795e-06,0.5354848,0.53909147,0.4564329,0.40118977,0.37615305,0.4029684,0.38956383,0.37119237,0.2977819,0.28465998,0.36868295,0.4538516,13.754154471442556,12.296517466455104,14.62224292480048,15.019232623539796,19.727794971277298,19.690657990754996,41.28837986307515,3534.2649138445922,2237.9765190782587,0.029377444,5845.720880681818,ABNORMAL
Cold (51),-591.4506,-3.9327366,-24.162893,25.95966,-51.60479,13.5124035,-12.819058,-16.425026,-5.2980046,-11.0778885,-0.97967356,-11.953725,-5.7422776,-0.3090903,-0.7933486,-0.18673876,0.155542,0.50569445,0.33093822,-0.23989663,0.31383523,-0.042763088,0.09849534,-0.100542836,0.08231994,0.12561816,-0.0005615316,0.15414974,-0.13569228,-0.059416957,0.029214583,0.04282239,-0.019117726,0.06464967,-0.008458594,-0.02561969,0.0058509656,0.01126112,-0.022600936,1.419489e-06,2.877506e-06,2.4062012e-05,1.2357558e-05,0.00010979258,0.00011365972,0.00023790615,0.00042166738,0.00022533686,0.00023294735,1.6879356e-05,2.7787943e-05,0.00018421956,0.00010238912,0.0010265672,0.0013500312,0.003033837,0.002912475,0.001682856,0.0009332337,0.0006111259,0.0013809782,0.0016751477,0.0010058447,0.0030962236,0.00059553736,0.0011266447,0.00057662197,0.00035966956,0.0010185682,0.0019355871,0.004912051,0.006436671,0.004169305,0.0041622147,0.0005393352,0.0007133181,0.00042882343,0.00027745817,0.0022457468,0.0012071504,0.0013667109,0.0014691927,0.0005748821,0.00080312876,0.0015726746,0.0036800853,0.0035870173,0.002941859,0.0017521753,0.00069764175,0.0010269154,0.0039809565,0.004224656,0.0022092368,0.0006842067,0.00050815486,0.0011240703,0.0008346616,0.00042066452,0.00035000304,0.00073301577,0.0007739428,0.00030837875,0.0001556716,0.00022521672,0.00019777883,0.00014870898,0.00030128896,0.0002220107,0.000252536,0.0005743021,0.00039153,0.00022033275,0.00028722722,0.00018365217,0.0001809322,0.00022119853,0.00015794873,0.00021900627,0.00027304044,0.00029982344,0.0003495514,0.00074753625,0.0009261564,0.0013863492,0.00074266153,0.0006436064,0.000451131,0.0005723008,0.00052708195,0.0008624112,0.0012932079,0.0012887642,0.00075039594,0.0010553019,0.00071792805,0.0010383514,0.0011961755,0.0015275786,0.0017637457,0.0018750137,0.0012188584,0.0007559065,0.00064257794,0.00043914668,0.0002743674,0.00025667204,0.00015610851,0.0001507229,0.00014717886,0.00010217004,0.00014504828,0.00013240236,7.4088515e-05,7.635623e-05,5.6864774e-05,9.019243e-05,6.835278e-05,6.7358014e-05,0.000100719175,6.411273e-05,8.303341e-05,8.161993e-05,4.4642e-05,8.0221726e-05,5.6198834e-05,3.7193925e-06,0.22951739,0.3044243,0.30737004,0.37291905,0.4709019,0.4337661,0.38872775,0.39358288,0.4094879,0.3936225,0.3205073,0.24521923,13.403133112890137,10.80074824369619,14.596457689457024,14.837127834696851,20.157906647417867,20.913190053003266,41.50706820135102,3889.9591594301187,1992.0949971776058,0.027768126,6020.362886469415,ABNORMAL
Cold (52),-614.5349,11.772078,-18.468796,20.364525,-42.636642,4.316171,-8.719041,-15.279705,-4.710035,-14.540987,-9.140741,-13.113272,-3.3426545,-0.052557357,0.19179846,-0.04971261,-0.3137659,0.112706676,-0.0054335194,-0.16085936,0.081174955,-0.054613832,0.007518975,0.00090944825,-0.07703659,0.07997303,-0.05199099,0.42152134,-0.038381565,0.059266668,0.037263684,-0.01266821,-0.020596124,-0.019404132,0.024739947,0.009137523,0.029182507,-0.0006722482,0.028664974,1.2977263e-06,2.6306757e-06,1.7501467e-05,8.98825e-06,8.398834e-05,0.00011967039,0.0002510913,0.00048319247,0.00025821556,0.00039046886,4.2281623e-05,7.736527e-05,0.00013513245,7.510653e-05,0.000884944,0.0005720125,0.0012568934,0.0009588825,0.0005540514,0.0011976942,0.00018711909,0.00034156186,0.00030454632,0.0001828653,0.00023201467,0.00010368554,0.00023221847,0.00028946786,0.00018055637,0.00057172147,0.00015609572,0.0003233135,0.00020345722,0.00013178786,0.0004445438,0.00017483857,0.00039708137,0.00031060583,0.00020096875,0.0002644089,0.00013772206,0.00015582037,0.0003405482,0.00025187983,0.00024837223,0.0002559026,0.00057506515,0.00049583043,0.00045410165,0.0003820607,0.00033420313,0.00026030175,0.00015598087,0.00010610956,0.00016069699,0.00020804453,0.00033519408,0.00027253228,0.00020588939,0.0001977155,0.00018766942,0.00015005126,0.00010096088,7.341273e-05,0.00012736939,0.00014983265,0.0001425295,0.00017823897,0.0001689632,0.00010951242,3.7534464e-05,3.5893827e-05,3.6726542e-05,3.1745185e-05,2.986907e-05,3.1076186e-05,4.3430256e-05,6.6293585e-05,6.0582548e-05,8.5998305e-05,0.00013594764,0.00026842952,0.00047473973,0.000539066,0.00023607476,0.00010550184,6.7020475e-05,0.0001433314,0.0001825281,0.0003724637,0.0006126294,0.000664325,0.0011915717,0.0019298234,0.0017401623,0.0013459057,0.00091179326,0.0009611074,0.0009808597,0.0010127744,0.00077612675,0.00039050335,0.00039061558,0.00038437167,0.00034213258,0.00029505693,0.00039506238,0.00057783985,0.00040094316,0.00028859806,0.00045129098,0.00044943424,0.0002762692,0.00041027175,0.00035008418,0.00026780178,0.00022633656,0.0002678248,0.0001684295,0.00016007508,0.000108357446,9.890033e-05,5.2477666e-05,2.84613e-05,1.49996085e-05,7.2403527e-06,3.6746399e-06,2.808227e-07,0.44228372,0.4372718,0.3808666,0.31509888,0.31152487,0.30059376,0.34065157,0.3873562,0.47683245,0.5153936,0.49820825,0.4708147,13.481312410375569,10.149297712825003,12.908268466164444,14.546515865982638,17.261945582175542,19.228371374419144,42.182013349038584,3655.7717247975893,2012.2699407518176,0.024967961,5728.044181034483,ABNORMAL
Cold (53),-584.5651,20.466675,-6.6530604,31.7287,-42.589077,-2.1544962,-8.436871,-19.06248,-9.895859,-18.218962,-4.3117757,-16.175417,-4.865632,-0.41157028,0.45766285,0.25077334,0.49655053,-0.13236645,-0.32808554,0.011927664,-0.38886875,0.104310945,-0.04708473,0.025049075,-0.15076911,-0.07294864,-0.22454976,-0.12550274,-0.07830182,-0.18040879,0.10189387,0.15147667,-0.00874874,0.09635286,0.07054897,0.037012868,-0.02925732,0.14170723,0.007432283,1.0667018e-06,2.1623562e-06,6.1824817e-06,3.1751442e-06,3.376151e-05,0.00020245918,0.0004268675,0.0014740891,0.00078774546,0.0015037928,0.00010685035,0.0001747316,8.798795e-05,4.8903657e-05,0.0010211342,0.0009515227,0.0021194117,0.0015800309,0.00091295695,0.00047849191,0.00017293725,0.00037168263,0.001634437,0.0009814001,0.0023924708,0.00031776287,0.00051418226,0.00020363885,0.00012702028,0.0014394358,0.00133362,0.0032746883,0.0015694915,0.0010166261,0.0010004372,0.00018652654,0.00032717633,0.0012193245,0.0007889296,0.002704655,0.00039450842,0.00042122486,0.00038983198,0.000135923,0.00016865271,0.00028934504,0.0004924922,0.00044657386,0.00032442785,0.00015712454,0.00010072426,7.4312586e-05,2.5510579e-05,2.4031144e-05,3.210269e-05,5.0818708e-05,5.816603e-05,4.375831e-05,4.135464e-05,4.0090406e-05,3.4962868e-05,4.473891e-05,9.154723e-05,0.00010514558,5.5812263e-05,4.3678894e-05,4.2036423e-05,4.5785775e-05,8.366374e-05,0.00012446569,0.00010524369,8.79478e-05,7.3632415e-05,0.00010505076,0.00011993963,0.00014507124,0.00017945863,0.00056613045,0.0009655178,0.0011691502,0.0013003098,0.0014129849,0.00082121155,0.0005218576,0.0003700844,0.00016465937,0.00012186243,0.0001521685,0.00026505737,0.00036271417,0.0004487041,0.0004248773,0.00034767968,0.00080876454,0.00070906477,0.00056299823,0.00023666366,0.00042381915,0.00040611613,0.00036618565,0.00045768791,0.0005808127,0.0005146263,0.0005476371,0.0005167927,0.0007190709,0.0008847883,0.00080442225,0.0007232354,0.00047155502,0.000520427,0.0003776648,0.0002380346,0.00015520261,0.00012292301,8.254165e-05,0.00013107991,0.0001590307,6.339386e-05,5.3774576e-05,4.398333e-05,2.0430143e-05,2.8178936e-05,1.6036665e-05,1.1046541e-05,7.1799054e-06,2.4897145e-06,2.1855057e-07,0.37993664,0.33231217,0.32810232,0.3465891,0.3093225,0.31009007,0.40183902,0.56195354,0.604953,0.47439948,0.387708,0.4110427,13.826124624090987,11.525128524222394,13.863400236557956,16.311008456465768,19.111108060031192,19.90505868855439,43.814853892929314,3580.8071684377946,2181.8635253500915,0.03015543,5729.694362331081,ABNORMAL
Cold (54),-543.78845,68.71913,-49.0166,40.310104,-44.10874,-7.516684,-17.34037,-18.138723,-6.370999,-13.637249,-3.7860093,-22.069885,1.3704896,-0.022333102,-0.4106293,-0.4447788,0.5172053,0.27881014,0.22529334,0.0770075,0.11842951,-0.030651776,-0.096571356,0.12658319,-0.07610185,-0.050856948,0.064594634,-0.10881912,-0.07807303,0.06892678,0.28376812,0.14179854,-0.07597515,0.010499304,-0.018386971,0.032689318,0.08178933,0.094685905,0.010855854,2.150803e-06,4.359984e-06,2.6700314e-05,1.3712516e-05,0.00021545957,0.00045623587,0.00095927087,0.0013686549,0.000731402,0.0007389097,7.206569e-05,0.00012891366,0.000575223,0.0003197086,0.0031350346,0.0017543188,0.0038280839,0.0017702687,0.001022878,0.0013525907,0.0007137082,0.0015893728,0.0018959101,0.001138402,0.00964862,0.004897975,0.011123747,0.006953456,0.0043372368,0.0026829853,0.000572053,0.0010974419,0.0017091077,0.0011070614,0.002546844,0.000756216,0.0016030674,0.0012582237,0.00081409817,0.0016401089,0.001100287,0.001250972,0.0037963851,0.0030272724,0.0033664822,0.0045854193,0.003197795,0.0022708056,0.002356943,0.0024066207,0.002066037,0.001789593,0.0016635624,0.0016188894,0.0024410717,0.0028787048,0.0019557371,0.0016092218,0.002041119,0.0019997938,0.0014636159,0.0008371507,0.0006077958,0.0005497874,0.0005537437,0.0005908154,0.0004034478,0.00034455975,0.00037480282,0.00028728263,0.00031476477,0.00037347974,0.0003530138,0.00027250766,0.00025474347,0.00017363885,0.00014658229,0.00021189587,0.00018415727,0.0002706017,0.0003659458,0.0004781998,0.00072580256,0.00072996574,0.00038865057,0.00019747889,0.000108607936,0.00010264421,0.00011758639,0.00015630883,0.00018333644,0.00020562811,0.0003348372,0.0006040849,0.0003790449,0.00010358543,4.8130914e-05,4.9450915e-05,5.786785e-05,6.22999e-05,7.67674e-05,9.8712444e-05,0.00014973978,0.00032739664,0.00035334527,0.00018525166,0.00010597399,6.5292996e-05,2.5867548e-05,1.6252887e-05,9.776058e-06,5.5352534e-06,5.4479665e-06,7.188052e-06,4.540825e-06,1.2180144e-06,8.771696e-07,8.707632e-07,8.159414e-07,7.4663114e-07,5.545581e-07,6.760088e-07,1.2100435e-06,2.0125203e-06,2.4636286e-06,9.320396e-07,6.624919e-07,1.0130293e-07,0.36046848,0.4269515,0.35775632,0.32359138,0.36761123,0.44887087,0.4867584,0.5048494,0.5117565,0.49574006,0.39597857,0.33836827,17.32224403352399,12.622650250313047,15.750359518407144,17.022444736573664,19.115013167824802,18.633567237112732,42.039954304071664,2655.9342563224695,1980.851956226625,0.017027212,4681.758811257102,ABNORMAL
Cold (55),-591.5058,41.33323,-43.753532,31.4259,-48.196262,2.388965,-24.34545,-12.156617,1.7313225,-9.907969,-8.519181,-19.604404,-8.089556,-1.3536628,0.56887966,0.5549168,-0.18395562,-0.16801962,-0.026248705,0.1401378,0.25360024,-0.037491817,0.07378944,-0.11669483,0.039406657,-0.20565705,-0.15694691,0.07163623,0.0095421355,0.00994417,0.17595603,0.05059242,-0.10233924,0.041650366,-0.032613784,0.119907066,0.045828793,0.04943271,0.0019083061,6.31997e-07,1.2811479e-06,2.1732603e-06,1.1161239e-06,4.6866666e-05,0.00015640118,0.00032936118,0.000814782,0.00043541516,0.00053576793,2.351229e-05,3.0216388e-05,9.118304e-05,5.0679475e-05,0.0003158095,0.00034369004,0.00076889613,0.00056660944,0.00032739234,0.0002836122,7.9310565e-05,0.00016473774,0.00055194774,0.0003314178,0.0030280072,0.0013482928,0.003018405,0.0016756789,0.0010452091,0.0010236442,0.0009934788,0.0024467134,0.00332037,0.0021507444,0.0024433567,0.00038893335,0.0006167113,0.0014511729,0.0009389406,0.009638769,0.004886237,0.0055250195,0.0019824854,0.00018323225,0.00022757164,0.00047962228,0.001430898,0.0008135841,0.0004907243,0.000202051,0.00021046892,0.00071238616,0.0013477876,0.0012367103,0.00067939307,0.0003988128,0.0010820461,0.0020747078,0.0017375598,0.0006738887,0.00073595694,0.0015601767,0.0010784321,0.00051269785,0.00051585754,0.0008280984,0.0003290694,0.00010356509,0.00010207597,7.910136e-05,5.7449317e-05,5.3363012e-05,6.315622e-05,6.195737e-05,7.0645365e-05,6.121624e-05,5.769193e-05,6.943883e-05,8.204232e-05,9.619496e-05,0.00015542441,0.00020891371,0.00018761575,0.00019958957,0.00016893908,8.712808e-05,5.4717126e-05,5.9610113e-05,7.76587e-05,7.966539e-05,0.00013236653,0.00012689385,0.00024447613,0.0003562934,0.0006636679,0.00036038994,0.00017568507,0.00011579142,0.00014838325,0.00017009588,0.00019828921,0.00042112498,0.00068047346,0.0008116717,0.0011634496,0.0012356577,0.0008839352,0.0011111166,0.0007417538,0.00077783334,0.0004967951,0.0003571779,0.0003215931,0.00038416882,0.0003239106,0.0002849284,0.0002101493,0.00023684745,0.00019746741,0.0002146169,0.00028598195,0.00012981595,9.227914e-05,3.768488e-05,4.4181783e-05,2.0799858e-05,1.5571262e-05,1.6433684e-06,0.39587277,0.39973268,0.2763798,0.23402989,0.3249775,0.4426591,0.53573495,0.47437885,0.48100647,0.519491,0.41513667,0.37747654,14.606557861610378,13.494943976530713,15.29529368933653,17.39790085104206,18.670179178512733,20.067405571571822,42.40312013314521,3111.4156587715224,1949.1446088721402,0.017144036,5239.202913851352,ABNORMAL
Cold (56),-564.8792,30.43602,-36.369217,26.156898,-61.569923,25.172688,-23.060238,-17.021315,-11.425237,-1.9608296,-5.5821733,-15.629351,0.98636764,-0.7605578,-0.84931237,0.23408252,-0.098404095,0.08258502,0.03523687,0.048511606,0.26157168,-0.056576416,0.1102397,0.01674359,0.20427604,-0.032186065,-0.2954769,0.10169316,0.14146002,0.007980741,0.031878542,0.01935484,-0.0100530125,-0.03618249,0.052186593,0.044508107,0.04268786,0.03588881,0.00029990423,3.7479109e-07,7.5975487e-07,3.5134797e-06,1.8044224e-06,0.0001334347,0.00027415634,0.000576359,0.00063470134,0.0003391811,0.00044861756,5.148491e-05,9.528387e-05,0.0005893881,0.00032758148,0.001265856,0.00027989055,0.0005621619,0.0010884362,0.00062890886,0.0023273474,0.0016225306,0.0036798788,0.0022187943,0.0013322781,0.0021385828,0.0039037738,0.009517888,0.012576294,0.007844497,0.006615455,0.0016720897,0.0033902572,0.0023322261,0.0015106816,0.002068116,0.0012891871,0.0031496678,0.0034781038,0.0022504092,0.0022459566,0.00033469193,0.00035798483,0.0017605821,0.002264288,0.0023658527,0.0027544817,0.0016776634,0.0017517267,0.0021909825,0.0022771514,0.0012192557,0.0011973564,0.0010211695,0.0011543056,0.0014018131,0.0019868135,0.0023625367,0.0025325168,0.0027436109,0.0026446795,0.002007574,0.0010451657,0.00088690553,0.00039589393,0.000113357135,0.00011552506,0.00010502184,4.9083046e-05,3.697028e-05,5.4026277e-05,7.014654e-05,4.7697147e-05,4.6571226e-05,6.9144575e-05,0.00018160073,0.00032249207,0.00022861877,0.00045460725,0.00063081883,0.00015766824,0.00012961088,0.00016376167,0.00034900854,0.0003479517,0.0002839688,0.00022313121,0.00024149586,0.00025092374,0.000315008,0.0007004833,0.00068283646,0.0007965039,0.001383171,0.0024985794,0.0037585967,0.0030068273,0.0011889042,0.0012339936,0.0018183991,0.0026297271,0.0015453988,0.0010423651,0.0011153858,0.00091559667,0.00079393765,0.0005707191,0.00077074365,0.0008593175,0.0005963188,0.00036642913,0.00040722755,0.00028988192,0.00017779454,0.00028808982,0.00015756571,6.1456434e-05,7.0586706e-05,6.511477e-05,3.469944e-05,1.595821e-05,1.697241e-05,1.2930789e-05,9.179376e-06,3.3595925e-06,2.7426859e-06,1.1386874e-06,4.225898e-07,4.9477723e-08,0.2852764,0.31378073,0.35736892,0.31491235,0.37258482,0.46651405,0.51237196,0.45241085,0.4267794,0.3838581,0.31105766,0.29799095,15.59172742605402,11.921128314282113,14.695585256127304,15.652590959123424,21.724597517346584,18.622233594691554,47.558204536485,3292.3599392447904,1885.8889922816484,0.015598207,5388.967413651316,ABNORMAL
Cold (57),-491.50336,52.963383,-59.690533,37.89258,-52.33542,4.4683022,-11.244375,-18.285316,-8.729966,-16.132332,-0.38584557,-24.261297,-1.180765,-0.71584547,0.30862054,0.31922927,-0.1512887,-0.10012546,0.13234173,0.035687506,-0.058871113,0.19431496,0.45143232,-0.18810052,-0.05415295,0.18428631,-0.3227407,0.14362834,0.07393527,-0.054378137,0.11801427,-0.0023534189,-0.0034314822,0.1360149,0.054220174,0.16682899,-0.07695781,0.06865235,0.02958582,1.5224613e-06,3.0862457e-06,1.045432e-05,5.369038e-06,0.0003115688,0.00092408666,0.001945348,0.0031361168,0.0016759243,0.0014672285,0.00011566133,0.00019559315,0.0011366678,0.0006317593,0.008385761,0.006636498,0.014701878,0.0057031135,0.0032953133,0.003659603,0.0045400965,0.010551124,0.008439946,0.005067778,0.004913688,0.0025460927,0.0057943785,0.010881361,0.006787278,0.011793096,0.002389768,0.0044976054,0.008490896,0.0054999124,0.0144211985,0.0038672425,0.007941953,0.007293677,0.004719168,0.032025345,0.020419711,0.023195723,0.053305198,0.02639432,0.023160642,0.016406031,0.011811619,0.007792028,0.007814883,0.008817151,0.01122774,0.010416422,0.008726053,0.010193064,0.009912715,0.0063042436,0.005680435,0.007662177,0.005583676,0.003877821,0.004878865,0.0049116435,0.0041013574,0.0020222075,0.0018743004,0.0044052703,0.004464603,0.002404209,0.0075306664,0.012891118,0.012816665,0.00755703,0.006496277,0.008220814,0.012423628,0.013627122,0.011290284,0.019650135,0.02670589,0.019096345,0.009905774,0.004211722,0.0021479672,0.0017779357,0.0013034657,0.0010227641,0.0010596224,0.0011000833,0.001325585,0.0017775729,0.0020504051,0.004470676,0.003656197,0.0023581255,0.0019803396,0.0008168118,0.00048132695,0.00053225114,0.0006627858,0.0009102882,0.00095134974,0.0006714029,0.00045756865,0.00057958526,0.0005971403,0.00054447906,0.0003183541,0.00020027641,0.00036606006,0.00028071008,0.00014851328,0.00023858093,0.00022989977,0.00025511882,0.00022674045,7.733667e-05,4.8061658e-05,1.5241153e-05,8.292166e-06,7.349993e-06,5.926893e-06,4.1750923e-06,2.7092462e-06,3.2484977e-06,5.9861163e-06,8.375044e-06,5.6704853e-06,3.5443844e-07,0.31559774,0.35418347,0.35349557,0.297212,0.30927414,0.39131412,0.52023256,0.4711625,0.3405683,0.3414208,0.33404776,0.29608536,16.50449618527567,11.946579796996083,15.518615317714833,16.59585006231363,21.32290715539702,18.941316804869373,41.11571520488886,2819.792249172318,1805.8744622588058,0.013795077,4720.415900735294,ABNORMAL
Cold (58),-509.90732,58.24695,-26.232569,36.661255,-47.492783,4.362969,-22.13425,-16.204863,-8.089942,-16.366066,-6.5203824,-19.448538,-1.7009468,-0.85233366,0.10805349,0.11854185,0.0044528814,0.049414705,-0.056689568,-0.059448667,-0.08568894,-0.16851324,-0.0364234,-0.10598117,-0.16628566,0.0857041,-0.26610902,-0.042635348,0.11274039,0.037666205,-0.010765606,0.04976414,0.03969179,0.14702639,0.0029450185,0.02880086,-0.03484069,0.055981576,0.01833447,4.1792746e-06,8.471984e-06,4.942947e-05,2.5385554e-05,0.0004353861,0.0011241302,0.0023653943,0.0039876285,0.002130968,0.0023633495,0.00030675455,0.0005801567,0.0025098682,0.0013949833,0.0104266135,0.004131324,0.008821789,0.006150638,0.0035538976,0.0032814955,0.0025951567,0.005925085,0.008317889,0.004994489,0.007293525,0.0014883932,0.0028679916,0.0020969275,0.0013079641,0.007953931,0.0023413682,0.004942025,0.0013111073,0.00084925967,0.0010275126,0.0006474688,0.0015839039,0.002295786,0.0014854237,0.0017264456,0.00053335645,0.00059438136,0.0010905837,0.0008748819,0.0010250654,0.0015337206,0.001421546,0.00088314246,0.00087379396,0.00096152397,0.0011254953,0.0006773995,0.00021306286,0.0005053558,0.0012779428,0.0010974539,0.0005209755,0.00026710893,0.0003612403,0.001016258,0.0009806189,0.00069430814,0.00088387344,0.0009164979,0.0008120411,0.00081628904,0.000660254,0.00041636344,0.00030739186,0.00020087014,0.00022926857,0.00019234318,0.00029143575,0.00032773853,0.0004958251,0.00044972668,0.00037186872,0.00035971007,0.0004404822,0.0006014497,0.001041194,0.0014170987,0.0012760223,0.00078079244,0.00043107593,0.00028151166,0.00027136644,0.00044613355,0.00052910217,0.0006461616,0.0005609523,0.0004679671,0.00053637853,0.0006866019,0.0010181578,0.00085792417,0.0011373186,0.002393373,0.0017978153,0.0018142075,0.0021080114,0.002375204,0.0024977736,0.0025070591,0.001426159,0.0015124044,0.0014105405,0.0007804243,0.0006052484,0.0007462527,0.0005754062,0.000506622,0.00048069403,0.00050733506,0.00043559165,0.00049098645,0.00046462528,0.00070456683,0.0005584571,0.0003799828,0.00023447626,0.00016666735,0.00017043458,0.00014439673,6.635845e-05,4.185019e-05,3.1673782e-05,1.9051724e-06,0.36642697,0.3459938,0.3328907,0.3547493,0.37526977,0.3839402,0.41312405,0.5413645,0.5500718,0.46837464,0.41617525,0.42593685,15.639108168547091,11.131345019473251,13.97623794929754,15.488257071405112,17.192052365473153,18.84627694816127,43.7378620503521,3089.214146558657,2090.3264835069845,0.03208071,5425.258181330472,ABNORMAL
Cold (59),-555.8428,60.358723,-42.55242,40.237423,-61.683662,2.3372622,-29.305109,-1.7245785,-9.487209,-11.427927,-2.5663502,-17.80193,0.5649021,-1.1911664,0.6013397,0.6825042,-0.5905728,-0.43765154,-0.03564451,0.38338852,0.14329816,-0.03192996,0.1250232,-0.10418775,0.01974532,0.030822633,-0.5180463,-0.060554016,0.13262273,0.052416928,0.15444218,0.026099566,0.12677899,0.06648941,0.05184932,0.017211327,-0.03813817,0.07365844,-0.06546129,4.702885e-06,9.533415e-06,3.3615033e-05,1.7263712e-05,0.00016527306,0.00028518433,0.00059903745,0.0008403621,0.0004490851,0.00040256986,3.741348e-05,6.6164626e-05,0.00029068248,0.00016156113,0.0019297512,0.0009981075,0.0021686917,0.0013678228,0.00079034106,0.0013630678,0.0015272406,0.0035375212,0.0034362522,0.002063303,0.0042880634,0.0012975995,0.002743546,0.0040883,0.002550088,0.010872562,0.0032607238,0.006912972,0.0025326575,0.0016405096,0.0017218451,0.0010855657,0.0026557883,0.0040522027,0.0026218637,0.0029632326,0.0003245526,0.00033700644,0.0008248718,0.00056607544,0.00058554916,0.00068833784,0.0009464798,0.000712932,0.0006732486,0.0005854052,0.0004090508,0.000256783,0.00023999071,0.00023363963,0.0006402313,0.0010588142,0.0009165141,0.0007657323,0.00096234475,0.0020882108,0.0037646694,0.0027506507,0.002648289,0.0039036174,0.0030405105,0.0021986484,0.003659491,0.002018771,0.0009538712,0.0010953338,0.00089028117,0.0004802242,0.0008329993,0.0007123406,0.00040510934,0.000729203,0.0006214211,0.0009293063,0.0014290676,0.00052060164,0.0008276188,0.00062545907,0.0006459351,0.0005340982,0.0005204024,0.00026351868,0.00012172779,0.00012277463,0.0001612712,0.00015889337,0.00015610406,0.00017672415,0.00018362088,0.00024666297,0.00043353165,0.00046019358,0.00036835286,0.0004762889,0.0005038648,0.0006483637,0.0005924816,0.0013588833,0.0014301719,0.0014217381,0.0014324142,0.0015105477,0.00084037386,0.00044117944,0.00040342088,0.00046242916,0.00027448905,0.00015985542,8.746185e-05,3.5321526e-05,3.090272e-05,3.886909e-05,2.959973e-05,4.435978e-05,2.5364801e-05,1.2231264e-05,1.0416831e-05,4.421325e-06,2.940526e-06,2.725276e-06,1.0984298e-06,7.730788e-07,2.7320615e-07,1.1233116e-08,0.31909794,0.35057876,0.31531015,0.2990514,0.2960193,0.39760295,0.52484214,0.5347415,0.4497878,0.34855533,0.34627438,0.32275823,15.296529841172736,11.747898716001895,16.171858166865885,18.650935610989972,19.7071460179087,19.577205473137543,47.4790070766834,2941.2413458463257,1931.971465423818,0.014262401,5164.751144935345,ABNORMAL
